zip,locality,commune,bfs,canton,share,lat,lon,lang
1000,Lausanne 25,Lausanne,5586,VD,100,46.55959,6.68226,fr
1000,Lausanne 26,Lausanne,5586,VD,100,46.55457,6.69593,fr
1000,Lausanne 27,Lausanne,5586,VD,100,46.54207,6.68167,fr
1003,Lausanne,Lausanne,5586,VD,100,46.52058,6.63188,fr
1004,Lausanne,Lausanne,5586,VD,100,46.52829,6.61865,fr
1005,Lausanne,Lausanne,5586,VD,100,46.52090,6.64275,fr
1006,Lausanne,Lausanne,5586,VD,100,46.51285,6.63380,fr
1007,Lausanne,Lausanne,5586,VD,100,46.51792,6.61357,fr
1008,Jouxtens-Mézery,Jouxtens-Mézery,5585,VD,100,46.54951,6.59517,fr
1008,Prilly,Prilly,5589,VD,100,46.53675,6.60453,fr
1009,Pully,Pully,5590,VD,100,46.51250,6.66072,fr
1010,Lausanne,Lausanne,5586,VD,100,46.53743,6.65238,fr
1011,Lausanne,Lausanne,5586,VD,100,46.52543,6.64395,fr
1012,Lausanne,Lausanne,5586,VD,100,46.52645,6.65470,fr
1015,Lausanne,Ecublens (VD),5635,VD,84,46.51962,6.56669,fr
1015,Lausanne,Saint-Sulpice (VD),5648,VD,8,46.51940,6.58459,fr
1015,Lausanne,Chavannes-près-Renens,5627,VD,7,46.52292,6.58431,fr
1018,Lausanne,Lausanne,5586,VD,100,46.53510,6.62951,fr
1020,Renens VD,Renens (VD),5591,VD,100,46.53791,6.58942,fr
1022,Chavannes-près-Renens,Chavannes-près-Renens,5627,VD,100,46.53185,6.57519,fr
1023,Crissier,Crissier,5583,VD,99,46.55347,6.57752,fr
1023,Crissier,Lausanne,5586,VD,0,46.55901,6.58957,fr
1024,Ecublens VD,Ecublens (VD),5635,VD,100,46.52498,6.55987,fr
1025,St-Sulpice VD,Saint-Sulpice (VD),5648,VD,100,46.51277,6.56237,fr
1026,Denges,Denges,5632,VD,100,46.52051,6.53966,fr
1026,Echandens,Echandens,5633,VD,100,46.53558,6.54189,fr
1027,Lonay,Lonay,5638,VD,100,46.52651,6.51907,fr
1028,Préverenges,Préverenges,5643,VD,100,46.51596,6.52878,fr
1029,Villars-Ste-Croix,Villars-Sainte-Croix,5651,VD,100,46.56735,6.56355,fr
1030,Bussigny,Bussigny,5624,VD,100,46.55170,6.55508,fr
1031,Mex VD,Mex (VD),5489,VD,98,46.57690,6.56114,fr
1031,Mex VD,Vufflens-la-Ville,5503,VD,1,46.56564,6.55075,fr
1032,Romanel-sur-Lausanne,Romanel-sur-Lausanne,5592,VD,80,46.56294,6.60389,fr
1032,Romanel-sur-Lausanne,Lausanne,5586,VD,19,46.57115,6.61164,fr
1033,Cheseaux-sur-Lausanne,Cheseaux-sur-Lausanne,5582,VD,92,46.58535,6.60514,fr
1033,Cheseaux-sur-Lausanne,Lausanne,5586,VD,6,46.57900,6.60852,fr
1033,Cheseaux-sur-Lausanne,Crissier,5583,VD,0,46.57322,6.58671,fr
1034,Boussens,Boussens,5473,VD,100,46.60325,6.58440,fr
1035,Bournens,Bournens,5472,VD,100,46.60393,6.56277,fr
1036,Sullens,Sullens,5501,VD,100,46.59218,6.56658,fr
1037,Etagnières,Etagnières,5521,VD,100,46.60046,6.61308,fr
1038,Bercher,Bercher,5512,VD,99,46.69123,6.70823,fr
1038,Bercher,Montanaire,5693,VD,0,46.69572,6.71807,fr
1038,Bercher,Boulens,5661,VD,0,46.69542,6.71769,fr
1040,Echallens,Echallens,5518,VD,100,46.64103,6.63480,fr
1040,St-Barthélemy VD,Saint-Barthélemy (VD),5535,VD,100,46.63610,6.60198,fr
1040,Villars-le-Terroir,Villars-le-Terroir,5537,VD,100,46.65560,6.63908,fr
1041,Bottens,Bottens,5514,VD,100,46.61632,6.66072,fr
1041,Dommartin,Montilliez,5540,VD,100,46.64862,6.70143,fr
1041,Montaubion-Chardonney,Jorat-Menthue,5804,VD,100,46.64597,6.71205,fr
1041,Naz,Montilliez,5540,VD,100,46.65816,6.69555,fr
1041,Poliez-Pittet,Poliez-Pittet,5533,VD,100,46.62788,6.68309,fr
1041,Poliez-le-Grand,Montilliez,5540,VD,100,46.63714,6.66403,fr
1042,Assens,Assens,5511,VD,100,46.61251,6.62362,fr
1042,Bettens,Bettens,5471,VD,100,46.62647,6.57673,fr
1042,Bioley-Orjulaz,Assens,5511,VD,100,46.62035,6.59742,fr
1043,Sugnens,Montilliez,5540,VD,100,46.65571,6.67215,fr
1044,Fey,Fey,5522,VD,100,46.67496,6.68260,fr
1045,Ogens,Ogens,5680,VD,98,46.71069,6.72402,fr
1045,Ogens,Bioley-Magnoux,5903,VD,1,46.71967,6.73095,fr
1046,Rueyres,Rueyres,5534,VD,100,46.69393,6.69453,fr
1047,Oppens,Oppens,5923,VD,100,46.71419,6.69394,fr
1052,Le Mont-sur-Lausanne,Le Mont-sur-Lausanne,5587,VD,100,46.55394,6.63446,fr
1053,Bretigny-sur-Morrens,Bretigny-sur-Morrens,5515,VD,100,46.59633,6.64218,fr
1053,Cugy VD,Cugy (VD),5516,VD,89,46.58454,6.64157,fr
1053,Cugy VD,Lausanne,5586,VD,10,46.59172,6.65860,fr
1054,Morrens VD,Morrens (VD),5527,VD,100,46.59096,6.62734,fr
1055,Froideville,Froideville,5523,VD,100,46.60113,6.68167,fr
1058,Villars-Tiercelin,Jorat-Menthue,5804,VD,100,46.62616,6.70548,fr
1059,Peney-le-Jorat,Jorat-Menthue,5804,VD,97,46.63212,6.72891,fr
1059,Peney-le-Jorat,Hermenches,5673,VD,2,46.63928,6.74100,fr
1061,Villars-Mendraz,Jorat-Menthue,5804,VD,100,46.64631,6.72876,fr
1062,Sottens,Jorat-Menthue,5804,VD,100,46.65554,6.74191,fr
1063,Boulens,Boulens,5661,VD,100,46.68136,6.71983,fr
1063,Chapelle-sur-Moudon,Montanaire,5693,VD,100,46.66955,6.73623,fr
1063,Martherenges,Montanaire,5693,VD,100,46.66098,6.75341,fr
1063,Peyres-Possens,Montanaire,5693,VD,96,46.66141,6.70725,fr
1063,Peyres-Possens,Jorat-Menthue,5804,VD,3,46.66048,6.71874,fr
1066,Epalinges,Epalinges,5584,VD,100,46.54945,6.66798,fr
1068,Les Monts-de-Pully,Pully,5590,VD,100,46.53662,6.68996,fr
1070,Puidoux,Puidoux,5607,VD,99,46.49795,6.77703,fr
1070,Puidoux,Bourg-en-Lavaux,5613,VD,0,46.50426,6.75474,fr
1071,St-Saphorin (Lavaux),Saint-Saphorin (Lavaux),5610,VD,100,46.47615,6.79450,fr
1071,Chexbres,Chexbres,5601,VD,99,46.48223,6.77875,fr
1071,Rivaz,Rivaz,5609,VD,98,46.47599,6.77916,fr
1071,Rivaz,Puidoux,5607,VD,1,46.47493,6.77729,fr
1071,Chexbres,Rivaz,5609,VD,0,46.47927,6.77905,fr
1072,Forel (Lavaux),Forel (Lavaux),5604,VD,100,46.53624,6.76344,fr
1073,Mollie-Margot,Savigny,5611,VD,100,46.55517,6.74673,fr
1073,Savigny,Savigny,5611,VD,100,46.54150,6.72272,fr
1076,Ferlens VD,Jorat-Mézières,5806,VD,100,46.58813,6.78618,fr
1077,Servion,Servion,5799,VD,100,46.57326,6.78158,fr
1078,Essertes,Oron,5805,VD,100,46.56146,6.78668,fr
1080,Les Cullayes,Servion,5799,VD,99,46.57340,6.75431,fr
1080,Les Cullayes,Forel (Lavaux),5604,VD,0,46.56524,6.75980,fr
1081,Montpreveyres,Montpreveyres,5792,VD,100,46.58081,6.73887,fr
1082,Corcelles-le-Jorat,Corcelles-le-Jorat,5785,VD,100,46.60645,6.73896,fr
1083,Mézières VD,Jorat-Mézières,5806,VD,100,46.59464,6.77127,fr
1084,Carrouge VD,Jorat-Mézières,5806,VD,99,46.60331,6.77321,fr
1084,Carrouge VD,Vulliens,5803,VD,0,46.60006,6.78965,fr
1085,Vulliens,Vulliens,5803,VD,99,46.62225,6.79289,fr
1085,Vulliens,Rue,2097,FR,0,46.64404,6.80466,fr
1088,Ropraz,Ropraz,5798,VD,100,46.61165,6.75355,fr
1090,La Croix (Lutry),Lutry,5606,VD,99,46.51694,6.69946,fr
1090,La Croix (Lutry),Savigny,5611,VD,0,46.51824,6.71612,fr
1091,Chenaux,Bourg-en-Lavaux,5613,VD,100,46.49496,6.72881,fr
1091,Aran,Bourg-en-Lavaux,5613,VD,99,46.50331,6.71286,fr
1091,Grandvaux,Bourg-en-Lavaux,5613,VD,99,46.49983,6.72038,fr
1091,Aran,Savigny,5611,VD,0,46.51831,6.72008,fr
1091,Grandvaux,Forel (Lavaux),5604,VD,0,46.51340,6.73989,fr
1092,Belmont-sur-Lausanne,Belmont-sur-Lausanne,5581,VD,99,46.52203,6.68173,fr
1092,Belmont-sur-Lausanne,Lutry,5606,VD,0,46.52468,6.69243,fr
1093,La Conversion,Lutry,5606,VD,100,46.51425,6.68567,fr
1094,Paudex,Paudex,5588,VD,100,46.50724,6.67303,fr
1095,Lutry,Lutry,5606,VD,99,46.50581,6.68802,fr
1095,Lutry,Bourg-en-Lavaux,5613,VD,0,46.50145,6.70690,fr
1095,Lutry,Paudex,5588,VD,0,46.50867,6.67559,fr
1096,Villette (Lavaux),Bourg-en-Lavaux,5613,VD,100,46.49441,6.70908,fr
1096,Cully,Bourg-en-Lavaux,5613,VD,94,46.48932,6.72819,fr
1096,Cully,Puidoux,5607,VD,5,46.48478,6.75444,fr
1097,Riex,Bourg-en-Lavaux,5613,VD,100,46.49497,6.73734,fr
1098,Epesses,Bourg-en-Lavaux,5613,VD,95,46.49196,6.74724,fr
1098,Epesses,Puidoux,5607,VD,4,46.48630,6.75675,fr
1110,Morges,Morges,5642,VD,100,46.51337,6.49572,fr
1112,Echichens,Echichens,5634,VD,100,46.52790,6.49813,fr
1113,St-Saphorin-sur-Morges,Echichens,5634,VD,100,46.54690,6.48923,fr
1114,Colombier VD,Echichens,5634,VD,100,46.55645,6.47296,fr
1115,Vullierens,Vullierens,5654,VD,100,46.57448,6.48341,fr
1116,Cottens VD,Hautemorges,5656,VD,100,46.57217,6.45456,fr
1117,Grancy,Grancy,5485,VD,100,46.59168,6.46446,fr
1121,Bremblens,Bremblens,5622,VD,100,46.54578,6.51730,fr
1122,Romanel-sur-Morges,Romanel-sur-Morges,5645,VD,100,46.55557,6.50954,fr
1123,Aclens,Aclens,5621,VD,100,46.56744,6.51210,fr
1124,Gollion,Gollion,5484,VD,100,46.58465,6.50854,fr
1125,Monnaz,Echichens,5634,VD,100,46.52837,6.48012,fr
1126,Vaux-sur-Morges,Vaux-sur-Morges,5650,VD,100,46.53564,6.46375,fr
1127,Clarmont,Clarmont,5629,VD,100,46.54693,6.44968,fr
1128,Reverolle,Hautemorges,5656,VD,100,46.54134,6.43810,fr
1131,Tolochenaz,Tolochenaz,5649,VD,100,46.50311,6.47701,fr
1132,Lully VD,Lully (VD),5639,VD,100,46.50544,6.46330,fr
1134,Chigny,Chigny,5628,VD,100,46.51695,6.47902,fr
1134,Vufflens-le-Château,Vufflens-le-Château,5653,VD,100,46.52685,6.46879,fr
1135,Denens,Denens,5631,VD,100,46.51816,6.45497,fr
1136,Bussy-Chardonney,Hautemorges,5656,VD,100,46.52978,6.44250,fr
1141,Sévery,Hautemorges,5656,VD,100,46.57525,6.43922,fr
1142,Pampigny,Hautemorges,5656,VD,100,46.58021,6.42745,fr
1143,Apples,Hautemorges,5656,VD,100,46.55342,6.43124,fr
1144,Ballens,Ballens,5423,VD,100,46.55362,6.37454,fr
1145,Bière,Bière,5425,VD,99,46.53603,6.33499,fr
1145,Bière,Saint-Livres,5435,VD,0,46.52749,6.36191,fr
1146,Mollens VD,Mollens (VD),5431,VD,100,46.57715,6.36238,fr
1147,Montricher,Montricher,5492,VD,100,46.60011,6.37690,fr
1148,Cuarnens,Cuarnens,5479,VD,100,46.62479,6.43828,fr
1148,L'Isle,L'Isle,5486,VD,100,46.61975,6.41149,fr
1148,La Coudre,L'Isle,5486,VD,100,46.63844,6.40281,fr
1148,La Praz,La Praz,5758,VD,100,46.66707,6.42677,fr
1148,Mauraz,Mauraz,5488,VD,100,46.60566,6.42213,fr
1148,Moiry VD,Moiry,5490,VD,100,46.64887,6.45360,fr
1148,Mont-la-Ville,Mont-la-Ville,5491,VD,100,46.64576,6.40812,fr
1148,Villars-Bozon,L'Isle,5486,VD,100,46.60648,6.40719,fr
1148,Chavannes-le-Veyron,Chavannes-le-Veyron,5475,VD,98,46.60638,6.45094,fr
1148,Chavannes-le-Veyron,La Chaux (Cossonay),5474,VD,1,46.60921,6.45862,fr
1149,Berolle,Berolle,5424,VD,100,46.55933,6.33735,fr
1162,St-Prex,Saint-Prex,5646,VD,98,46.48147,6.45205,fr
1162,St-Prex,Lully (VD),5639,VD,1,46.49430,6.47123,fr
1163,Etoy,Etoy,5636,VD,100,46.48442,6.41746,fr
1164,Buchillon,Buchillon,5623,VD,100,46.46979,6.41892,fr
1165,Allaman,Allaman,5851,VD,100,46.47022,6.39444,fr
1166,Perroy,Perroy,5860,VD,98,46.46777,6.36138,fr
1166,Perroy,Féchy,5427,VD,1,46.46760,6.37709,fr
1167,Lussy-sur-Morges,Lussy-sur-Morges,5640,VD,100,46.50253,6.44996,fr
1168,Villars-sous-Yens,Villars-sous-Yens,5652,VD,100,46.51055,6.42973,fr
1169,Yens,Yens,5655,VD,100,46.52028,6.41935,fr
1170,Aubonne,Aubonne,5422,VD,98,46.49345,6.38966,fr
1170,Aubonne,Lavigny,5637,VD,1,46.48833,6.40454,fr
1172,Bougy-Villars,Bougy-Villars,5426,VD,96,46.48004,6.35491,fr
1172,Bougy-Villars,Aubonne,5422,VD,3,46.48523,6.35004,fr
1173,Féchy,Féchy,5427,VD,100,46.48061,6.37160,fr
1174,Montherod,Aubonne,5422,VD,100,46.49961,6.36507,fr
1174,Pizy,Aubonne,5422,VD,100,46.49165,6.35234,fr
1175,Lavigny,Lavigny,5637,VD,100,46.50174,6.40427,fr
1176,St-Livres,Saint-Livres,5435,VD,100,46.50799,6.38699,fr
1180,Tartegnin,Tartegnin,5862,VD,92,46.46666,6.31557,fr
1180,Rolle,Rolle,5861,VD,89,46.45789,6.33528,fr
1180,Rolle,Essertines-sur-Rolle,5856,VD,7,46.47245,6.32009,fr
1180,Tartegnin,Essertines-sur-Rolle,5856,VD,7,46.46648,6.31778,fr
1180,Rolle,Gilly,5857,VD,3,46.45164,6.31851,fr
1182,Gilly,Gilly,5857,VD,100,46.45791,6.29762,fr
1183,Bursins,Bursins,5853,VD,96,46.45232,6.28919,fr
1183,Bursins,Gilly,5857,VD,3,46.45291,6.29260,fr
1184,Luins,Luins,5858,VD,100,46.44280,6.27157,fr
1184,Vinzel,Vinzel,5863,VD,100,46.44756,6.28049,fr
1185,Mont-sur-Rolle,Mont-sur-Rolle,5859,VD,99,46.46904,6.33938,fr
1185,Mont-sur-Rolle,Essertines-sur-Rolle,5856,VD,0,46.46412,6.32447,fr
1186,Essertines-sur-Rolle,Essertines-sur-Rolle,5856,VD,98,46.49137,6.31694,fr
1186,Essertines-sur-Rolle,Gilly,5857,VD,1,46.47762,6.29994,fr
1187,St-Oyens,Saint-Oyens,5436,VD,100,46.49782,6.30634,fr
1188,Gimel,Gimel,5428,VD,100,46.51147,6.30689,fr
1188,St-George,Saint-George,5434,VD,100,46.51393,6.26294,fr
1189,Saubraz,Saubraz,5437,VD,100,46.51436,6.32997,fr
1195,Dully,Dully,5855,VD,100,46.43089,6.29892,fr
1195,Bursinel,Bursinel,5852,VD,99,46.44021,6.30723,fr
1195,Bursinel,Gilly,5857,VD,0,46.44732,6.30938,fr
1196,Gland,Gland,5721,VD,100,46.42117,6.27031,fr
1197,Prangins,Prangins,5725,VD,100,46.39629,6.24821,fr
1201,Genève,Genève,6621,GE,100,46.20980,6.14391,fr
1202,Genève,Genève,6621,GE,99,46.21638,6.13681,fr
1202,Genève,Pregny-Chambésy,6634,GE,0,46.23242,6.13427,fr
1203,Genève,Genève,6621,GE,100,46.20815,6.12335,fr
1204,Genève,Genève,6621,GE,100,46.20213,6.14654,fr
1205,Genève,Genève,6621,GE,100,46.19564,6.14232,fr
1206,Genève,Genève,6621,GE,100,46.19154,6.15605,fr
1207,Genève,Genève,6621,GE,100,46.20315,6.16002,fr
1208,Genève,Genève,6621,GE,100,46.19819,6.16707,fr
1209,Genève,Genève,6621,GE,98,46.22158,6.12384,fr
1209,Genève,Vernier,6643,GE,1,46.21813,6.11499,fr
1209,Genève,Le Grand-Saconnex,6623,GE,0,46.22616,6.12442,fr
1212,Grand-Lancy,Lancy,6628,GE,91,46.17868,6.11944,fr
1212,Grand-Lancy,Onex,6631,GE,7,46.17635,6.10689,fr
1212,Grand-Lancy,Plan-les-Ouates,6633,GE,0,46.17437,6.10084,fr
1213,Onex,Onex,6631,GE,99,46.18262,6.10255,fr
1213,Petit-Lancy,Lancy,6628,GE,97,46.19158,6.11741,fr
1213,Petit-Lancy,Genève,6621,GE,2,46.19874,6.11935,fr
1213,Onex,Lancy,6628,GE,0,46.18343,6.11037,fr
1214,Vernier,Vernier,6643,GE,90,46.21303,6.08049,fr
1214,Vernier,Satigny,6638,GE,8,46.21243,6.06681,fr
1214,Vernier,Meyrin,6630,GE,1,46.21978,6.07058,fr
1215,Genève,Le Grand-Saconnex,6623,GE,50,46.23535,6.11128,fr
1215,Genève,Meyrin,6630,GE,49,46.22646,6.10004,fr
1216,Cointrin,Meyrin,6630,GE,69,46.22429,6.10634,fr
1216,Cointrin,Vernier,6643,GE,30,46.22283,6.11277,fr
1216,Cointrin,Le Grand-Saconnex,6623,GE,0,46.22407,6.11408,fr
1217,Meyrin,Meyrin,6630,GE,100,46.23035,6.07706,fr
1218,Le Grand-Saconnex,Le Grand-Saconnex,6623,GE,99,46.22968,6.11871,fr
1218,Le Grand-Saconnex,Genève,6621,GE,0,46.23099,6.13218,fr
1219,Aïre,Vernier,6643,GE,100,46.19860,6.09869,fr
1219,Châtelaine,Vernier,6643,GE,100,46.21338,6.10970,fr
1219,Le Lignon,Vernier,6643,GE,100,46.20465,6.09953,fr
1220,Les Avanchets,Vernier,6643,GE,100,46.22074,6.10901,fr
1222,Vésenaz,Collonge-Bellerive,6616,GE,100,46.24177,6.20277,fr
1223,Cologny,Cologny,6617,GE,100,46.21808,6.18728,fr
1224,Chêne-Bougeries,Chêne-Bougeries,6612,GE,100,46.19982,6.18574,fr
1225,Chêne-Bourg,Chêne-Bourg,6613,GE,100,46.19741,6.19792,fr
1226,Thônex,Thônex,6640,GE,100,46.19582,6.20739,fr
1227,Carouge GE,Carouge (GE),6608,GE,99,46.18264,6.14064,fr
1227,Les Acacias,Genève,6621,GE,93,46.19166,6.13548,fr
1227,Les Acacias,Lancy,6628,GE,5,46.18929,6.12641,fr
1227,Les Acacias,Carouge (GE),6608,GE,1,46.18861,6.13903,fr
1227,Carouge GE,Genève,6621,GE,0,46.18917,6.13089,fr
1228,Plan-les-Ouates,Plan-les-Ouates,6633,GE,99,46.16778,6.11889,fr
1228,Plan-les-Ouates,Lancy,6628,GE,0,46.16861,6.13741,fr
1228,Plan-les-Ouates,Confignon,6618,GE,0,46.17072,6.10331,fr
1231,Conches,Chêne-Bougeries,6612,GE,100,46.18743,6.17597,fr
1232,Confignon,Confignon,6618,GE,99,46.17631,6.08576,fr
1232,Confignon,Bernex,6607,GE,0,46.16941,6.07565,fr
1233,Bernex,Bernex,6607,GE,100,46.17226,6.07205,fr
1234,Vessy,Veyrier,6645,GE,100,46.17193,6.15798,fr
1236,Cartigny,Cartigny,6609,GE,95,46.17394,6.02211,fr
1236,Cartigny,Bernex,6607,GE,2,46.17243,6.04597,fr
1236,Cartigny,Avusy,6604,GE,1,46.16227,6.01979,fr
1236,Cartigny,Laconnex,6627,GE,0,46.16302,6.02095,fr
1237,Avully,Avully,6603,GE,99,46.16862,5.99653,fr
1237,Avully,Chancy,6611,GE,0,46.15982,5.97651,fr
1239,Collex,Collex-Bossy,6615,GE,100,46.27199,6.12256,fr
1241,Puplinge,Puplinge,6636,GE,100,46.20969,6.23176,fr
1242,Satigny,Satigny,6638,GE,100,46.21480,6.03852,fr
1243,Presinge,Presinge,6635,GE,100,46.21560,6.25516,fr
1244,Choulex,Choulex,6614,GE,100,46.22524,6.22187,fr
1245,Collonge-Bellerive,Collonge-Bellerive,6616,GE,100,46.25779,6.20324,fr
1246,Corsier GE,Corsier (GE),6619,GE,100,46.26341,6.22139,fr
1247,Anières,Anières,6602,GE,100,46.27889,6.22728,fr
1248,Hermance,Hermance,6625,GE,100,46.29979,6.24413,fr
1251,Gy,Gy,6624,GE,100,46.25202,6.25681,fr
1252,Meinier,Meinier,6629,GE,100,46.24420,6.23215,fr
1253,Vandoeuvres,Vandoeuvres,6642,GE,100,46.21563,6.20289,fr
1254,Jussy,Jussy,6626,GE,99,46.23428,6.26268,fr
1254,Jussy,Gy,6624,GE,0,46.24625,6.27727,fr
1255,Veyrier,Veyrier,6645,GE,100,46.16717,6.17844,fr
1256,Troinex,Troinex,6641,GE,100,46.16467,6.14627,fr
1257,La Croix-de-Rozon,Bardonnex,6605,GE,98,46.14738,6.12207,fr
1257,La Croix-de-Rozon,Plan-les-Ouates,6633,GE,1,46.15722,6.13802,fr
1258,Perly,Perly-Certoux,6632,GE,95,46.15634,6.09065,fr
1258,Perly,Bardonnex,6605,GE,4,46.15318,6.09739,fr
1260,Nyon,Nyon,5724,VD,99,46.38507,6.23223,fr
1260,Nyon,Prangins,5725,VD,0,46.39242,6.23919,fr
1261,Le Vaud,Le Vaud,5731,VD,100,46.47717,6.23723,fr
1261,Longirod,Longirod,5429,VD,100,46.49557,6.25828,fr
1261,Marchissy,Marchissy,5430,VD,100,46.48869,6.24590,fr
1262,Eysins,Eysins,5716,VD,100,46.38077,6.20691,fr
1263,Crassier,Crassier,5714,VD,100,46.37399,6.16589,fr
1264,St-Cergue,Saint-Cergue,5727,VD,99,46.44823,6.15546,fr
1264,St-Cergue,Arzier-Le Muids,5702,VD,0,46.46483,6.14322,fr
1265,La Cure,Saint-Cergue,5727,VD,100,46.46262,6.07623,fr
1266,Duillier,Duillier,5715,VD,100,46.41041,6.23559,fr
1267,Coinsins,Coinsins,5710,VD,100,46.42459,6.23430,fr
1267,Vich,Vich,5732,VD,100,46.42833,6.25129,fr
1268,Begnins,Begnins,5704,VD,100,46.44175,6.24758,fr
1268,Burtigny,Burtigny,5854,VD,92,46.46708,6.25815,fr
1268,Burtigny,Bursins,5853,VD,6,46.45754,6.27873,fr
1268,Burtigny,Vinzel,5863,VD,1,46.45689,6.27295,fr
1269,Bassins,Bassins,5703,VD,100,46.46750,6.22932,fr
1270,Trélex,Trélex,5730,VD,100,46.41677,6.20275,fr
1271,Givrins,Givrins,5720,VD,100,46.43059,6.20026,fr
1272,Genolier,Genolier,5718,VD,99,46.43725,6.21481,fr
1272,Genolier,Givrins,5720,VD,0,46.43774,6.19947,fr
1273,Arzier-Le Muids,Arzier-Le Muids,5702,VD,100,46.45609,6.20956,fr
1274,Grens,Grens,5722,VD,100,46.39449,6.19132,fr
1274,Signy,Signy-Avenex,5728,VD,100,46.39043,6.19888,fr
1275,Chéserex,Chéserex,5709,VD,99,46.40016,6.17333,fr
1275,Chéserex,La Rippe,5726,VD,0,46.39858,6.14784,fr
1276,Gingins,Gingins,5719,VD,99,46.41115,6.17691,fr
1276,Gingins,Saint-Cergue,5727,VD,0,46.42517,6.17492,fr
1276,Gingins,Chéserex,5709,VD,0,46.42519,6.09964,fr
1277,Arnex-sur-Nyon,Arnex-sur-Nyon,5701,VD,100,46.37521,6.19230,fr
1277,Borex,Borex,5706,VD,100,46.38052,6.17699,fr
1278,La Rippe,La Rippe,5726,VD,100,46.38395,6.15126,fr
1279,Bogis-Bossey,Bogis-Bossey,5705,VD,100,46.35271,6.16580,fr
1279,Chavannes-de-Bogis,Chavannes-de-Bogis,5707,VD,100,46.34267,6.16279,fr
1281,Russin,Russin,6637,GE,99,46.18911,6.01548,fr
1281,Russin,Satigny,6638,GE,0,46.20734,6.00033,fr
1283,Dardagny,Dardagny,6620,GE,100,46.19525,5.99418,fr
1283,La Plaine,Dardagny,6620,GE,100,46.17786,6.00389,fr
1284,Chancy,Chancy,6611,GE,100,46.14952,5.97337,fr
1285,Athenaz (Avusy),Avusy,6604,GE,96,46.14866,6.00432,fr
1285,Athenaz (Avusy),Chancy,6611,GE,3,46.15379,5.99153,fr
1286,Soral,Soral,6639,GE,99,46.14269,6.04255,fr
1286,Soral,Bernex,6607,GE,0,46.15589,6.05246,fr
1287,Laconnex,Laconnex,6627,GE,100,46.15580,6.03640,fr
1288,Aire-la-Ville,Aire-la-Ville,6601,GE,100,46.18935,6.04323,fr
1290,Chavannes-des-Bois,Chavannes-des-Bois,5708,VD,100,46.31562,6.13301,fr
1290,Versoix,Versoix,6644,GE,96,46.28373,6.16015,fr
1290,Versoix,Collex-Bossy,6615,GE,3,46.27848,6.13831,fr
1290,Versoix,Mies,5723,VD,0,46.29874,6.15793,fr
1291,Commugny,Commugny,5711,VD,100,46.32170,6.17636,fr
1292,Chambésy,Pregny-Chambésy,6634,GE,99,46.24411,6.14053,fr
1292,Chambésy,Genève,6621,GE,0,46.22773,6.14684,fr
1293,Bellevue,Bellevue,6606,GE,100,46.25536,6.14593,fr
1294,Genthod,Genthod,6622,GE,100,46.26481,6.15140,fr
1295,Mies,Mies,5723,VD,100,46.30306,6.17117,fr
1295,Tannay,Tannay,5729,VD,100,46.31020,6.17769,fr
1296,Coppet,Coppet,5712,VD,99,46.32151,6.18958,fr
1296,Coppet,Founex,5717,VD,0,46.32624,6.19812,fr
1297,Founex,Founex,5717,VD,99,46.33343,6.19318,fr
1297,Founex,Coppet,5712,VD,0,46.32846,6.18786,fr
1298,Céligny,Céligny,6610,GE,100,46.34976,6.19901,fr
1299,Crans VD,Crans (VD),5713,VD,100,46.36107,6.21107,fr
1302,Vufflens-la-Ville,Vufflens-la-Ville,5503,VD,100,46.57830,6.53776,fr
1303,Penthaz,Penthaz,5496,VD,100,46.59753,6.53867,fr
1304,Allens,Cossonay,5477,VD,100,46.60004,6.50906,fr
1304,Cossonay-Ville,Cossonay,5477,VD,100,46.61281,6.50632,fr
1304,Dizy,Dizy,5481,VD,100,46.63514,6.49606,fr
1304,Senarclens,Senarclens,5499,VD,100,46.59930,6.48853,fr
1305,Penthalaz,Penthalaz,5495,VD,100,46.61054,6.52568,fr
1306,Daillens,Daillens,5480,VD,98,46.62098,6.54893,fr
1306,Daillens,Bettens,5471,VD,1,46.61895,6.56099,fr
1307,Lussery-Villars,Lussery-Villars,5487,VD,100,46.63257,6.52661,fr
1308,La Chaux (Cossonay),La Chaux (Cossonay),5474,VD,100,46.61643,6.47323,fr
1312,Eclépens,Eclépens,5482,VD,100,46.65174,6.53276,fr
1313,Ferreyres,Ferreyres,5483,VD,100,46.65855,6.48491,fr
1315,La Sarraz,La Sarraz,5498,VD,100,46.65834,6.50985,fr
1316,Chevilly,Chevilly,5476,VD,96,46.64276,6.47652,fr
1316,Chevilly,La Chaux (Cossonay),5474,VD,3,46.63401,6.46692,fr
1317,Orny,Orny,5493,VD,100,46.66792,6.52629,fr
1318,Pompaples,Pompaples,5497,VD,100,46.66712,6.51053,fr
1321,Arnex-sur-Orbe,Arnex-sur-Orbe,5743,VD,100,46.69335,6.51885,fr
1322,Croy,Croy,5752,VD,100,46.69423,6.47695,fr
1323,Romainmôtier,Romainmôtier-Envy,5761,VD,100,46.69422,6.46446,fr
1324,Premier,Premier,5759,VD,100,46.70505,6.44481,fr
1325,Vaulion,Vaulion,5765,VD,98,46.68776,6.38726,fr
1325,Vaulion,Mont-la-Ville,5491,VD,1,46.66314,6.36856,fr
1326,Juriens,Juriens,5754,VD,100,46.69028,6.44819,fr
1329,Bretonnières,Bretonnières,5748,VD,100,46.71308,6.47299,fr
1337,Vallorbe,Vallorbe,5764,VD,100,46.71349,6.38145,fr
1338,Ballaigues,Ballaigues,5744,VD,100,46.73039,6.41387,fr
1341,L'Orient,Le Chenit,5872,VD,100,46.60175,6.23945,fr
1342,Le Pont,L'Abbaye,5871,VD,100,46.66981,6.33662,fr
1343,Les Charbonnières,Le Lieu,5873,VD,100,46.66734,6.31512,fr
1344,L'Abbaye,L'Abbaye,5871,VD,100,46.64959,6.31962,fr
1345,Le Lieu,Le Lieu,5873,VD,100,46.64554,6.27678,fr
1345,Le Séchey,Le Lieu,5873,VD,100,46.65984,6.29926,fr
1346,Les Bioux,L'Abbaye,5871,VD,100,46.61996,6.26950,fr
1347,Le Sentier,Le Chenit,5872,VD,100,46.60640,6.22945,fr
1347,Le Solliat,Le Chenit,5872,VD,100,46.61839,6.23281,fr
1348,Le Brassus,Le Chenit,5872,VD,100,46.58521,6.20936,fr
1350,Orbe,Orbe,5757,VD,100,46.72460,6.53291,fr
1352,Agiez,Agiez,5742,VD,100,46.71956,6.50815,fr
1353,Bofflens,Bofflens,5747,VD,100,46.70436,6.49874,fr
1354,Montcherand,Montcherand,5756,VD,100,46.73361,6.50920,fr
1355,L'Abergement,L'Abergement,5741,VD,100,46.75424,6.48847,fr
1355,Sergey,Sergey,5762,VD,100,46.75083,6.50012,fr
1356,La Russille,Les Clées,5750,VD,100,46.73629,6.47949,fr
1356,Les Clées,Les Clées,5750,VD,100,46.73175,6.46170,fr
1357,Lignerolle,Lignerolle,5755,VD,97,46.74170,6.45685,fr
1357,Lignerolle,L'Abergement,5741,VD,2,46.76220,6.46006,fr
1358,Valeyres-sous-Rances,Valeyres-sous-Rances,5763,VD,100,46.75275,6.52394,fr
1372,Bavois,Bavois,5746,VD,95,46.68319,6.56628,fr
1372,Bavois,Orny,5493,VD,4,46.66571,6.54956,fr
1373,Chavornay,Chavornay,5749,VD,100,46.70604,6.57087,fr
1374,Corcelles-sur-Chavornay,Chavornay,5749,VD,100,46.70339,6.59957,fr
1375,Penthéréaz,Penthéréaz,5531,VD,100,46.68257,6.60371,fr
1376,Eclagnens,Goumoëns,5541,VD,100,46.65156,6.59176,fr
1376,Goumoens-la-Ville,Goumoëns,5541,VD,100,46.65922,6.60515,fr
1376,Goumoens-le-Jux,Goumoëns,5541,VD,100,46.66580,6.58747,fr
1377,Oulens-sous-Echallens,Oulens-sous-Echallens,5529,VD,100,46.64349,6.57766,fr
1400,Yverdon-les-Bains,Yverdon-les-Bains,5938,VD,100,46.77804,6.64051,fr
1400,Cheseaux-Noréaz,Cheseaux-Noréaz,5909,VD,99,46.78105,6.67044,fr
1400,Cheseaux-Noréaz,Cuarny,5911,VD,0,46.77520,6.67305,fr
1404,Cuarny,Cuarny,5911,VD,100,46.77036,6.68914,fr
1404,Villars-Epeney,Villars-Epeney,5935,VD,100,46.78193,6.69658,fr
1405,Pomy,Pomy,5926,VD,100,46.76072,6.66815,fr
1406,Cronay,Cronay,5910,VD,100,46.75663,6.69708,fr
1407,Bioley-Magnoux,Bioley-Magnoux,5903,VD,100,46.72599,6.71097,fr
1407,Donneloye,Donneloye,5913,VD,100,46.74478,6.71572,fr
1407,Gossens,Donneloye,5913,VD,100,46.74078,6.70137,fr
1407,Mézery-près-Donneloye,Donneloye,5913,VD,100,46.74879,6.72733,fr
1408,Prahins,Donneloye,5913,VD,100,46.73481,6.73996,fr
1409,Chanéaz,Montanaire,5693,VD,100,46.72921,6.74287,fr
1410,Correvon,Montanaire,5693,VD,100,46.71584,6.73773,fr
1410,Denezy,Montanaire,5693,VD,100,46.72110,6.78470,fr
1410,Prévondavaux,Prévondavaux,2038,FR,100,46.72814,6.79446,fr
1410,St-Cierges,Montanaire,5693,VD,100,46.68916,6.73498,fr
1410,Thierrens,Montanaire,5693,VD,100,46.70339,6.75525,fr
1412,Ursins,Ursins,5932,VD,100,46.73523,6.66863,fr
1412,Valeyres-sous-Ursins,Valeyres-sous-Ursins,5934,VD,100,46.74537,6.65479,fr
1413,Orzens,Orzens,5925,VD,100,46.72353,6.68274,fr
1415,Démoret,Démoret,5912,VD,100,46.74720,6.75664,fr
1415,Molondin,Molondin,5921,VD,100,46.76035,6.74937,fr
1416,Pailly,Pailly,5530,VD,100,46.70021,6.67388,fr
1417,Epautheyres,Essertines-sur-Yverdon,5520,VD,100,46.73863,6.64260,fr
1417,Essertines-sur-Yverdon,Essertines-sur-Yverdon,5520,VD,100,46.71586,6.64058,fr
1418,Vuarrens,Vuarrens,5539,VD,100,46.68767,6.64755,fr
1420,Fiez,Fiez,5556,VD,100,46.82827,6.62432,fr
1421,Fontaines-sur-Grandson,Fontaines-sur-Grandson,5557,VD,100,46.83540,6.61926,fr
1421,Grandevent,Grandevent,5560,VD,100,46.83940,6.60622,fr
1422,Grandson,Grandson,5561,VD,100,46.80622,6.63853,fr
1423,Romairon,Tévenon,5571,VD,100,46.85069,6.64161,fr
1423,Vaugondry,Tévenon,5571,VD,100,46.84671,6.63683,fr
1423,Villars-Burquin,Tévenon,5571,VD,100,46.84751,6.62823,fr
1423,Fontanezier,Tévenon,5571,VD,72,46.85443,6.65346,fr
1423,Fontanezier,Bonvillars,5551,VD,27,46.86069,6.66563,fr
1424,Champagne,Champagne,5553,VD,100,46.83203,6.65751,fr
1425,Onnens VD,Onnens (VD),5565,VD,100,46.83881,6.68860,fr
1426,Concise,Concise,5554,VD,100,46.85310,6.72067,fr
1426,Corcelles-près-Concise,Corcelles-près-Concise,5555,VD,100,46.84580,6.70887,fr
1427,Bonvillars,Bonvillars,5551,VD,100,46.83847,6.67092,fr
1428,Mutrux,Mutrux,5563,VD,100,46.88275,6.72692,fr
1428,Provence,Provence,5566,VD,100,46.89214,6.72008,fr
1429,Giez,Giez,5559,VD,100,46.81233,6.61685,fr
1430,Orges,Orges,5924,VD,100,46.80856,6.58782,fr
1431,Novalles,Novalles,5564,VD,100,46.82873,6.59598,fr
1431,Vugelles-La Mothe,Vugelles-La Mothe,5937,VD,100,46.82250,6.57414,fr
1432,Belmont-sur-Yverdon,Belmont-sur-Yverdon,5902,VD,100,46.74487,6.62417,fr
1432,Gressy,Yverdon-les-Bains,5938,VD,100,46.75118,6.63856,fr
1433,Suchy,Suchy,5929,VD,100,46.72334,6.59907,fr
1434,Ependes VD,Ependes (VD),5914,VD,100,46.74352,6.60813,fr
1435,Essert-Pittet,Chavornay,5749,VD,100,46.72756,6.58263,fr
1436,Chamblon,Chamblon,5904,VD,100,46.77798,6.60603,fr
1436,Treycovagnes,Treycovagnes,5931,VD,100,46.77598,6.61165,fr
1437,Suscévaz,Suscévaz,5930,VD,100,46.76475,6.57997,fr
1438,Mathod,Mathod,5919,VD,100,46.76654,6.56417,fr
1439,Rances,Rances,5760,VD,100,46.76236,6.53095,fr
1441,Valeyres-sous-Montagny,Valeyres-sous-Montagny,5933,VD,100,46.79837,6.61110,fr
1442,Montagny-près-Yverdon,Montagny-près-Yverdon,5922,VD,100,46.79168,6.61353,fr
1443,Essert-sous-Champvent,Champvent,5905,VD,100,46.79279,6.58482,fr
1443,Villars-sous-Champvent,Champvent,5905,VD,100,46.78494,6.58586,fr
1443,Champvent,Champvent,5905,VD,99,46.78285,6.57243,fr
1443,Champvent,Vuiteboeuf,5766,VD,0,46.79608,6.57275,fr
1445,Vuiteboeuf,Vuiteboeuf,5766,VD,98,46.80642,6.55301,fr
1445,Vuiteboeuf,Sainte-Croix,5568,VD,1,46.81241,6.55176,fr
1446,Baulmes,Baulmes,5745,VD,100,46.78999,6.52205,fr
1450,La Sagne (Ste-Croix),Sainte-Croix,5568,VD,100,46.81512,6.49806,fr
1450,Le Château-de-Ste-Croix,Sainte-Croix,5568,VD,100,46.81907,6.53150,fr
1450,Ste-Croix,Sainte-Croix,5568,VD,100,46.82241,6.50282,fr
1452,Les Rasses,Bullet,5552,VD,84,46.82954,6.54001,fr
1452,Les Rasses,Sainte-Croix,5568,VD,15,46.82742,6.52950,fr
1453,Bullet,Bullet,5552,VD,97,46.83151,6.55415,fr
1453,Mauborget,Mauborget,5562,VD,79,46.85608,6.61578,fr
1453,Mauborget,Tévenon,5571,VD,9,46.87247,6.62956,fr
1453,Mauborget,Fontaines-sur-Grandson,5557,VD,7,46.86820,6.58913,fr
1453,Mauborget,Grandevent,5560,VD,3,46.84864,6.59531,fr
1453,Bullet,Fiez,5556,VD,2,46.86794,6.56033,fr
1454,La Vraconnaz,Sainte-Croix,5568,VD,100,46.84062,6.48408,fr
1454,L'Auberson,Sainte-Croix,5568,VD,99,46.81944,6.46221,fr
1454,L'Auberson,Baulmes,5745,VD,0,46.80674,6.44758,fr
1462,Yvonand,Yvonand,5939,VD,100,46.79898,6.74357,fr
1463,Rovray,Rovray,5928,VD,100,46.78714,6.76753,fr
1464,Chavannes-le-Chêne,Chavannes-le-Chêne,5907,VD,100,46.77661,6.77866,fr
1464,Chêne-Pâquier,Chêne-Pâquier,5908,VD,100,46.77059,6.76851,fr
1468,Cheyres,Cheyres-Châbles,2055,FR,100,46.81817,6.78844,fr
1470,Bollion,Lully (FR),2025,FR,100,46.81794,6.82677,fr
1470,Lully FR,Lully (FR),2025,FR,100,46.83345,6.84507,fr
1470,Seiry,Lully (FR),2025,FR,100,46.81369,6.83172,fr
1470,Estavayer-le-Lac,Estavayer,2054,FR,99,46.84813,6.84787,fr
1470,Estavayer-le-Lac,Lully (FR),2025,FR,0,46.83829,6.84893,fr
1473,Châtillon FR,Châtillon (FR),2008,FR,100,46.83190,6.83118,fr
1473,Font,Estavayer,2054,FR,100,46.83665,6.82194,fr
1474,Châbles FR,Cheyres-Châbles,2055,FR,100,46.82260,6.80712,fr
1475,Autavaux,Estavayer,2054,FR,100,46.86406,6.87946,fr
1475,Forel FR,Estavayer,2054,FR,100,46.87313,6.89061,fr
1475,Montbrelloz,Estavayer,2054,FR,100,46.85529,6.88466,fr
1482,Cugy FR,Cugy (FR),2011,FR,100,46.81393,6.89019,fr
1483,Frasses,Les Montets,2050,FR,100,46.82661,6.86409,fr
1483,Montet (Broye),Les Montets,2050,FR,100,46.81611,6.86851,fr
1483,Vesin,Cugy (FR),2011,FR,100,46.80882,6.87178,fr
1484,Aumont,Les Montets,2050,FR,100,46.79925,6.85047,fr
1484,Granges-de-Vesin,Les Montets,2050,FR,100,46.81108,6.84245,fr
1485,Nuvilly,Nuvilly,2035,FR,95,46.78345,6.83405,fr
1485,Nuvilly,Valbroye,5831,VD,4,46.77588,6.84062,fr
1486,Vuissens,Estavayer,2054,FR,100,46.73690,6.76458,fr
1489,Murist,Estavayer,2054,FR,100,46.79353,6.81075,fr
1509,Vucherens,Vucherens,5692,VD,100,46.62526,6.77747,fr
1510,Syens,Syens,5688,VD,100,46.64590,6.77959,fr
1510,Moudon,Moudon,5678,VD,99,46.66966,6.79732,fr
1510,Moudon,Chavannes-sur-Moudon,5665,VD,0,46.67002,6.82259,fr
1512,Chavannes-sur-Moudon,Chavannes-sur-Moudon,5665,VD,100,46.65673,6.80972,fr
1513,Rossenges,Rossenges,5684,VD,100,46.65346,6.77576,fr
1513,Hermenches,Hermenches,5673,VD,99,46.64090,6.75877,fr
1513,Hermenches,Corcelles-le-Jorat,5785,VD,0,46.62310,6.74485,fr
1514,Bussy-sur-Moudon,Bussy-sur-Moudon,5663,VD,100,46.68597,6.80986,fr
1515,Neyruz-sur-Moudon,Montanaire,5693,VD,100,46.69791,6.78766,fr
1515,Villars-le-Comte,Villars-le-Comte,5690,VD,100,46.71065,6.79905,fr
1521,Curtilles,Curtilles,5669,VD,100,46.69956,6.84902,fr
1522,Lucens,Lucens,5675,VD,100,46.70752,6.83685,fr
1522,Oulens-sur-Lucens,Lucens,5675,VD,100,46.70386,6.80855,fr
1523,Granges-près-Marnand,Valbroye,5831,VD,100,46.76236,6.88715,fr
1524,Marnand,Valbroye,5831,VD,100,46.75720,6.89957,fr
1525,Henniez,Henniez,5819,VD,100,46.74191,6.88323,fr
1525,Seigneux,Valbroye,5831,VD,93,46.72832,6.87584,fr
1525,Seigneux,Surpierre,2044,FR,6,46.72823,6.86322,fr
1526,Cremin,Lucens,5675,VD,100,46.72617,6.84249,fr
1526,Forel-sur-Lucens,Lucens,5675,VD,100,46.72766,6.82231,fr
1527,Villeneuve FR,Surpierre,2044,FR,100,46.74709,6.86874,fr
1528,Praratoud,Surpierre,2044,FR,100,46.73551,6.84618,fr
1528,Surpierre,Surpierre,2044,FR,100,46.74611,6.85893,fr
1529,Cheiry,Surpierre,2044,FR,100,46.75070,6.83675,fr
1530,Payerne,Payerne,5822,VD,100,46.82093,6.93815,fr
1532,Fétigny,Fétigny-Ménières,2056,FR,100,46.79712,6.91432,fr
1533,Ménières,Fétigny-Ménières,2056,FR,100,46.78309,6.88063,fr
1534,Chapelle (Broye),Surpierre,2044,FR,100,46.76886,6.85059,fr
1534,Sassel,Valbroye,5831,VD,94,46.77636,6.85749,fr
1534,Sassel,Les Montets,2050,FR,5,46.78719,6.86156,fr
1535,Combremont-le-Grand,Valbroye,5831,VD,100,46.76181,6.81881,fr
1536,Combremont-le-Petit,Valbroye,5831,VD,100,46.74894,6.80831,fr
1537,Champtauroz,Champtauroz,5812,VD,100,46.76049,6.78917,fr
1538,Treytorrens (Payerne),Treytorrens (Payerne),5828,VD,100,46.77191,6.80031,fr
1541,Bussy FR,Estavayer,2054,FR,100,46.83582,6.88640,fr
1541,Morens FR,Estavayer,2054,FR,100,46.84396,6.90608,fr
1541,Sévaz,Sévaz,2043,FR,100,46.83829,6.87357,fr
1542,Rueyres-les-Prés,Estavayer,2054,FR,100,46.85942,6.91517,fr
1543,Grandcour,Grandcour,5817,VD,100,46.87195,6.92911,fr
1544,Gletterens,Gletterens,2022,FR,100,46.90088,6.93554,fr
1545,Chevroux,Chevroux,5813,VD,100,46.88958,6.90435,fr
1551,Vers-chez-Perrin,Payerne,5822,VD,100,46.79869,6.94499,fr
1552,Trey,Trey,5827,VD,100,46.77100,6.92217,fr
1553,Châtonnaye,Châtonnaye,2068,FR,100,46.75286,6.93839,fr
1554,Rossens VD,Villarzel,5830,VD,100,46.73575,6.92341,fr
1554,Sédeilles,Villarzel,5830,VD,100,46.74818,6.93329,fr
1555,Villarzel,Villarzel,5830,VD,100,46.74788,6.91276,fr
1562,Corcelles-près-Payerne,Corcelles-près-Payerne,5816,VD,99,46.83134,6.96062,fr
1562,Corcelles-près-Payerne,Montagny (FR),2029,FR,0,46.82734,6.96494,fr
1562,Corcelles-près-Payerne,Payerne,5822,VD,0,46.84324,6.94619,fr
1563,Dompierre FR,Belmont-Broye,2053,FR,100,46.85201,6.98961,fr
1564,Domdidier,Belmont-Broye,2053,FR,99,46.86485,7.01492,fr
1564,Domdidier,Avenches,5451,VD,0,46.87560,7.01149,fr
1565,Missy,Missy,5821,VD,100,46.87948,6.96909,fr
1565,Vallon,Vallon,2045,FR,100,46.88128,6.95338,fr
1566,Les Friques,Saint-Aubin (FR),2041,FR,100,46.90267,6.98860,fr
1566,St-Aubin FR,Saint-Aubin (FR),2041,FR,100,46.89057,6.98096,fr
1567,Delley,Delley-Portalban,2051,FR,100,46.91198,6.96771,fr
1568,Portalban,Delley-Portalban,2051,FR,100,46.91838,6.95578,fr
1580,Donatyre,Avenches,5451,VD,100,46.87594,7.05844,fr
1580,Avenches,Avenches,5451,VD,98,46.88099,7.04075,fr
1580,Oleyres,Avenches,5451,VD,84,46.85419,7.03794,fr
1580,Oleyres,Belmont-Broye,2053,FR,15,46.85992,7.03635,fr
1580,Avenches,Belmont-Broye,2053,FR,1,46.87421,7.03264,fr
1583,Villarepos,Courtepin,2254,FR,100,46.88389,7.07670,fr
1584,Villars-le-Grand,Vully-les-Lacs,5464,VD,100,46.90572,6.99049,fr
1585,Bellerive VD,Vully-les-Lacs,5464,VD,100,46.92440,7.02498,fr
1585,Cotterd,Vully-les-Lacs,5464,VD,100,46.92410,7.02919,fr
1585,Salavaux,Vully-les-Lacs,5464,VD,100,46.91690,7.02646,fr
1586,Vallamand,Vully-les-Lacs,5464,VD,100,46.92931,7.03907,fr
1587,Constantine,Vully-les-Lacs,5464,VD,100,46.91802,7.01110,fr
1587,Montmagny,Vully-les-Lacs,5464,VD,100,46.92614,7.01022,fr
1588,Cudrefin,Cudrefin,5456,VD,100,46.95381,7.02227,fr
1589,Chabrey,Vully-les-Lacs,5464,VD,100,46.92614,6.98014,fr
1595,Clavaleyres,Murten,2275,FR,100,46.89961,7.09112,de
1595,Faoug,Faoug,5458,VD,100,46.90712,7.07586,fr
1607,Les Tavernes,Oron,5805,VD,100,46.55232,6.81086,fr
1607,Palézieux,Oron,5805,VD,100,46.54187,6.84043,fr
1607,Palézieux-Village,Oron,5805,VD,100,46.55350,6.83156,fr
1607,Les Thioleyres,Oron,5805,VD,86,46.53910,6.81314,fr
1607,Les Thioleyres,Puidoux,5607,VD,13,46.53706,6.80847,fr
1608,Bussigny-sur-Oron,Oron,5805,VD,100,46.56890,6.85989,fr
1608,Chapelle (Glâne),Rue,2097,FR,100,46.58738,6.83751,fr
1608,Chesalles-sur-Oron,Oron,5805,VD,100,46.57634,6.85331,fr
1608,Oron-le-Châtel,Oron,5805,VD,100,46.57532,6.84096,fr
1609,Besencens,Saint-Martin (FR),2335,FR,100,46.58579,6.86704,fr
1609,Fiaugères,Saint-Martin (FR),2335,FR,100,46.58655,6.89142,fr
1609,St-Martin FR,Saint-Martin (FR),2335,FR,100,46.57586,6.87380,fr
1610,Châtillens,Oron,5805,VD,100,46.56763,6.81386,fr
1610,Oron-la-Ville,Oron,5805,VD,100,46.57043,6.82613,fr
1610,Vuibroye,Oron,5805,VD,100,46.57093,6.80621,fr
1611,Le Crêt-près-Semsales,La Verrerie,2338,FR,100,46.60646,6.91618,fr
1612,Ecoteaux,Oron,5805,VD,100,46.54651,6.86064,fr
1613,Maracon,Maracon,5790,VD,100,46.55186,6.87184,fr
1614,Granges (Veveyse),Granges (Veveyse),2328,FR,100,46.52536,6.82963,fr
1615,Bossonnens,Bossonnens,2323,FR,100,46.52556,6.85111,fr
1616,Attalens,Attalens,2321,FR,100,46.50891,6.85114,fr
1617,Remaufens,Remaufens,2333,FR,100,46.52998,6.88012,fr
1617,Tatroz,Attalens,2321,FR,100,46.52526,6.86862,fr
1618,Châtel-St-Denis,Châtel-Saint-Denis,2325,FR,99,46.52720,6.90374,fr
1618,Châtel-St-Denis,Remaufens,2333,FR,0,46.52793,6.88941,fr
1619,Les Paccots,Châtel-Saint-Denis,2325,FR,100,46.51890,6.95152,fr
1623,Semsales,Semsales,2336,FR,100,46.57262,6.92983,fr
1624,Grattavache,La Verrerie,2338,FR,100,46.59547,6.91874,fr
1624,La Verrerie,La Verrerie,2338,FR,100,46.58889,6.92014,fr
1624,Progens,La Verrerie,2338,FR,100,46.58479,6.91198,fr
1625,Maules,Sâles,2152,FR,100,46.63835,6.99099,fr
1625,Sâles (Gruyère),Sâles,2152,FR,100,46.63333,6.97019,fr
1626,Romanens,Sâles,2152,FR,100,46.65188,6.97362,fr
1626,Rueyres-Treyfayes,Sâles,2152,FR,100,46.64930,6.95635,fr
1627,Vaulruz,Vaulruz,2155,FR,97,46.62133,6.98789,fr
1627,Vaulruz,Sâles,2152,FR,1,46.60648,6.95655,fr
1627,Vaulruz,Semsales,2336,FR,0,46.60036,6.95745,fr
1628,Vuadens,Vuadens,2160,FR,98,46.61583,7.01876,fr
1628,Vuadens,Riaz,2148,FR,0,46.62888,7.02736,fr
1628,Vuadens,Echarlens,2131,FR,0,46.63169,7.03134,fr
1628,Vuadens,Vaulruz,2155,FR,0,46.59386,6.97986,fr
1630,Bulle,Bulle,2125,FR,99,46.62054,7.05661,fr
1630,Bulle,Vuadens,2160,FR,0,46.61076,7.03251,fr
1630,Bulle,Semsales,2336,FR,0,46.57269,6.98999,fr
1630,Bulle,Vaulruz,2155,FR,0,46.58038,6.98835,fr
1632,Riaz,Riaz,2148,FR,100,46.64006,7.05803,fr
1633,Marsens,Marsens,2140,FR,100,46.65641,7.05938,fr
1633,Vuippens,Marsens,2140,FR,100,46.65970,7.07672,fr
1634,La Roche FR,La Roche,2149,FR,99,46.69557,7.14106,fr
1634,La Roche FR,Hauteville,2137,FR,0,46.67687,7.13728,fr
1635,La Tour-de-Trême,Bulle,2125,FR,96,46.60887,7.05881,fr
1635,La Tour-de-Trême,Gruyères,2135,FR,2,46.58489,7.01419,fr
1635,La Tour-de-Trême,Le Pâquier (FR),2145,FR,1,46.60845,7.03912,fr
1636,Broc,Broc,2124,FR,98,46.60486,7.10121,fr
1636,Broc,Gruyères,2135,FR,1,46.59487,7.15364,fr
1637,Charmey (Gruyère),Val-de-Charmey,2163,FR,99,46.62091,7.16726,fr
1637,Charmey (Gruyère),Jaun,2138,FR,0,46.57849,7.20084,fr
1638,Morlon,Morlon,2143,FR,100,46.62489,7.08327,fr
1642,Sorens,Sorens,2153,FR,100,46.67057,7.05294,fr
1643,Gumefens,Pont-en-Ogoz,2122,FR,100,46.67738,7.07623,fr
1644,Avry-devant-Pont,Pont-en-Ogoz,2122,FR,100,46.68651,7.08684,fr
1645,Le Bry,Pont-en-Ogoz,2122,FR,100,46.70080,7.08470,fr
1646,Echarlens,Echarlens,2131,FR,98,46.64664,7.07504,fr
1646,Echarlens,Corbières,2129,FR,1,46.66083,7.09015,fr
1647,Corbières,Corbières,2129,FR,99,46.65912,7.10533,fr
1647,Corbières,Hauteville,2137,FR,0,46.66274,7.12288,fr
1648,Hauteville,Hauteville,2137,FR,100,46.67361,7.11227,fr
1649,Pont-la-Ville,Pont-la-Ville,2147,FR,100,46.69653,7.11359,fr
1651,Villarvolard,Corbières,2129,FR,100,46.64493,7.10904,fr
1652,Botterens,Botterens,2123,FR,100,46.61827,7.11346,fr
1652,Villarbeney,Botterens,2123,FR,100,46.62856,7.11077,fr
1653,Crésuz,Crésuz,2130,FR,100,46.62061,7.14175,fr
1653,Châtel-sur-Montsalvens,Châtel-sur-Montsalvens,2128,FR,99,46.61367,7.12661,fr
1653,Châtel-sur-Montsalvens,Broc,2124,FR,0,46.61044,7.11740,fr
1654,Cerniat FR,Val-de-Charmey,2163,FR,100,46.64256,7.17066,fr
1656,Im Fang,Jaun,2138,FR,100,46.59934,7.23787,de
1656,Jaun,Jaun,2138,FR,100,46.60991,7.28287,de
1657,Abländschen,Saanen,843,BE,87,46.57255,7.28902,de
1657,Abländschen,Boltigen,791,BE,6,46.56694,7.29118,de
1657,Abländschen,Jaun,2138,FR,5,46.58332,7.29891,de
1658,La Tine,Rossinière,5842,VD,100,46.47043,7.05107,fr
1658,Rossinière,Rossinière,5842,VD,100,46.46749,7.08298,fr
1659,Rougemont,Rougemont,5843,VD,99,46.49068,7.20890,fr
1659,Flendruz,Château-d'Oex,5841,VD,67,46.48563,7.17496,fr
1659,Flendruz,Rougemont,5843,VD,32,46.52735,7.18647,fr
1659,Rougemont,Château-d'Oex,5841,VD,0,46.47586,7.17939,fr
1660,Château-d'Oex,Château-d'Oex,5841,VD,100,46.47503,7.13629,fr
1660,L'Etivaz,Château-d'Oex,5841,VD,100,46.42397,7.14974,fr
1660,Les Moulins,Château-d'Oex,5841,VD,100,46.46004,7.10898,fr
1660,La Lécherette,Château-d'Oex,5841,VD,96,46.42500,7.10454,fr
1660,La Lécherette,Ormont-Dessous,5410,VD,3,46.41597,7.05479,fr
1661,Le Pâquier-Montbarry,Le Pâquier (FR),2145,FR,99,46.59353,7.05508,fr
1661,Le Pâquier-Montbarry,Bulle,2125,FR,0,46.59905,7.03796,fr
1661,Le Pâquier-Montbarry,Gruyères,2135,FR,0,46.59213,7.06908,fr
1663,Epagny,Gruyères,2135,FR,100,46.59192,7.08514,fr
1663,Gruyères,Gruyères,2135,FR,100,46.58279,7.08171,fr
1663,Pringy,Gruyères,2135,FR,100,46.58059,7.06882,fr
1663,Moléson-sur-Gruyères,Gruyères,2135,FR,97,46.56575,7.03680,fr
1663,Moléson-sur-Gruyères,Bas-Intyamon,2162,FR,2,46.56232,7.04417,fr
1665,Estavannens,Bas-Intyamon,2162,FR,100,46.56376,7.10313,fr
1666,Grandvillard,Grandvillard,2134,FR,100,46.53948,7.08549,fr
1666,Villars-sous-Mont,Bas-Intyamon,2162,FR,100,46.54018,7.06893,fr
1667,Enney,Bas-Intyamon,2162,FR,100,46.56540,7.08138,fr
1669,Albeuve,Haut-Intyamon,2121,FR,100,46.51617,7.05465,fr
1669,Les Sciernes-d'Albeuve,Haut-Intyamon,2121,FR,100,46.49615,7.03605,fr
1669,Lessoc,Haut-Intyamon,2121,FR,100,46.50648,7.06279,fr
1669,Montbovon,Haut-Intyamon,2121,FR,100,46.48450,7.03576,fr
1669,Neirivue,Haut-Intyamon,2121,FR,100,46.52645,7.05926,fr
1670,Bionnens,Ursy,2102,FR,100,46.63534,6.85467,fr
1670,Esmonts,Ursy,2102,FR,100,46.64202,6.84375,fr
1670,Ursy,Ursy,2102,FR,100,46.63380,6.83872,fr
1673,Auboranges,Rue,2097,FR,100,46.58325,6.80412,fr
1673,Ecublens FR,Rue,2097,FR,100,46.60834,6.80987,fr
1673,Gillarens,Rue,2097,FR,100,46.58921,6.82830,fr
1673,Promasens,Rue,2097,FR,100,46.60249,6.82370,fr
1673,Rue,Rue,2097,FR,100,46.62158,6.82358,fr
1674,Montet (Glâne),Ursy,2102,FR,100,46.64451,6.81550,fr
1674,Morlens,Ursy,2102,FR,100,46.65274,6.83636,fr
1674,Vuarmarens,Ursy,2102,FR,100,46.64397,6.82925,fr
1675,Mossel,Ursy,2102,FR,100,46.61213,6.85796,fr
1675,Vauderens,Ursy,2102,FR,100,46.62281,6.84977,fr
1675,Blessens,Rue,2097,FR,99,46.60795,6.83735,fr
1675,Blessens,Ursy,2102,FR,0,46.60689,6.84438,fr
1676,Chavannes-les-Forts,Siviriez,2099,FR,100,46.65186,6.89622,fr
1677,Prez-vers-Siviriez,Siviriez,2099,FR,100,46.63757,6.87578,fr
1678,Siviriez,Siviriez,2099,FR,100,46.65783,6.87670,fr
1679,Villaraboud,Siviriez,2099,FR,100,46.66133,6.91099,fr
1680,Berlens,Mézières (FR),2087,FR,100,46.69410,6.95266,fr
1680,Romont FR,Romont (FR),2096,FR,97,46.69408,6.91338,fr
1680,Romont FR,Villaz,2117,FR,1,46.70584,6.93751,fr
1680,Romont FR,Siviriez,2099,FR,0,46.67303,6.89359,fr
1680,Romont FR,Mézières (FR),2087,FR,0,46.69114,6.93432,fr
1681,Billens,Billens-Hennens,2063,FR,100,46.68987,6.89772,fr
1681,Hennens,Billens-Hennens,2063,FR,100,46.68275,6.88396,fr
1682,Cerniaz VD,Valbroye,5831,VD,100,46.72618,6.89598,fr
1682,Dompierre VD,Dompierre (VD),5671,VD,100,46.70897,6.88189,fr
1682,Lovatens,Lovatens,5674,VD,100,46.69141,6.86520,fr
1682,Prévonloup,Prévonloup,5683,VD,100,46.70034,6.88296,fr
1682,Villars-Bramard,Valbroye,5831,VD,100,46.71901,6.89893,fr
1683,Brenles,Lucens,5675,VD,100,46.67148,6.85397,fr
1683,Chesalles-sur-Moudon,Lucens,5675,VD,100,46.67522,6.83386,fr
1683,Sarzens,Lucens,5675,VD,100,46.68221,6.84939,fr
1684,Mézières FR,Mézières (FR),2087,FR,100,46.67712,6.92800,fr
1685,Villariaz,Vuisternens-devant-Romont,2113,FR,100,46.66266,6.94098,fr
1686,Grangettes-près-Romont,Grangettes,2079,FR,100,46.67713,6.96355,fr
1686,La Neirigue,Vuisternens-devant-Romont,2113,FR,100,46.68428,6.95478,fr
1687,Estévenens,Vuisternens-devant-Romont,2113,FR,100,46.66773,6.96010,fr
1687,La Magne,Vuisternens-devant-Romont,2113,FR,100,46.63790,6.93025,fr
1687,Vuisternens-devant-Romont,Vuisternens-devant-Romont,2113,FR,100,46.65122,6.92866,fr
1688,Lieffrens,Vuisternens-devant-Romont,2113,FR,100,46.63610,6.90129,fr
1688,Sommentier,Vuisternens-devant-Romont,2113,FR,100,46.63740,6.91171,fr
1689,Le Châtelard-près-Romont,Le Châtelard,2067,FR,100,46.67793,6.98479,fr
1690,Lussy FR,Villaz,2117,FR,100,46.71576,6.94365,fr
1690,Villaz-St-Pierre,Villaz,2117,FR,95,46.72050,6.95793,fr
1690,Villaz-St-Pierre,Villorsonnens,2114,FR,4,46.72121,6.97072,fr
1691,Villarimboud,Villaz,2117,FR,100,46.73954,6.96294,fr
1692,Massonnens,Massonnens,2086,FR,100,46.69844,6.97451,fr
1694,Chavannes-sous-Orsonnens,Villorsonnens,2114,FR,100,46.72626,6.98956,fr
1694,Orsonnens,Villorsonnens,2114,FR,100,46.71504,6.99471,fr
1694,Villargiroud,Villorsonnens,2114,FR,100,46.70362,7.00136,fr
1694,Villarsiviriaux,Villorsonnens,2114,FR,100,46.69805,7.01179,fr
1695,Estavayer-le-Gibloux,Gibloux,2236,FR,100,46.72221,7.02475,fr
1695,Rueyres-St-Laurent,Gibloux,2236,FR,100,46.71424,7.03428,fr
1695,Villarlod,Gibloux,2236,FR,100,46.70232,7.02398,fr
1695,Villarsel-le-Gibloux,Gibloux,2236,FR,100,46.71300,7.01777,fr
1696,Vuisternens-en-Ogoz,Gibloux,2236,FR,100,46.70603,7.05442,fr
1697,La Joux FR,Vuisternens-devant-Romont,2113,FR,100,46.62545,6.93622,fr
1697,Les Ecasseys,Vuisternens-devant-Romont,2113,FR,100,46.62139,6.90505,fr
1699,Bouloz,Le Flon,2337,FR,100,46.61228,6.88231,fr
1699,Pont (Veveyse),Le Flon,2337,FR,100,46.59099,6.85319,fr
1699,Porsel,Le Flon,2337,FR,100,46.60190,6.86668,fr
1700,Fribourg,Fribourg,2196,FR,95,46.80515,7.15528,fr
1700,Fribourg,Tafers,2306,FR,3,46.80562,7.18491,fr
1700,Fribourg,Düdingen,2293,FR,1,46.81567,7.18117,fr
1712,Tafers,Tafers,2306,FR,99,46.81520,7.21917,de
1712,Tafers,Schmitten (FR),2305,FR,0,46.82726,7.24818,de
1713,St. Antoni,Tafers,2306,FR,99,46.82061,7.26333,de
1713,St. Antoni,Schmitten (FR),2305,FR,0,46.83412,7.26197,de
1714,Heitenried,Heitenried,2296,FR,66,46.82926,7.30162,de
1714,Heitenried,Tafers,2306,FR,33,46.82578,7.29076,de
1715,Alterswil FR,Tafers,2306,FR,97,46.79452,7.26438,de
1715,Alterswil FR,St. Ursen,2304,FR,2,46.77760,7.27164,de
1716,Oberschrot,Plaffeien,2299,FR,100,46.73979,7.27709,de
1716,Plaffeien,Plaffeien,2299,FR,100,46.73503,7.28986,de
1716,Schwarzsee,Plaffeien,2299,FR,92,46.67691,7.28967,de
1716,Schwarzsee,Val-de-Charmey,2163,FR,3,46.65206,7.26463,de
1716,Schwarzsee,Jaun,2138,FR,3,46.65683,7.29259,de
1716,Schwarzsee,Plasselb,2300,FR,0,46.67414,7.25068,de
1717,St. Ursen,St. Ursen,2304,FR,98,46.78913,7.21662,de
1717,St. Ursen,Tafers,2306,FR,1,46.79853,7.21950,de
1718,Rechthalten,Rechthalten,2301,FR,92,46.76669,7.24427,de
1718,Rechthalten,St. Ursen,2304,FR,7,46.77432,7.26333,de
1719,Zumholz,Plaffeien,2299,FR,100,46.75536,7.29139,de
1719,Brünisried,Brünisried,2292,FR,99,46.75602,7.27950,de
1719,Brünisried,Plaffeien,2299,FR,0,46.74842,7.28486,de
1720,Corminboeuf,Corminboeuf,2183,FR,100,46.81080,7.10535,fr
1720,Chésopelloz,Corminboeuf,2183,FR,98,46.80758,7.08100,fr
1720,Chésopelloz,Belfaux,2175,FR,1,46.80847,7.06937,fr
1721,Cormérod,Misery-Courtion,2272,FR,100,46.86467,7.08663,fr
1721,Cournillens,Misery-Courtion,2272,FR,100,46.85786,7.10078,fr
1721,Courtion,Misery-Courtion,2272,FR,100,46.85749,7.07077,fr
1721,Misery,Misery-Courtion,2272,FR,99,46.85215,7.06701,fr
1721,Misery,Avenches,5451,VD,0,46.85746,7.05436,fr
1722,Bourguillon,Fribourg,2196,FR,100,46.80031,7.17483,fr
1723,Marly,Marly,2206,FR,100,46.77813,7.15763,fr
1723,Pierrafortscha,Pierrafortscha,2216,FR,100,46.78207,7.18090,fr
1723,Villarsel-sur-Marly,Villarsel-sur-Marly,2230,FR,100,46.76248,7.16936,fr
1724,Ferpicloz,Ferpicloz,2194,FR,100,46.74725,7.16584,fr
1724,Montévraz,Le Mouret,2220,FR,100,46.73805,7.17509,fr
1724,Oberried FR,Le Mouret,2220,FR,100,46.73528,7.18735,fr
1724,Zénauva,Le Mouret,2220,FR,100,46.73630,7.18104,fr
1724,Le Mouret,Le Mouret,2220,FR,98,46.74972,7.17784,fr
1724,Bonnefontaine,Le Mouret,2220,FR,96,46.74098,7.19785,fr
1724,Essert FR,Le Mouret,2220,FR,95,46.73734,7.16403,fr
1724,Senèdes,Bois-d'Amont,2238,FR,95,46.74211,7.14317,fr
1724,Essert FR,Treyvaux,2226,FR,4,46.73004,7.16042,fr
1724,Senèdes,Treyvaux,2226,FR,4,46.73938,7.14684,fr
1724,Bonnefontaine,St. Silvester,2303,FR,3,46.75161,7.19699,fr
1724,Le Mouret,Villarsel-sur-Marly,2230,FR,1,46.76167,7.18618,fr
1725,Posieux,Hauterive (FR),2233,FR,96,46.76371,7.09895,fr
1725,Posieux,Marly,2206,FR,1,46.76901,7.12696,fr
1725,Posieux,Bois-d'Amont,2238,FR,1,46.76901,7.12348,fr
1726,Farvagny-le-Grand,Gibloux,2236,FR,100,46.72033,7.06645,fr
1726,Farvagny-le-Petit,Gibloux,2236,FR,100,46.72879,7.07320,fr
1726,Grenilles,Gibloux,2236,FR,100,46.72688,7.04854,fr
1726,Posat,Gibloux,2236,FR,100,46.73629,7.05558,fr
1727,Corpataux,Gibloux,2236,FR,100,46.74259,7.09512,fr
1727,Magnedens,Gibloux,2236,FR,100,46.74250,7.08099,fr
1728,Rossens FR,Gibloux,2236,FR,100,46.72008,7.10335,fr
1730,Ecuvillens,Hauterive (FR),2233,FR,100,46.75616,7.08320,fr
1731,Ependes FR,Bois-d'Amont,2238,FR,100,46.75429,7.14797,fr
1732,Arconciel,Bois-d'Amont,2238,FR,100,46.74402,7.12382,fr
1733,Treyvaux,Treyvaux,2226,FR,99,46.72782,7.13701,fr
1733,Treyvaux,La Roche,2149,FR,0,46.71445,7.12783,fr
1734,Tentlingen,Tentlingen,2307,FR,99,46.76914,7.19724,de
1734,Tentlingen,St. Silvester,2303,FR,0,46.75508,7.20021,de
1734,Tentlingen,Le Mouret,2220,FR,0,46.75298,7.19384,de
1735,Giffers,Giffers,2294,FR,98,46.76025,7.21188,de
1735,Giffers,Rechthalten,2301,FR,1,46.75164,7.25103,de
1736,St. Silvester,St. Silvester,2303,FR,100,46.74136,7.22078,de
1737,Plasselb,Plasselb,2300,FR,100,46.73501,7.25228,fr
1738,Sangernboden,Guggisberg,852,BE,64,46.72324,7.35274,de
1738,Sangernboden,Rüschegg,853,BE,19,46.71774,7.41176,de
1738,Sangernboden,Plaffeien,2299,FR,15,46.68299,7.34964,de
1740,Neyruz FR,Neyruz (FR),2211,FR,100,46.76728,7.06514,fr
1741,Cottens FR,Cottens (FR),2186,FR,100,46.75349,7.03501,fr
1742,Autigny,Autigny,2173,FR,100,46.73764,7.02087,fr
1744,Chénens,Chénens,2177,FR,100,46.74336,6.99999,fr
1745,Lentigny,La Brillaz,2234,FR,93,46.75944,7.00518,fr
1745,Lentigny,Autigny,2173,FR,6,46.75377,7.01333,fr
1746,Prez-vers-Noréaz,Prez,2237,FR,100,46.78313,7.01305,fr
1747,Corserey,Prez,2237,FR,100,46.77251,6.99362,fr
1748,Torny-le-Grand,Torny,2115,FR,100,46.77048,6.96669,fr
1749,Middes,Torny,2115,FR,100,46.77177,6.94793,fr
1752,Villars-sur-Glâne,Villars-sur-Glâne,2228,FR,100,46.79303,7.12563,fr
1753,Matran,Matran,2208,FR,95,46.78661,7.09802,fr
1753,Matran,Corminboeuf,2183,FR,4,46.79122,7.09127,fr
1754,Avry-sur-Matran,Avry,2174,FR,100,46.78688,7.06906,fr
1754,Corjolens,Avry,2174,FR,81,46.78564,7.04022,fr
1754,Corjolens,La Brillaz,2234,FR,9,46.78446,7.03580,fr
1754,Corjolens,Prez,2237,FR,9,46.78502,7.03399,fr
1756,Lovens,La Brillaz,2234,FR,100,46.77154,7.02154,fr
1756,Onnens FR,La Brillaz,2234,FR,100,46.77486,7.03688,fr
1757,Noréaz,Prez,2237,FR,100,46.80225,7.02810,fr
1762,Givisiez,Givisiez,2197,FR,100,46.81269,7.13065,fr
1763,Granges-Paccot,Granges-Paccot,2198,FR,100,46.82146,7.14610,fr
1772,Nierlet-les-Bois,Grolley-Ponthaux,2239,FR,100,46.82148,7.05529,fr
1772,Ponthaux,Grolley-Ponthaux,2239,FR,100,46.81461,7.04023,fr
1772,Grolley,Grolley-Ponthaux,2239,FR,99,46.83229,7.06411,fr
1772,Grolley,Belmont-Broye,2053,FR,0,46.83981,7.05297,fr
1773,Chandon,Belmont-Broye,2053,FR,100,46.83954,7.04411,fr
1773,Léchelles,Belmont-Broye,2053,FR,100,46.82947,7.01523,fr
1773,Russy,Belmont-Broye,2053,FR,100,46.84225,7.00180,fr
1774,Montagny-les-Monts,Montagny (FR),2029,FR,100,46.80757,6.98743,fr
1774,Cousset,Montagny (FR),2029,FR,99,46.81774,6.97741,fr
1774,Cousset,Corcelles-près-Payerne,5816,VD,0,46.82750,6.97064,fr
1775,Grandsivaz,Montagny (FR),2029,FR,100,46.78704,6.98354,fr
1775,Mannens,Montagny (FR),2029,FR,100,46.79374,6.96929,fr
1776,Montagny-la-Ville,Montagny (FR),2029,FR,98,46.81764,6.99491,fr
1776,Montagny-la-Ville,Belmont-Broye,2053,FR,1,46.83329,6.99251,fr
1782,Autafond,Belfaux,2175,FR,100,46.81621,7.08060,fr
1782,Belfaux,Belfaux,2175,FR,100,46.82119,7.10163,fr
1782,Cormagens,La Sonnaz,2235,FR,100,46.83665,7.13610,fr
1782,Formangueires,La Sonnaz,2235,FR,100,46.82760,7.11707,fr
1782,La Corbaz,La Sonnaz,2235,FR,100,46.83687,7.11894,fr
1782,Lossy,La Sonnaz,2235,FR,100,46.83361,7.10935,fr
1783,Barberêche,Courtepin,2254,FR,100,46.86073,7.15566,fr
1783,Pensier,Courtepin,2254,FR,100,46.84440,7.13727,fr
1784,Courtepin,Courtepin,2254,FR,100,46.86263,7.12592,fr
1784,Wallenried,Courtepin,2254,FR,100,46.87318,7.11510,fr
1785,Cressier FR,Cressier (FR),2257,FR,100,46.89964,7.14254,fr
1786,Sugiez,Mont-Vully,2284,FR,100,46.96320,7.11474,fr
1787,Mur (Vully) FR,Mont-Vully,2284,FR,100,46.94475,7.06393,fr
1787,Mur (Vully) VD,Vully-les-Lacs,5464,VD,100,46.94388,7.05909,fr
1787,Môtier (Vully),Mont-Vully,2284,FR,100,46.94719,7.08075,fr
1788,Praz (Vully),Mont-Vully,2284,FR,100,46.95421,7.10008,fr
1789,Lugnorre,Mont-Vully,2284,FR,100,46.95110,7.07559,fr
1791,Courtaman,Courtepin,2254,FR,100,46.86965,7.13019,fr
1792,Cordast,Gurmels,2262,FR,100,46.87460,7.15175,de
1792,Guschelmuth,Gurmels,2262,FR,100,46.88208,7.14025,de
1793,Jeuss,Murten,2275,FR,96,46.90320,7.16540,de
1793,Jeuss,Staatswald Galm,2391,FR,3,46.91787,7.17778,de
1794,Salvenach,Murten,2275,FR,100,46.91265,7.15074,de
1795,Courlevon,Murten,2275,FR,93,46.89146,7.11092,de
1795,Courlevon,Courtepin,2254,FR,6,46.88323,7.10634,de
1796,Courgevaux,Courgevaux,2250,FR,100,46.91023,7.11056,de
1797,Münchenwiler,Münchenwiler,669,BE,100,46.91321,7.12527,de
1800,Vevey,Vevey,5890,VD,100,46.46297,6.84760,fr
1801,Le Mont-Pèlerin,Chardonne,5882,VD,100,46.48445,6.82861,fr
1802,Corseaux,Corseaux,5883,VD,100,46.47084,6.82881,fr
1803,Chardonne,Chardonne,5882,VD,100,46.47762,6.82929,fr
1804,Corsier-sur-Vevey,Corsier-sur-Vevey,5884,VD,100,46.47173,6.84440,fr
1805,Jongny,Jongny,5885,VD,100,46.48274,6.84555,fr
1806,St-Légier-La Chiésaz,Blonay - Saint-Légier,5892,VD,100,46.47237,6.87510,fr
1807,Blonay,Blonay - Saint-Légier,5892,VD,99,46.46653,6.89467,fr
1807,Blonay,Montreux,5886,VD,0,46.45597,6.89542,fr
1808,Les Monts-de-Corsier,Corsier-sur-Vevey,5884,VD,96,46.50047,6.87742,fr
1808,Les Monts-de-Corsier,Attalens,2321,FR,3,46.50653,6.87423,fr
1809,Fenil-sur-Corsier,Corsier-sur-Vevey,5884,VD,100,46.48360,6.86524,fr
1814,La Tour-de-Peilz,La Tour-de-Peilz,5889,VD,100,46.45499,6.86572,fr
1815,Clarens,Montreux,5886,VD,100,46.44444,6.89385,fr
1816,Chailly-Montreux,Montreux,5886,VD,100,46.45344,6.89216,fr
1817,Brent,Montreux,5886,VD,100,46.45476,6.90323,fr
1820,Montreux,Montreux,5886,VD,100,46.43483,6.91293,fr
1820,Territet,Montreux,5886,VD,100,46.42534,6.92563,fr
1820,Veytaux,Veytaux,5891,VD,100,46.41816,6.93130,fr
1822,Chernex,Montreux,5886,VD,100,46.44406,6.91217,fr
1823,Glion,Montreux,5886,VD,100,46.43303,6.92706,fr
1824,Caux,Montreux,5886,VD,100,46.43520,6.94725,fr
1832,Chamby,Montreux,5886,VD,100,46.45393,6.91218,fr
1832,Villard-sur-Chamby,Montreux,5886,VD,100,46.46485,6.93098,fr
1833,Les Avants,Montreux,5886,VD,100,46.45713,6.94275,fr
1844,Villeneuve VD,Villeneuve (VD),5414,VD,100,46.39680,6.93055,fr
1845,Noville,Noville,5408,VD,100,46.38205,6.90346,fr
1846,Chessel,Chessel,5403,VD,100,46.35018,6.89450,fr
1847,Rennaz,Rennaz,5412,VD,100,46.37689,6.91992,fr
1852,Roche VD,Roche (VD),5413,VD,100,46.36016,6.92965,fr
1853,Yvorne,Yvorne,5415,VD,100,46.33204,6.95699,fr
1854,Leysin,Leysin,5407,VD,100,46.34467,7.01441,fr
1856,Corbeyrier,Corbeyrier,5404,VD,98,46.34948,6.96364,fr
1856,Corbeyrier,Ormont-Dessous,5410,VD,1,46.40388,7.01901,fr
1860,Aigle,Aigle,5401,VD,99,46.31639,6.96472,fr
1860,Aigle,Ollon,5409,VD,0,46.30180,6.97465,fr
1862,La Comballaz,Ormont-Dessous,5410,VD,100,46.37258,7.08143,fr
1862,Les Mosses,Ormont-Dessous,5410,VD,100,46.39570,7.10139,fr
1863,Le Sépey,Ormont-Dessous,5410,VD,99,46.36041,7.04983,fr
1863,Le Sépey,Aigle,5401,VD,0,46.33596,7.02911,fr
1864,Vers-l'Eglise,Ormont-Dessus,5411,VD,100,46.35705,7.12180,fr
1865,Les Diablerets,Ormont-Dessus,5411,VD,100,46.35105,7.16125,fr
1866,La Forclaz VD,Ormont-Dessous,5410,VD,97,46.34955,7.06824,fr
1866,La Forclaz VD,Ollon,5409,VD,2,46.33711,7.03768,fr
1867,Ollon VD,Ollon,5409,VD,100,46.29348,6.99497,fr
1867,Panex,Ollon,5409,VD,100,46.31302,7.01695,fr
1867,St-Triphon,Ollon,5409,VD,100,46.28927,6.97618,fr
1868,Collombey,Collombey-Muraz,6152,VS,100,46.27335,6.94779,fr
1869,Massongex,Massongex,6215,VS,100,46.24153,6.98670,fr
1870,Monthey,Monthey,6153,VS,100,46.25387,6.95216,fr
1871,Choëx,Monthey,6153,VS,100,46.24121,6.94965,fr
1871,Les Giettes,Monthey,6153,VS,93,46.22727,6.95963,fr
1871,Les Giettes,Massongex,6215,VS,5,46.22553,6.97089,fr
1871,Les Giettes,Troistorrents,6156,VS,1,46.22436,6.93431,fr
1872,Troistorrents,Troistorrents,6156,VS,99,46.23439,6.92228,fr
1872,Troistorrents,Collombey-Muraz,6152,VS,0,46.25661,6.92218,fr
1873,Champoussin,Val-d'Illiez,6157,VS,100,46.20821,6.86298,fr
1873,Les Crosets,Val-d'Illiez,6157,VS,100,46.18715,6.83884,fr
1873,Val-d'Illiez,Val-d'Illiez,6157,VS,100,46.20112,6.89138,fr
1874,Champéry,Champéry,6151,VS,100,46.17574,6.86832,fr
1875,Morgins,Troistorrents,6156,VS,100,46.23968,6.86055,fr
1880,Bex,Bex,5402,VD,100,46.24899,7.01423,fr
1880,Fenalet-sur-Bex,Bex,5402,VD,100,46.27156,7.02792,fr
1880,Les Plans-sur-Bex,Bex,5402,VD,100,46.25662,7.09196,fr
1880,Les Posses-sur-Bex,Bex,5402,VD,99,46.27088,7.04696,fr
1880,Frenières-sur-Bex,Bex,5402,VD,93,46.26094,7.06795,fr
1880,Frenières-sur-Bex,Gryon,5405,VD,6,46.26719,7.06064,fr
1880,Les Posses-sur-Bex,Gryon,5405,VD,0,46.26751,7.05827,fr
1882,Gryon,Gryon,5405,VD,94,46.28160,7.07750,fr
1882,Gryon,Bex,5402,VD,5,46.28284,7.15141,fr
1884,Arveyes,Ollon,5409,VD,100,46.28987,7.06186,fr
1884,Huémoz,Ollon,5409,VD,100,46.29136,7.02572,fr
1884,Villars-sur-Ollon,Ollon,5409,VD,100,46.29925,7.05889,fr
1885,Chesières,Ollon,5409,VD,100,46.30246,7.04406,fr
1890,Mex VS,Saint-Maurice,6217,VS,100,46.18632,6.99748,fr
1890,St-Maurice,Saint-Maurice,6217,VS,100,46.20618,7.00634,fr
1891,Vérossaz,Vérossaz,6220,VS,99,46.21230,6.98483,fr
1891,Vérossaz,Massongex,6215,VS,0,46.22447,6.98913,fr
1892,Lavey-Village,Lavey-Morcles,5406,VD,100,46.22030,7.01753,fr
1892,Lavey-les-Bains,Lavey-Morcles,5406,VD,100,46.20535,7.01664,fr
1892,Morcles,Lavey-Morcles,5406,VD,100,46.20896,7.03480,fr
1893,Muraz (Collombey),Collombey-Muraz,6152,VS,99,46.28022,6.92893,fr
1893,Muraz (Collombey),Monthey,6153,VS,0,46.28097,6.88271,fr
1895,Vionnaz,Vionnaz,6158,VS,100,46.31068,6.90247,fr
1896,Miex,Vouvry,6159,VS,100,46.33915,6.86272,fr
1896,Vouvry,Vouvry,6159,VS,100,46.33718,6.88855,fr
1897,Bouveret,Port-Valais,6154,VS,100,46.38325,6.86102,fr
1897,Les Evouettes,Port-Valais,6154,VS,99,46.36241,6.87608,fr
1897,Les Evouettes,Vouvry,6159,VS,0,46.35462,6.87935,fr
1898,St-Gingolph,Saint-Gingolph,6155,VS,99,46.38841,6.81293,fr
1898,St-Gingolph,Port-Valais,6154,VS,0,46.38022,6.84047,fr
1899,Torgon,Vionnaz,6158,VS,99,46.31695,6.87288,fr
1899,Torgon,Vouvry,6159,VS,0,46.32538,6.87532,fr
1902,Evionnaz,Evionnaz,6213,VS,93,46.17439,7.02281,fr
1902,Evionnaz,Saint-Maurice,6217,VS,6,46.18498,7.02387,fr
1903,Collonges,Collonges,6211,VS,100,46.17252,7.03471,fr
1904,Vernayaz,Vernayaz,6219,VS,91,46.13599,7.04076,fr
1904,Vernayaz,Martigny,6136,VS,8,46.12984,7.04625,fr
1905,Dorénaz,Dorénaz,6212,VS,100,46.14895,7.04493,fr
1906,Charrat,Martigny,6136,VS,100,46.12364,7.13322,fr
1907,Saxon,Saxon,6141,VS,99,46.14790,7.17648,fr
1907,Saxon,Martigny,6136,VS,0,46.13147,7.15126,fr
1908,Riddes,Riddes,6139,VS,99,46.17145,7.22199,fr
1908,Riddes,Chamoson,6022,VS,0,46.17788,7.22994,fr
1911,Ovronnaz,Leytron,6135,VS,99,46.19831,7.17317,fr
1911,Ovronnaz,Saillon,6140,VS,0,46.19225,7.13756,fr
1912,Dugny (Leytron),Leytron,6135,VS,100,46.18911,7.18124,fr
1912,Leytron,Leytron,6135,VS,100,46.18617,7.20843,fr
1912,Montagnon (Leytron),Leytron,6135,VS,100,46.19004,7.19120,fr
1912,Produit (Leytron),Leytron,6135,VS,100,46.18675,7.19378,fr
1913,Saillon,Saillon,6140,VS,100,46.16978,7.18614,fr
1914,Auddes-sur-Riddes,Riddes,6139,VS,100,46.15219,7.24346,fr
1914,Isérables,Isérables,6134,VS,100,46.16063,7.24850,fr
1918,La Tzoumaz,Riddes,6139,VS,100,46.14475,7.23696,fr
1920,Martigny,Martigny,6136,VS,97,46.10294,7.07493,fr
1920,Martigny,Vernayaz,6219,VS,1,46.12604,7.03918,fr
1920,Martigny,Martigny-Combe,6137,VS,0,46.09380,7.00374,fr
1920,Martigny,Salvan,6218,VS,0,46.11105,7.02218,fr
1921,Martigny-Croix,Martigny-Combe,6137,VS,100,46.08297,7.04814,fr
1922,Les Granges (Salvan),Salvan,6218,VS,100,46.12743,7.02141,fr
1922,Salvan,Salvan,6218,VS,100,46.12012,7.02040,fr
1923,Le Trétien,Salvan,6218,VS,100,46.10166,6.99856,fr
1923,Les Marécottes,Salvan,6218,VS,100,46.11186,7.00559,fr
1925,Finhaut,Finhaut,6214,VS,100,46.08238,6.97495,fr
1925,Le Châtelard VS,Finhaut,6214,VS,100,46.05906,6.95708,fr
1926,Fully,Fully,6133,VS,100,46.14096,7.12035,fr
1927,Chemin,Val de Bagnes,6037,VS,57,46.08938,7.09874,fr
1927,Chemin,Martigny,6136,VS,31,46.09118,7.08417,fr
1927,Chemin,Bovernier,6131,VS,11,46.08765,7.08881,fr
1928,Ravoire,Martigny-Combe,6137,VS,99,46.09913,7.04884,fr
1928,Ravoire,Martigny,6136,VS,0,46.10647,7.06582,fr
1929,Trient,Trient,6142,VS,100,46.05571,6.98511,fr
1932,Bovernier,Bovernier,6131,VS,100,46.07608,7.08228,fr
1932,Les Valettes (Bovernier),Bovernier,6131,VS,100,46.07533,7.07344,fr
1933,Chamoille (Sembrancher),Sembrancher,6035,VS,100,46.06058,7.15446,fr
1933,La Garde (Sembrancher),Sembrancher,6035,VS,100,46.06543,7.14630,fr
1933,Sembrancher,Sembrancher,6035,VS,100,46.07798,7.15055,fr
1933,Vens (Sembrancher),Val de Bagnes,6037,VS,100,46.08719,7.12753,fr
1934,Bruson,Val de Bagnes,6037,VS,100,46.06538,7.21288,fr
1934,Le Châble VS,Val de Bagnes,6037,VS,100,46.08083,7.21422,fr
1936,Verbier,Val de Bagnes,6037,VS,100,46.09997,7.22734,fr
1937,Orsières,Orsières,6034,VS,100,46.02929,7.14425,fr
1938,Champex-Lac,Orsières,6034,VS,100,46.03032,7.11331,fr
1941,Cries (Vollèges),Val de Bagnes,6037,VS,100,46.09128,7.17722,fr
1941,Vollèges,Val de Bagnes,6037,VS,100,46.08591,7.16764,fr
1942,Levron,Val de Bagnes,6037,VS,100,46.09853,7.16299,fr
1943,Praz-de-Fort,Orsières,6034,VS,100,45.98813,7.12331,fr
1944,La Fouly VS,Orsières,6034,VS,100,45.94180,7.10290,fr
1945,Chandonne (Liddes),Liddes,6033,VS,100,46.00440,7.18045,fr
1945,Chez Petit (Liddes),Liddes,6033,VS,100,45.98633,7.17856,fr
1945,Dranse (Liddes),Liddes,6033,VS,100,45.98891,7.18142,fr
1945,Fontaine Dessous (Liddes),Liddes,6033,VS,100,46.01028,7.16806,fr
1945,Fontaine Dessus (Liddes),Liddes,6033,VS,100,46.00559,7.17345,fr
1945,Fornex (Liddes),Liddes,6033,VS,100,46.00856,7.16383,fr
1945,Les Moulins VS (Liddes),Liddes,6033,VS,100,46.00453,7.16802,fr
1945,Liddes,Liddes,6033,VS,100,45.99206,7.18587,fr
1945,Palasuit (Liddes),Liddes,6033,VS,100,45.98229,7.19221,fr
1945,Petit Vichères (Liddes),Liddes,6033,VS,100,45.98790,7.15778,fr
1945,Rive Haute (Liddes),Liddes,6033,VS,100,46.00697,7.17054,fr
1945,Vichères (Liddes),Liddes,6033,VS,100,45.99643,7.16646,fr
1946,Bourg-St-Pierre,Bourg-Saint-Pierre,6032,VS,95,45.94974,7.20895,fr
1946,Bourg-St-Pierre,Liddes,6033,VS,4,45.96590,7.20009,fr
1947,Champsec,Val de Bagnes,6037,VS,100,46.05683,7.24203,fr
1947,Versegères,Val de Bagnes,6037,VS,100,46.06608,7.23073,fr
1948,Fionnay,Val de Bagnes,6037,VS,100,46.03065,7.30888,fr
1948,Lourtier,Val de Bagnes,6037,VS,100,46.05183,7.26373,fr
1948,Sarreyer,Val de Bagnes,6037,VS,100,46.06560,7.25190,fr
1950,Sion,Sion,6266,VS,98,46.23142,7.35842,fr
1950,Sion,Savièse,6265,VS,0,46.24863,7.36415,fr
1950,Sion,Grimisuat,6263,VS,0,46.24970,7.36620,fr
1955,Chamoson,Chamoson,6022,VS,100,46.20164,7.22342,fr
1955,Grugnay (Chamoson),Chamoson,6022,VS,100,46.20805,7.21618,fr
1955,Les Vérines (Chamoson),Chamoson,6022,VS,100,46.21107,7.20340,fr
1955,Mayens-de-Chamoson,Chamoson,6022,VS,100,46.20542,7.18575,fr
1955,Némiaz (Chamoson),Chamoson,6022,VS,100,46.21140,7.22380,fr
1955,St-Pierre-de-Clages,Chamoson,6022,VS,100,46.19226,7.23706,fr
1957,Ardon,Ardon,6021,VS,100,46.20964,7.25940,fr
1958,St-Léonard,Saint-Léonard,6246,VS,99,46.25366,7.42206,fr
1958,Uvrier,Sion,6266,VS,98,46.24910,7.41427,fr
1958,Uvrier,Ayent,6082,VS,1,46.25477,7.41586,fr
1958,St-Léonard,Ayent,6082,VS,0,46.26265,7.41491,fr
1958,St-Léonard,Sierre,6248,VS,0,46.26097,7.44532,fr
1961,Vernamiège,Mont-Noble,6090,VS,100,46.21084,7.43425,fr
1962,Pont-de-la-Morge (Sion),Sion,6266,VS,55,46.22379,7.31507,fr
1962,Pont-de-la-Morge (Sion),Savièse,6265,VS,44,46.23847,7.31407,fr
1963,Vétroz,Vétroz,6025,VS,99,46.22165,7.27741,fr
1963,Vétroz,Conthey,6023,VS,0,46.22241,7.26073,fr
1964,Conthey,Conthey,6023,VS,100,46.22659,7.30443,fr
1965,Savièse,Savièse,6265,VS,100,46.25379,7.34725,fr
1966,Argnou (Ayent),Ayent,6082,VS,100,46.26245,7.39927,fr
1966,Blignou (Ayent),Ayent,6082,VS,100,46.27265,7.39872,fr
1966,Botyre (Ayent),Ayent,6082,VS,100,46.27616,7.40622,fr
1966,Fortunau (Ayent),Ayent,6082,VS,100,46.29125,7.41732,fr
1966,La Place (Ayent),Ayent,6082,VS,100,46.27484,7.41093,fr
1966,Luc (Ayent),Ayent,6082,VS,100,46.28401,7.41943,fr
1966,Saxonne (Ayent),Ayent,6082,VS,100,46.28061,7.40717,fr
1966,St-Romain (Ayent),Ayent,6082,VS,100,46.28329,7.41234,fr
1966,Villa (Ayent),Ayent,6082,VS,100,46.27641,7.41475,fr
1966,Signèse (Ayent),Ayent,6082,VS,95,46.25783,7.40355,fr
1966,Signèse (Ayent),Grimisuat,6263,VS,4,46.25194,7.39702,fr
1967,Bramois,Sion,6266,VS,99,46.23220,7.40201,fr
1967,Bramois,Vex,6089,VS,0,46.22578,7.40541,fr
1968,Mase,Mont-Noble,6090,VS,100,46.19616,7.43581,fr
1969,Eison (St-Martin),Saint-Martin (VS),6087,VS,100,46.15304,7.46998,fr
1969,Liez (St-Martin),Saint-Martin (VS),6087,VS,100,46.16264,7.45154,fr
1969,St-Martin VS,Saint-Martin (VS),6087,VS,100,46.17343,7.44278,fr
1969,Suen (St-Martin),Saint-Martin (VS),6087,VS,100,46.18201,7.43823,fr
1969,Trogne (St-Martin),Saint-Martin (VS),6087,VS,100,46.16922,7.45484,fr
1971,Grimisuat,Grimisuat,6263,VS,100,46.25902,7.38475,fr
1971,Champlan (Grimisuat),Grimisuat,6263,VS,98,46.24721,7.37260,fr
1971,Champlan (Grimisuat),Sion,6266,VS,1,46.24336,7.36599,fr
1972,Anzère,Ayent,6082,VS,99,46.29776,7.40262,fr
1972,Anzère,Arbaz,6261,VS,0,46.30468,7.39202,fr
1973,Nax,Mont-Noble,6090,VS,100,46.22815,7.43115,fr
1974,Arbaz,Arbaz,6261,VS,97,46.27716,7.38499,fr
1974,Arbaz,Ayent,6082,VS,2,46.28848,7.39615,fr
1975,St-Séverin,Conthey,6023,VS,100,46.23951,7.30573,fr
1976,Daillon,Conthey,6023,VS,100,46.25550,7.30568,fr
1976,Erde,Conthey,6023,VS,100,46.25054,7.29288,fr
1976,Aven,Conthey,6023,VS,98,46.24123,7.26878,fr
1976,Aven,Vétroz,6025,VS,1,46.26546,7.24075,fr
1977,Icogne,Icogne,6239,VS,99,46.29259,7.43893,fr
1977,Icogne,Saint-Léonard,6246,VS,0,46.26901,7.42365,fr
1978,Lens,Lens,6240,VS,99,46.28177,7.44827,fr
1978,Lens,Icogne,6239,VS,0,46.28862,7.44730,fr
1981,Vex,Vex,6089,VS,100,46.21119,7.39769,fr
1982,Euseigne,Hérémence,6084,VS,63,46.17039,7.41871,fr
1982,Euseigne,Saint-Martin (VS),6087,VS,36,46.15699,7.44256,fr
1983,Evolène,Evolène,6083,VS,100,46.11390,7.49446,fr
1983,Lanna,Evolène,6083,VS,100,46.12010,7.46925,fr
1984,La Tour VS,Evolène,6083,VS,100,46.09850,7.50568,fr
1984,Les Haudères,Evolène,6083,VS,100,46.08526,7.50504,fr
1985,La Forclaz VS,Evolène,6083,VS,100,46.08530,7.52436,fr
1985,La Sage,Evolène,6083,VS,100,46.09928,7.51450,fr
1985,Villa (Evolène),Evolène,6083,VS,100,46.10836,7.51327,fr
1986,Arolla,Evolène,6083,VS,100,46.03310,7.48247,fr
1987,Hérémence,Hérémence,6084,VS,100,46.16615,7.39534,fr
1988,Les Collons,Vex,6089,VS,100,46.18357,7.38673,fr
1988,Thyon,Vex,6089,VS,100,46.17986,7.37186,fr
1991,Arvillard (Salins),Sion,6266,VS,100,46.21201,7.34917,fr
1991,Misériez (Salins),Sion,6266,VS,100,46.20798,7.34691,fr
1991,Pravidondaz (Salins),Sion,6266,VS,100,46.21191,7.35364,fr
1991,Turin (Salins),Sion,6266,VS,100,46.21632,7.35734,fr
1991,Salins,Sion,6266,VS,92,46.21020,7.35598,fr
1991,Salins,Veysonnaz,6267,VS,7,46.20313,7.33988,fr
1992,Crête-à-l'Oeil (Les Agettes),Sion,6266,VS,100,46.21155,7.37119,fr
1992,La Vernaz (Les Agettes),Sion,6266,VS,100,46.21025,7.37302,fr
1992,Les Agettes,Sion,6266,VS,98,46.20758,7.37332,fr
1992,Les Mayens-de-Sion,Vex,6089,VS,76,46.20142,7.38786,fr
1992,Les Mayens-de-Sion,Sion,6266,VS,23,46.20185,7.37057,fr
1992,Les Agettes,Vex,6089,VS,1,46.20939,7.38096,fr
1993,Clèbes (Nendaz),Nendaz,6024,VS,100,46.18721,7.34416,fr
1993,Veysonnaz,Veysonnaz,6267,VS,63,46.19541,7.33739,fr
1993,Veysonnaz,Nendaz,6024,VS,28,46.19082,7.33939,fr
1993,Veysonnaz,Sion,6266,VS,8,46.19850,7.34748,fr
1994,Aproz (Nendaz),Nendaz,6024,VS,77,46.20561,7.31122,fr
1994,Aproz (Nendaz),Sion,6266,VS,22,46.20788,7.31763,fr
1996,Baar (Nendaz),Nendaz,6024,VS,100,46.20423,7.32741,fr
1996,Basse-Nendaz,Nendaz,6024,VS,100,46.19099,7.31096,fr
1996,Beuson (Nendaz),Nendaz,6024,VS,100,46.18047,7.32494,fr
1996,Bieudron (Nendaz),Nendaz,6024,VS,100,46.19493,7.27775,fr
1996,Brignon (Nendaz),Nendaz,6024,VS,100,46.19090,7.32585,fr
1996,Condémines (Nendaz),Nendaz,6024,VS,100,46.17690,7.25552,fr
1996,Fey (Nendaz),Nendaz,6024,VS,100,46.18648,7.27039,fr
1996,Saclentse,Nendaz,6024,VS,100,46.17637,7.31773,fr
1997,Haute-Nendaz,Nendaz,6024,VS,100,46.17937,7.29102,fr
1997,Siviez (Nendaz),Nendaz,6024,VS,100,46.13346,7.32287,fr
1997,Sornard (Nendaz),Nendaz,6024,VS,100,46.18758,7.30310,fr
2000,Neuchâtel,Neuchâtel,6458,NE,99,46.99435,6.92710,fr
2000,Neuchâtel,Milvignes,6416,NE,0,46.98154,6.89326,fr
2012,Auvernier,Milvignes,6416,NE,100,46.97718,6.87769,fr
2013,Colombier NE,Milvignes,6416,NE,98,46.96738,6.85967,fr
2013,Colombier NE,Boudry,6404,NE,1,46.95935,6.86570,fr
2014,Bôle,Milvignes,6416,NE,99,46.96736,6.84036,fr
2014,Bôle,Boudry,6404,NE,0,46.96554,6.82992,fr
2015,Areuse,Boudry,6404,NE,98,46.95415,6.85471,fr
2015,Areuse,Milvignes,6416,NE,1,46.95945,6.85369,fr
2016,Cortaillod,Cortaillod,6408,NE,99,46.94513,6.84780,fr
2016,Cortaillod,Boudry,6404,NE,0,46.94742,6.83600,fr
2017,Boudry,Boudry,6404,NE,100,46.95262,6.83301,fr
2019,Rochefort,Rochefort,6413,NE,98,46.98061,6.80781,fr
2019,Chambrelien,Rochefort,6413,NE,94,46.97245,6.81530,fr
2019,Chambrelien,Boudry,6404,NE,5,46.96922,6.81897,fr
2019,Rochefort,Val-de-Ruz,6487,NE,1,47.01361,6.80588,fr
2022,Bevaix,La Grande Béroche,6417,NE,99,46.92959,6.81438,fr
2022,Bevaix,Cortaillod,6408,NE,0,46.93372,6.83985,fr
2022,Bevaix,Boudry,6404,NE,0,46.94054,6.80493,fr
2023,Gorgier,La Grande Béroche,6417,NE,100,46.90591,6.77790,fr
2024,St-Aubin-Sauges,La Grande Béroche,6417,NE,100,46.89218,6.77013,fr
2025,Chez-le-Bart,La Grande Béroche,6417,NE,100,46.90595,6.78988,fr
2027,Fresens,La Grande Béroche,6417,NE,100,46.88853,6.74617,fr
2027,Montalchez,La Grande Béroche,6417,NE,100,46.90025,6.74392,fr
2028,Vaumarcus,La Grande Béroche,6417,NE,94,46.87716,6.75427,fr
2028,Vaumarcus,Concise,5554,VD,5,46.87037,6.74933,fr
2034,Peseux,Neuchâtel,6458,NE,100,46.98787,6.89155,fr
2035,Corcelles NE,Neuchâtel,6458,NE,96,46.98526,6.87364,fr
2035,Corcelles NE,Rochefort,6413,NE,2,46.97928,6.84277,fr
2035,Corcelles NE,Milvignes,6416,NE,0,46.98117,6.85675,fr
2036,Cormondrèche,Neuchâtel,6458,NE,86,46.98102,6.86708,fr
2036,Cormondrèche,Milvignes,6416,NE,13,46.98097,6.87594,fr
2037,Montezillon,Rochefort,6413,NE,100,46.98678,6.83613,fr
2037,Montmollin,Val-de-Ruz,6487,NE,89,46.99335,6.84593,fr
2037,Montmollin,Neuchâtel,6458,NE,10,46.99936,6.87106,fr
2042,Valangin,Neuchâtel,6458,NE,99,47.01685,6.90544,fr
2042,Valangin,Val-de-Ruz,6487,NE,0,47.01841,6.89132,fr
2043,Boudevilliers,Val-de-Ruz,6487,NE,100,47.03081,6.88514,fr
2046,Fontaines NE,Val-de-Ruz,6487,NE,100,47.04259,6.89992,fr
2052,Fontainemelon,Val-de-Ruz,6487,NE,100,47.05533,6.88743,fr
2052,La Vue-des-Alpes,Val-de-Ruz,6487,NE,100,47.06888,6.87601,fr
2053,Cernier,Val-de-Ruz,6487,NE,100,47.05924,6.90133,fr
2054,Chézard-St-Martin,Val-de-Ruz,6487,NE,100,47.06435,6.91863,fr
2054,Les Vieux-Prés,Val-de-Ruz,6487,NE,100,47.08675,6.93749,fr
2056,Dombresson,Val-de-Ruz,6487,NE,100,47.07160,6.95632,fr
2057,Villiers,Val-de-Ruz,6487,NE,100,47.07515,6.97168,fr
2058,Le Pâquier NE,Val-de-Ruz,6487,NE,100,47.10186,6.98145,fr
2063,Engollon,Val-de-Ruz,6487,NE,100,47.03803,6.92183,fr
2063,Fenin,Val-de-Ruz,6487,NE,100,47.02527,6.92233,fr
2063,Saules,Val-de-Ruz,6487,NE,100,47.03827,6.93950,fr
2063,Vilars NE,Val-de-Ruz,6487,NE,100,47.03163,6.92756,fr
2065,Savagnier,Val-de-Ruz,6487,NE,100,47.04998,6.95417,fr
2067,Chaumont,Neuchâtel,6458,NE,68,47.02787,6.95820,fr
2067,Chaumont,Val-de-Ruz,6487,NE,30,47.03922,6.96565,fr
2067,Chaumont,Laténa,6513,NE,1,47.06257,6.98833,fr
2068,Hauterive NE,Laténa,6513,NE,99,47.01304,6.97184,fr
2068,Hauterive NE,Neuchâtel,6458,NE,0,47.00868,6.96759,fr
2072,St-Blaise,Laténa,6513,NE,94,47.01587,6.98846,fr
2072,St-Blaise,Cornaux,6451,NE,3,47.02549,7.00746,fr
2072,St-Blaise,Cressier (NE),6452,NE,2,47.04511,7.00630,fr
2073,Enges,Laténa,6513,NE,98,47.05939,7.01504,fr
2073,Enges,Le Landeron,6455,NE,1,47.07208,7.03152,fr
2074,Marin-Epagnier,Laténa,6513,NE,100,47.00843,7.00889,fr
2075,Wavre,Laténa,6513,NE,100,47.02421,7.02037,fr
2075,Thielle,Laténa,6513,NE,98,47.02156,7.02964,fr
2075,Thielle,Cornaux,6451,NE,1,47.02336,7.02887,fr
2087,Cornaux NE,Cornaux,6451,NE,99,47.03775,7.01934,fr
2087,Cornaux NE,Cressier (NE),6452,NE,0,47.04326,7.01460,fr
2088,Cressier NE,Cressier (NE),6452,NE,100,47.04961,7.03467,fr
2103,Noiraigue,Val-de-Travers,6512,NE,97,46.95522,6.72408,fr
2103,Noiraigue,Rochefort,6413,NE,1,46.95312,6.74380,fr
2103,Noiraigue,La Grande Béroche,6417,NE,1,46.94250,6.73629,fr
2105,Travers,Val-de-Travers,6512,NE,99,46.94111,6.67525,fr
2105,Travers,Les Ponts-de-Martel,6437,NE,0,46.97248,6.66375,fr
2108,Couvet,Val-de-Travers,6512,NE,94,46.92474,6.63166,fr
2108,Couvet,Provence,5566,VD,5,46.91350,6.67618,fr
2112,Môtiers NE,Val-de-Travers,6512,NE,100,46.90967,6.61239,fr
2113,Boveresse,Val-de-Travers,6512,NE,100,46.91683,6.59965,fr
2114,Fleurier,Val-de-Travers,6512,NE,100,46.90225,6.58275,fr
2115,Buttes,Val-de-Travers,6512,NE,98,46.88821,6.55138,fr
2115,Buttes,La Côte-aux-Fées,6504,NE,1,46.85812,6.51629,fr
2116,Mont-de-Buttes,Val-de-Travers,6512,NE,100,46.88357,6.51706,fr
2117,La Côte-aux-Fées,La Côte-aux-Fées,6504,NE,100,46.86635,6.48903,fr
2123,St-Sulpice NE,Val-de-Travers,6512,NE,100,46.91032,6.56318,fr
2124,Les Sagnettes,Val-de-Travers,6512,NE,99,46.93455,6.59745,fr
2124,Les Sagnettes,La Brévine,6432,NE,0,46.95223,6.60262,fr
2126,Les Verrières,Les Verrières,6511,NE,99,46.90563,6.47925,fr
2126,Les Verrières,Val-de-Travers,6512,NE,0,46.95381,6.47007,fr
2127,Les Bayards,Val-de-Travers,6512,NE,100,46.91851,6.52242,fr
2149,Brot-Dessous,Rochefort,6413,NE,100,46.95602,6.74815,fr
2149,Fretereules,Rochefort,6413,NE,100,46.96211,6.76615,fr
2149,Champ-du-Moulin,Rochefort,6413,NE,77,46.96001,6.77327,fr
2149,Champ-du-Moulin,Boudry,6404,NE,22,46.95620,6.76811,fr
2206,Les Geneveys-sur-Coffrane,Val-de-Ruz,6487,NE,100,47.01535,6.85093,fr
2207,Coffrane,Val-de-Ruz,6487,NE,100,47.00926,6.86079,fr
2208,Les Hauts-Geneveys,Val-de-Ruz,6487,NE,100,47.04707,6.87292,fr
2300,La Chaux-de-Fonds,La Chaux-de-Fonds,6421,NE,100,47.10098,6.82632,fr
2300,La Cibourg,La Chaux-de-Fonds,6421,NE,100,47.11779,6.87709,fr
2314,La Sagne NE,La Sagne,6423,NE,97,47.04246,6.80074,fr
2314,La Sagne NE,La Chaux-de-Fonds,6421,NE,1,47.07245,6.84176,fr
2314,La Sagne NE,Val-de-Ruz,6487,NE,0,47.05543,6.83829,fr
2314,La Sagne NE,Les Ponts-de-Martel,6437,NE,0,47.02459,6.75252,fr
2316,Petit-Martel,Les Ponts-de-Martel,6437,NE,100,47.01136,6.75488,fr
2316,Les Ponts-de-Martel,Les Ponts-de-Martel,6437,NE,98,46.99725,6.73012,fr
2316,Les Ponts-de-Martel,Val-de-Travers,6512,NE,1,46.97387,6.68590,fr
2318,Brot-Plamboz,Brot-Plamboz,6433,NE,88,46.97963,6.75048,fr
2318,Brot-Plamboz,Rochefort,6413,NE,5,46.98917,6.76923,fr
2318,Brot-Plamboz,Val-de-Travers,6512,NE,5,46.96776,6.70578,fr
2318,Brot-Plamboz,Les Ponts-de-Martel,6437,NE,0,46.97374,6.71116,fr
2322,Le Crêt-du-Locle,La Chaux-de-Fonds,6421,NE,98,47.07727,6.78426,fr
2322,Le Crêt-du-Locle,Le Locle,6436,NE,1,47.07874,6.76741,fr
2325,Les Planchettes,Les Planchettes,6422,NE,100,47.11013,6.77357,fr
2333,La Cibourg,La Ferrière,435,BE,100,47.12299,6.89502,fr
2333,La Ferrière,La Ferrière,435,BE,82,47.14136,6.89868,fr
2333,La Ferrière,Sonvilier,445,BE,17,47.16237,6.93503,fr
2333,La Ferrière,Les Bois,6742,JU,0,47.15568,6.89776,fr
2336,Les Bois,Les Bois,6742,JU,99,47.17946,6.90248,fr
2336,Les Bois,Le Noirmont,6754,JU,0,47.20219,6.91731,fr
2338,Les Emibois,Muriaux,6753,JU,100,47.23181,6.98924,fr
2338,Muriaux,Muriaux,6753,JU,100,47.24593,6.97911,fr
2340,Le Noirmont,Le Noirmont,6754,JU,100,47.22324,6.95543,fr
2345,La Chaux-des-Breuleux,Les Breuleux,6743,JU,100,47.22228,7.02790,fr
2345,Les Breuleux,Les Breuleux,6743,JU,96,47.21063,7.00243,fr
2345,Le Peuchapatte,Muriaux,6753,JU,76,47.19740,6.96490,fr
2345,Le Cerneux-Veusil,Muriaux,6753,JU,54,47.18427,6.96240,fr
2345,Le Cerneux-Veusil,Saint-Imier,443,BE,45,47.17758,6.95677,fr
2345,Le Peuchapatte,Le Noirmont,6754,JU,23,47.19194,6.95429,fr
2345,Les Breuleux,Muriaux,6753,JU,2,47.22331,7.00450,fr
2345,Le Cerneux-Veusil,Sonvilier,445,BE,0,47.17970,6.94099,fr
2345,Les Breuleux,Villeret,448,BE,0,47.18821,7.00914,fr
2350,Saignelégier,Saignelégier,6757,JU,100,47.25685,6.99633,fr
2353,Les Pommerats,Saignelégier,6757,JU,93,47.27249,6.98539,fr
2353,Les Pommerats,Les Enfers,6745,JU,6,47.29022,7.00995,fr
2354,Goumois,Saignelégier,6757,JU,100,47.26445,6.95355,fr
2360,Le Bémont JU,Le Bémont (JU),6741,JU,100,47.26317,7.02165,fr
2362,Montfavergier,Montfaucon,6751,JU,100,47.30895,7.08999,fr
2362,Montfaucon,Montfaucon,6751,JU,99,47.28004,7.05393,fr
2362,Montfaucon,Lajoux (JU),6750,JU,0,47.28172,7.10523,fr
2362,Montfaucon,Le Bémont (JU),6741,JU,0,47.24627,7.06259,fr
2363,Les Enfers,Les Enfers,6745,JU,97,47.28847,7.04627,fr
2363,Les Enfers,Le Bémont (JU),6741,JU,2,47.28123,7.03466,fr
2364,St-Brais,Saint-Brais,6758,JU,100,47.30471,7.11307,fr
2400,Le Locle,Le Locle,6436,NE,100,47.05700,6.75044,fr
2400,Le Prévoux,Le Locle,6436,NE,76,47.03831,6.70738,fr
2400,Le Prévoux,Le Cerneux-Péquignot,6434,NE,19,47.03397,6.70281,fr
2400,Le Prévoux,La Chaux-du-Milieu,6435,NE,3,47.03195,6.72506,fr
2405,La Chaux-du-Milieu,La Chaux-du-Milieu,6435,NE,95,47.01328,6.70452,fr
2405,La Chaux-du-Milieu,Le Cerneux-Péquignot,6434,NE,4,47.02287,6.70622,fr
2406,Les Taillères,La Brévine,6432,NE,100,46.97152,6.57430,fr
2406,La Brévine,La Brévine,6432,NE,96,46.98098,6.60457,fr
2406,La Châtagne,La Brévine,6432,NE,92,46.98334,6.63819,fr
2406,Le Brouillet,La Brévine,6432,NE,79,46.96123,6.54469,fr
2406,Le Brouillet,Val-de-Travers,6512,NE,18,46.94586,6.50929,fr
2406,La Châtagne,La Chaux-du-Milieu,6435,NE,7,46.98631,6.65849,fr
2406,La Brévine,Le Cerneux-Péquignot,6434,NE,3,46.98708,6.60748,fr
2406,Le Brouillet,Les Verrières,6511,NE,2,46.93527,6.49113,fr
2414,Le Cerneux-Péquignot,Le Cerneux-Péquignot,6434,NE,100,47.01577,6.66301,fr
2416,Les Brenets,Le Locle,6436,NE,100,47.06759,6.70716,fr
2502,Biel/Bienne,Biel/Bienne,371,BE,100,47.14205,7.24809,multiple
2503,Biel/Bienne,Biel/Bienne,371,BE,99,47.13219,7.25638,multiple
2503,Biel/Bienne,Brügg,733,BE,0,47.12184,7.25764,multiple
2503,Biel/Bienne,Nidau,743,BE,0,47.12925,7.24678,multiple
2504,Biel/Bienne,Biel/Bienne,371,BE,99,47.14879,7.27378,multiple
2504,Biel/Bienne,Brügg,733,BE,0,47.13966,7.28545,multiple
2504,Biel/Bienne,Orpund,744,BE,0,47.14577,7.28739,multiple
2505,Biel/Bienne,Biel/Bienne,371,BE,99,47.13067,7.21847,multiple
2505,Biel/Bienne,Twann-Tüscherz,756,BE,0,47.12523,7.20324,multiple
2512,Tüscherz-Alfermée,Twann-Tüscherz,756,BE,100,47.11671,7.19823,de
2513,Twann,Twann-Tüscherz,756,BE,95,47.09851,7.16230,de
2513,Twann,Ligerz,740,BE,4,47.09221,7.15198,de
2514,Ligerz,Ligerz,740,BE,85,47.08879,7.14040,de
2514,Ligerz,La Neuveville,723,BE,14,47.08217,7.12867,de
2515,Prêles,Plateau de Diesse,726,BE,100,47.09587,7.12850,fr
2516,Lamboing,Plateau de Diesse,726,BE,86,47.11762,7.13801,fr
2516,Lamboing,Twann-Tüscherz,756,BE,13,47.12011,7.17068,fr
2517,Diesse,Plateau de Diesse,726,BE,100,47.11345,7.11661,fr
2518,Nods,Nods,724,BE,99,47.11471,7.07971,fr
2518,Nods,Val-de-Ruz,6487,NE,0,47.12121,7.02894,fr
2520,La Neuveville,La Neuveville,723,BE,99,47.06590,7.09629,fr
2520,La Neuveville,Le Landeron,6455,NE,0,47.06597,7.07932,fr
2523,Lignières,Lignières,6456,NE,89,47.08372,7.06260,fr
2523,Lignières,Le Landeron,6455,NE,2,47.07372,7.05119,fr
2523,Lignières,Nods,724,BE,2,47.09447,7.09027,fr
2523,Lignières,Val-de-Ruz,6487,NE,2,47.09772,7.01038,fr
2523,Lignières,La Neuveville,723,BE,2,47.07693,7.08349,fr
2525,Le Landeron,Le Landeron,6455,NE,98,47.05702,7.06896,fr
2525,Le Landeron,Gals,494,BE,1,47.04521,7.06928,fr
2532,Magglingen/Macolin,Evilard,372,BE,98,47.14127,7.21294,multiple
2532,Magglingen/Macolin,Biel/Bienne,371,BE,1,47.13787,7.21282,multiple
2533,Evilard,Evilard,372,BE,100,47.15057,7.23910,fr
2534,Orvin,Orvin,438,BE,100,47.16047,7.21528,fr
2534,Les Prés-d'Orvin,Orvin,438,BE,96,47.15357,7.17069,fr
2534,Les Prés-d'Orvin,Nods,724,BE,2,47.14823,7.12564,fr
2534,Les Prés-d'Orvin,Corgémont,431,BE,1,47.16313,7.14771,fr
2535,Frinvillier,Sauge,449,BE,91,47.16873,7.25678,fr
2535,Frinvillier,Péry-La Heutte,450,BE,5,47.17044,7.25270,fr
2535,Frinvillier,Orvin,438,BE,2,47.16772,7.25181,fr
2536,Plagne,Sauge,449,BE,98,47.19029,7.28724,fr
2536,Plagne,Romont (BE),442,BE,1,47.20167,7.32554,fr
2537,Vauffelin,Sauge,449,BE,100,47.18787,7.29914,fr
2538,Romont BE,Romont (BE),442,BE,100,47.18955,7.34008,fr
2540,Grenchen,Grenchen,2546,SO,100,47.19432,7.39418,de
2542,Pieterlen,Pieterlen,392,BE,100,47.17427,7.33744,de
2543,Lengnau BE,Lengnau (BE),387,BE,100,47.18074,7.36814,de
2544,Bettlach,Bettlach,2543,SO,100,47.20216,7.42193,de
2545,Selzach,Selzach,2556,SO,100,47.20496,7.45290,de
2552,Orpund,Orpund,744,BE,99,47.13985,7.30384,de
2552,Orpund,Brügg,733,BE,0,47.13627,7.29003,de
2553,Safnern,Safnern,746,BE,100,47.15028,7.32280,de
2554,Meinisberg,Meinisberg,390,BE,100,47.16025,7.34910,de
2555,Brügg BE,Brügg,733,BE,100,47.12460,7.27454,de
2556,Scheuren,Scheuren,747,BE,100,47.13259,7.31762,de
2556,Schwadernau,Schwadernau,748,BE,100,47.12767,7.30426,de
2557,Studen BE,Studen (BE),749,BE,98,47.11217,7.30227,de
2557,Studen BE,Büetigen,382,BE,0,47.11182,7.31975,de
2557,Studen BE,Lyss,306,BE,0,47.10935,7.31536,de
2558,Aegerten,Aegerten,731,BE,100,47.12029,7.28902,de
2560,Nidau,Nidau,743,BE,90,47.12426,7.24178,de
2560,Nidau,Port,745,BE,9,47.12178,7.25113,de
2562,Port,Port,745,BE,97,47.11462,7.25282,de
2562,Port,Bellmund,732,BE,2,47.11248,7.24891,de
2563,Ipsach,Ipsach,739,BE,97,47.11334,7.23323,de
2563,Ipsach,Bellmund,732,BE,2,47.11073,7.23867,de
2564,Bellmund,Bellmund,732,BE,100,47.10558,7.24724,de
2565,Jens,Jens,738,BE,100,47.09983,7.26131,de
2572,Mörigen,Mörigen,742,BE,100,47.08395,7.21165,de
2572,Sutz,Sutz-Lattrigen,750,BE,100,47.10030,7.21568,de
2575,Gerolfingen,Täuffelen,751,BE,100,47.07495,7.20151,de
2575,Täuffelen,Täuffelen,751,BE,99,47.06668,7.19946,de
2575,Hagneck,Hagneck,736,BE,96,47.05901,7.18823,de
2575,Hagneck,Täuffelen,751,BE,2,47.05722,7.19295,de
2575,Hagneck,Lüscherz,497,BE,1,47.05824,7.17758,de
2575,Täuffelen,Hagneck,736,BE,0,47.06112,7.19262,de
2576,Lüscherz,Lüscherz,497,BE,85,47.04586,7.15191,de
2576,Lüscherz,Vinelz,502,BE,14,47.04127,7.13596,de
2577,Finsterhennen,Finsterhennen,493,BE,100,47.02458,7.17976,de
2577,Siselen BE,Siselen,499,BE,100,47.03218,7.18856,de
2603,Péry,Péry-La Heutte,450,BE,98,47.19261,7.24786,fr
2603,Péry,Romont (BE),442,BE,1,47.21424,7.33322,fr
2604,La Heutte,Péry-La Heutte,450,BE,100,47.19069,7.22457,fr
2605,Sonceboz-Sombeval,Sonceboz-Sombeval,444,BE,100,47.19646,7.17292,fr
2606,Corgémont,Corgémont,431,BE,99,47.19404,7.14159,fr
2606,Corgémont,Sonceboz-Sombeval,444,BE,0,47.17789,7.16587,fr
2607,Cortébert,Cortébert,433,BE,100,47.19014,7.10693,fr
2608,Courtelary,Courtelary,434,BE,100,47.17877,7.07095,fr
2608,Montagne-de-Courtelary,Cortébert,433,BE,40,47.16798,7.11652,fr
2608,Montagne-de-Courtelary,Courtelary,434,BE,40,47.16613,7.08150,fr
2608,Montagne-de-Courtelary,Cormoret,432,BE,10,47.14663,7.06196,fr
2608,Montagne-de-Courtelary,Corgémont,431,BE,9,47.17137,7.13924,fr
2610,St-Imier,Saint-Imier,443,BE,100,47.15250,6.99843,fr
2610,Les Pontins,Saint-Imier,443,BE,98,47.12938,7.00522,fr
2610,Mont-Soleil,Saint-Imier,443,BE,63,47.15919,6.98939,fr
2610,Mont-Crosin,Courtelary,434,BE,47,47.19566,7.05562,fr
2610,Mont-Soleil,Sonvilier,445,BE,35,47.14993,6.95094,fr
2610,Mont-Crosin,Villeret,448,BE,26,47.17550,7.01060,fr
2610,Mont-Crosin,Cormoret,432,BE,25,47.18367,7.03150,fr
2610,Les Pontins,Villeret,448,BE,1,47.13499,7.02690,fr
2610,Mont-Soleil,La Ferrière,435,BE,0,47.13739,6.93108,fr
2612,Cormoret,Cormoret,432,BE,100,47.17286,7.05255,fr
2613,Villeret,Villeret,448,BE,99,47.15817,7.01689,fr
2613,Villeret,Cormoret,432,BE,0,47.15369,7.04532,fr
2615,Montagne-de-Sonvilier,Sonvilier,445,BE,100,47.12290,6.95815,fr
2615,Sonvilier,Sonvilier,445,BE,100,47.13879,6.96502,fr
2616,La Cibourg,Renan (BE),441,BE,100,47.11889,6.89228,fr
2616,Renan BE,Renan (BE),441,BE,94,47.12270,6.92312,fr
2616,Renan BE,La Chaux-de-Fonds,6421,NE,3,47.09639,6.86794,fr
2616,Renan BE,Val-de-Ruz,6487,NE,1,47.08465,6.87064,fr
2710,Tavannes,Tavannes,713,BE,99,47.22151,7.19874,fr
2710,Tavannes,Reconvilier,703,BE,0,47.23651,7.18578,fr
2712,Le Fuet,Saicourt,706,BE,85,47.24415,7.18204,fr
2712,Le Fuet,Petit-Val,716,BE,14,47.26128,7.18809,fr
2713,Bellelay,Saicourt,706,BE,100,47.26289,7.16500,fr
2714,Le Prédame,Les Genevez (JU),6748,JU,100,47.25406,7.10282,fr
2714,Les Genevez JU,Les Genevez (JU),6748,JU,100,47.25674,7.13111,fr
2715,Châtelat,Petit-Val,716,BE,100,47.27211,7.19404,fr
2715,Monible,Petit-Val,716,BE,100,47.27756,7.20073,fr
2716,Sornetan,Petit-Val,716,BE,100,47.27435,7.21782,fr
2717,Fornet-Dessous,Petit-Val,716,BE,100,47.27992,7.17358,fr
2717,Rebévelier,Rebévelier,715,BE,100,47.28934,7.17898,fr
2718,Lajoux JU,Lajoux (JU),6750,JU,98,47.27845,7.13890,fr
2718,Fornet-Dessus,Lajoux (JU),6750,JU,90,47.27914,7.15876,fr
2718,Fornet-Dessus,Saulcy,6722,JU,9,47.28901,7.15181,fr
2718,Lajoux JU,Montfaucon,6751,JU,1,47.26934,7.09862,fr
2720,Tramelan,Tramelan,446,BE,99,47.22342,7.10308,fr
2720,La Tanne,Corgémont,431,BE,40,47.21101,7.13192,fr
2720,La Tanne,Tramelan,446,BE,22,47.21692,7.11984,fr
2720,La Tanne,Sonceboz-Sombeval,444,BE,19,47.20896,7.17311,fr
2720,La Tanne,Tavannes,713,BE,16,47.22242,7.15544,fr
2720,Tramelan,Saicourt,706,BE,0,47.24318,7.15180,fr
2720,Tramelan,Mont-Tramelan,437,BE,0,47.23691,7.15012,fr
2722,Les Reussilles,Tramelan,446,BE,100,47.22581,7.07993,fr
2723,Mont-Tramelan,Mont-Tramelan,437,BE,76,47.20770,7.05790,fr
2723,Mont-Tramelan,Tramelan,446,BE,12,47.21137,7.07413,fr
2723,Mont-Tramelan,Cortébert,433,BE,6,47.20177,7.09411,fr
2723,Mont-Tramelan,Courtelary,434,BE,4,47.20625,7.03659,fr
2732,Loveresse,Loveresse,696,BE,100,47.24062,7.23687,fr
2732,Saicourt,Saicourt,706,BE,100,47.24356,7.20591,fr
2732,Saules BE,Saules (BE),707,BE,100,47.24769,7.21910,fr
2732,Reconvilier,Reconvilier,703,BE,97,47.23499,7.22395,fr
2732,Reconvilier,Péry-La Heutte,450,BE,2,47.20682,7.22619,fr
2733,Pontenet,Valbirse,717,BE,99,47.24118,7.25504,fr
2733,Pontenet,Loveresse,696,BE,0,47.23783,7.24799,fr
2735,Bévilard,Valbirse,717,BE,100,47.23890,7.28449,fr
2735,Malleray,Valbirse,717,BE,99,47.23922,7.27070,fr
2735,Champoz,Champoz,683,BE,91,47.25819,7.29907,fr
2735,Champoz,Court,690,BE,8,47.25156,7.31297,fr
2735,Malleray,Péry-La Heutte,450,BE,0,47.21044,7.24319,fr
2736,Sorvilier,Sorvilier,711,BE,100,47.23902,7.30554,fr
2738,Court,Court,690,BE,100,47.24105,7.33811,fr
2740,Moutier,Moutier,6831,JU,99,47.27736,7.36911,fr
2740,Moutier,Roches (BE),704,BE,0,47.29550,7.34489,fr
2742,Perrefitte,Perrefitte,701,BE,100,47.27555,7.34206,fr
2743,Eschert,Eschert,692,BE,100,47.27630,7.39772,fr
2744,Belprahon,Belprahon,681,BE,100,47.28293,7.40544,fr
2745,Grandval,Grandval,694,BE,100,47.28284,7.42436,fr
2746,Crémines,Crémines,691,BE,100,47.28381,7.44019,fr
2747,Corcelles BE,Corcelles (BE),687,BE,100,47.28618,7.45658,fr
2747,Seehof,Seehof,709,BE,92,47.30614,7.52491,de
2747,Seehof,Aedermannsdorf,2421,SO,7,47.31453,7.55686,de
2748,Souboz,Petit-Val,716,BE,100,47.27391,7.24245,fr
2748,Les Ecorcheresses,Petit-Val,716,BE,64,47.28000,7.27384,fr
2748,Les Ecorcheresses,Haute-Sorne,6729,JU,35,47.28997,7.24579,fr
2762,Roches BE,Roches (BE),704,BE,100,47.30244,7.37931,fr
2800,Delémont,Delémont,6711,JU,99,47.36623,7.34750,fr
2800,Delémont,Courrendlin,6708,JU,0,47.35286,7.36162,fr
2800,Delémont,Develier,6712,JU,0,47.35806,7.31255,fr
2802,Develier,Develier,6712,JU,100,47.35848,7.29526,fr
2803,Bourrignon,Bourrignon,6703,JU,99,47.39586,7.24657,fr
2803,Bourrignon,Pleigne,6719,JU,0,47.39748,7.28212,fr
2805,Soyhières,Soyhières,6724,JU,88,47.39285,7.37245,fr
2805,Soyhières,Courroux,6709,JU,11,47.38836,7.38056,fr
2806,Mettembert,Mettembert,6716,JU,87,47.39799,7.32202,fr
2806,Mettembert,Delémont,6711,JU,6,47.39209,7.30260,fr
2806,Mettembert,Pleigne,6719,JU,5,47.39315,7.29664,fr
2807,Pleigne,Pleigne,6719,JU,100,47.40758,7.29081,fr
2807,Lucelle,La Baroche,6810,JU,50,47.42194,7.24240,fr
2807,Lucelle,Pleigne,6719,JU,50,47.41744,7.24335,fr
2812,Movelier,Movelier,6718,JU,100,47.40969,7.31592,fr
2813,Ederswiler,Ederswiler,6713,JU,81,47.42570,7.33410,de
2813,Ederswiler,Pleigne,6719,JU,12,47.43369,7.31442,de
2813,Ederswiler,Movelier,6718,JU,5,47.41491,7.33962,de
2814,Roggenburg,Roggenburg,2790,BL,95,47.43367,7.34084,de
2814,Roggenburg,Kleinlützel,2619,SO,1,47.42165,7.38072,de
2814,Roggenburg,Ederswiler,6713,JU,1,47.41807,7.35723,de
2814,Roggenburg,Pleigne,6719,JU,0,47.43963,7.32694,de
2822,Courroux,Courroux,6709,JU,100,47.35967,7.37665,fr
2823,Courcelon,Courroux,6709,JU,100,47.36248,7.39180,fr
2824,Vicques,Val Terbi,6730,JU,99,47.34985,7.41247,fr
2824,Vicques,Courchapoix,6706,JU,0,47.35775,7.44449,fr
2825,Courchapoix,Courchapoix,6706,JU,100,47.34933,7.45437,fr
2826,Corban,Val Terbi,6730,JU,100,47.34717,7.47553,fr
2827,Mervelier,Mervelier,6715,JU,100,47.34369,7.50009,fr
2827,Schelten,Schelten,708,BE,75,47.33251,7.55160,de
2827,Schelten,Beinwil (SO),2612,SO,24,47.34374,7.56259,de
2828,Montsevelier,Val Terbi,6730,JU,100,47.36083,7.50651,fr
2829,Vermes,Val Terbi,6730,JU,100,47.32515,7.47750,fr
2830,Vellerat,Courrendlin,6708,JU,100,47.31971,7.37003,fr
2830,Courrendlin,Courrendlin,6708,JU,98,47.33851,7.37302,fr
2830,Courrendlin,Courroux,6709,JU,1,47.34323,7.39508,fr
2832,Rebeuvelier,Courrendlin,6708,JU,98,47.32544,7.41597,fr
2832,Rebeuvelier,Val Terbi,6730,JU,1,47.33065,7.43296,fr
2842,Rossemaison,Rossemaison,6721,JU,100,47.34615,7.34510,fr
2843,Châtillon JU,Châtillon (JU),6704,JU,100,47.32841,7.34410,fr
2852,Courtételle,Courtételle,6710,JU,99,47.34079,7.31774,fr
2852,Courtételle,Delémont,6711,JU,0,47.35457,7.32839,fr
2853,Courfaivre,Haute-Sorne,6729,JU,99,47.33425,7.28302,fr
2853,Courfaivre,Courtételle,6710,JU,0,47.33146,7.30180,fr
2854,Bassecourt,Haute-Sorne,6729,JU,100,47.33769,7.24285,fr
2855,Glovelier,Haute-Sorne,6729,JU,100,47.33459,7.20321,fr
2856,Boécourt,Boécourt,6702,JU,100,47.35017,7.21414,fr
2857,Montavon,Boécourt,6702,JU,100,47.36960,7.23179,fr
2863,Undervelier,Haute-Sorne,6729,JU,100,47.30291,7.22440,fr
2864,Soulce,Haute-Sorne,6729,JU,100,47.30392,7.27006,fr
2873,Saulcy,Saulcy,6722,JU,98,47.30270,7.15629,fr
2873,Saulcy,Saint-Brais,6758,JU,1,47.29740,7.12466,fr
2882,St-Ursanne,Clos du Doubs,6808,JU,98,47.36477,7.15628,fr
2882,St-Ursanne,Saint-Brais,6758,JU,1,47.32040,7.10952,fr
2883,Montmelon,Clos du Doubs,6808,JU,91,47.35205,7.17273,fr
2883,Montmelon,Saint-Brais,6758,JU,5,47.33403,7.14090,fr
2883,Montmelon,Boécourt,6702,JU,3,47.35026,7.19372,fr
2884,Montenol,Clos du Doubs,6808,JU,100,47.35108,7.14843,fr
2885,Epauvillers,Clos du Doubs,6808,JU,100,47.33544,7.11497,fr
2886,Epiquerez,Clos du Doubs,6808,JU,96,47.32761,7.06556,fr
2886,Epiquerez,Saint-Brais,6758,JU,3,47.31933,7.10486,fr
2887,Soubey,Soubey,6759,JU,100,47.30882,7.04642,fr
2888,Seleute,Clos du Doubs,6808,JU,100,47.36672,7.11310,fr
2889,Ocourt,Clos du Doubs,6808,JU,100,47.35320,7.07266,fr
2900,Porrentruy,Porrentruy,6800,JU,99,47.41579,7.07407,fr
2900,Porrentruy,Courtedoux,6785,JU,0,47.40884,7.05023,fr
2900,Porrentruy,Fontenais,6790,JU,0,47.40681,7.07653,fr
2902,Fontenais,Fontenais,6790,JU,100,47.40328,7.08109,fr
2903,Villars-sur-Fontenais,Fontenais,6790,JU,100,47.38705,7.07961,fr
2904,Bressaucourt,Fontenais,6790,JU,100,47.38809,7.03680,fr
2905,Courtedoux,Courtedoux,6785,JU,100,47.40784,7.04068,fr
2906,Chevenez,Haute-Ajoie,6809,JU,100,47.39280,6.99979,fr
2907,Rocourt,Haute-Ajoie,6809,JU,100,47.39049,6.95745,fr
2908,Grandfontaine,Grandfontaine,6792,JU,100,47.39291,6.93745,fr
2912,Roche-d'Or,Haute-Ajoie,6809,JU,100,47.36589,6.95766,fr
2912,Réclère,Haute-Ajoie,6809,JU,100,47.37574,6.92315,fr
2914,Damvant,Haute-Ajoie,6809,JU,100,47.37197,6.89647,fr
2915,Bure,Bure,6778,JU,96,47.44171,7.00702,fr
2915,Bure,Basse-Allaine,6807,JU,3,47.45854,7.01716,fr
2916,Fahy,Fahy,6789,JU,100,47.41859,6.94935,fr
2922,Courchavon,Courchavon,6783,JU,100,47.43967,7.05272,fr
2923,Courtemaîche,Basse-Allaine,6807,JU,100,47.45789,7.04769,fr
2924,Montignez,Basse-Allaine,6807,JU,100,47.48631,7.05876,fr
2925,Buix,Basse-Allaine,6807,JU,100,47.48092,7.03019,fr
2926,Boncourt,Boncourt,6774,JU,100,47.49477,7.01266,fr
2932,Coeuve,Coeuve,6781,JU,100,47.45149,7.09900,fr
2933,Damphreux,Damphreux-Lugnez,6811,JU,100,47.47665,7.10381,fr
2933,Lugnez,Damphreux-Lugnez,6811,JU,100,47.48346,7.09858,fr
2935,Beurnevésin,Basse-Vendline,6812,JU,100,47.49251,7.13775,fr
2942,Alle,Alle,6771,JU,100,47.42563,7.12900,fr
2943,Vendlincourt,Vendlincourt,6806,JU,100,47.45195,7.15031,fr
2944,Bonfol,Basse-Vendline,6812,JU,100,47.47769,7.15158,fr
2946,Miécourt,La Baroche,6810,JU,100,47.42803,7.17523,fr
2947,Charmoille,La Baroche,6810,JU,100,47.42292,7.20721,fr
2950,Courgenay,Courgenay,6784,JU,100,47.40485,7.12292,fr
2950,Courtemautruy,Courgenay,6784,JU,100,47.39449,7.13864,fr
2952,Cornol,Cornol,6782,JU,100,47.40725,7.16291,fr
2953,Fregiécourt,La Baroche,6810,JU,100,47.41221,7.19757,fr
2953,Pleujouse,La Baroche,6810,JU,100,47.41160,7.21053,fr
2954,Asuel,La Baroche,6810,JU,100,47.39945,7.20490,fr
3004,Bern,Bern,351,BE,100,46.97201,7.44589,de
3005,Bern,Bern,351,BE,100,46.94076,7.44949,de
3006,Bern,Bern,351,BE,100,46.94329,7.46839,de
3007,Bern,Bern,351,BE,99,46.93958,7.43154,de
3007,Bern,Köniz,355,BE,0,46.93351,7.43463,de
3008,Bern,Bern,351,BE,100,46.94237,7.41785,de
3010,Bern,Bern,351,BE,100,46.94766,7.42410,de
3011,Bern,Bern,351,BE,100,46.94816,7.44848,de
3012,Bern,Bern,351,BE,100,46.95456,7.43170,de
3013,Bern,Bern,351,BE,100,46.95508,7.45063,de
3014,Bern,Bern,351,BE,100,46.96197,7.45389,de
3015,Bern,Bern,351,BE,100,46.93920,7.48028,de
3018,Bern,Bern,351,BE,100,46.94070,7.39066,de
3019,Bern,Bern,351,BE,100,46.93541,7.35069,de
3020,Bern,Bern,351,BE,85,46.94099,7.33716,de
3020,Bern,Frauenkappelen,663,BE,14,46.94695,7.33339,de
3027,Bern,Bern,351,BE,100,46.94865,7.38760,de
3032,Hinterkappelen,Wohlen bei Bern,360,BE,88,46.96798,7.37920,de
3032,Hinterkappelen,Bern,351,BE,11,46.96199,7.38422,de
3033,Wohlen b. Bern,Wohlen bei Bern,360,BE,97,46.97407,7.35771,de
3033,Wohlen b. Bern,Frauenkappelen,663,BE,2,46.96342,7.35708,de
3034,Murzelen,Wohlen bei Bern,360,BE,100,46.97882,7.31573,de
3035,Frieswil,Seedorf (BE),312,BE,73,46.99531,7.28572,de
3035,Frieswil,Wohlen bei Bern,360,BE,26,46.99049,7.29754,de
3036,Detligen,Radelfingen,309,BE,93,46.99865,7.26945,de
3036,Detligen,Wohlen bei Bern,360,BE,6,46.97479,7.28705,de
3037,Herrenschwanden,Kirchlindach,354,BE,94,46.97503,7.41716,de
3037,Herrenschwanden,Bern,351,BE,4,46.97241,7.42918,de
3037,Herrenschwanden,Wohlen bei Bern,360,BE,1,46.97025,7.40863,de
3038,Kirchlindach,Kirchlindach,354,BE,100,47.00060,7.41729,de
3042,Ortschwaben,Meikirch,307,BE,95,46.99495,7.39881,de
3042,Ortschwaben,Wohlen bei Bern,360,BE,2,46.99557,7.38803,de
3042,Ortschwaben,Kirchlindach,354,BE,2,46.98799,7.40894,de
3043,Uettligen,Wohlen bei Bern,360,BE,100,46.98691,7.38252,de
3044,Innerberg,Wohlen bei Bern,360,BE,100,46.99497,7.30937,de
3045,Meikirch,Meikirch,307,BE,94,47.00946,7.36633,de
3045,Meikirch,Wohlen bei Bern,360,BE,5,46.99988,7.38121,de
3046,Wahlendorf,Meikirch,307,BE,100,47.00601,7.33727,de
3047,Bremgarten b. Bern,Bremgarten bei Bern,353,BE,100,46.97645,7.43490,de
3048,Worblaufen,Ittigen,362,BE,81,46.97992,7.46272,de
3048,Worblaufen,Bern,351,BE,18,46.97209,7.46858,de
3049,Säriswil,Wohlen bei Bern,360,BE,100,46.99297,7.33726,de
3052,Zollikofen,Zollikofen,361,BE,94,46.99680,7.45177,de
3052,Zollikofen,Münchenbuchsee,546,BE,5,47.00368,7.46281,de
3053,Deisswil b. Münchenbuchsee,Deisswil bei Münchenbuchsee,535,BE,100,47.03501,7.45652,de
3053,Diemerswil,Münchenbuchsee,546,BE,100,47.01843,7.42602,de
3053,Lätti,Rapperswil (BE),310,BE,100,47.03895,7.43238,de
3053,Wiggiswil,Wiggiswil,553,BE,100,47.03040,7.46886,de
3053,Münchenbuchsee,Münchenbuchsee,546,BE,98,47.02093,7.44759,de
3053,Münchenbuchsee,Schüpfen,311,BE,0,47.03276,7.42394,de
3053,Münchenbuchsee,Moosseedorf,544,BE,0,47.01603,7.46242,de
3054,Schüpfen,Schüpfen,311,BE,100,47.04143,7.37588,de
3063,Ittigen,Ittigen,362,BE,99,46.97691,7.48217,de
3063,Ittigen,Ostermundigen,363,BE,0,46.96940,7.48640,de
3063,Ittigen,Bern,351,BE,0,46.96861,7.47182,de
3065,Bolligen,Bolligen,352,BE,98,46.97625,7.49834,de
3065,Bolligen,Ostermundigen,363,BE,1,46.96662,7.49290,de
3066,Stettlen,Stettlen,358,BE,85,46.95931,7.52621,de
3066,Stettlen,Bolligen,352,BE,12,46.96820,7.53322,de
3066,Stettlen,Ostermundigen,363,BE,2,46.95918,7.51172,de
3066,Stettlen,Vechigen,359,BE,0,46.97447,7.54915,de
3067,Boll,Vechigen,359,BE,99,46.95538,7.54640,de
3067,Boll,Stettlen,358,BE,0,46.96208,7.53415,de
3068,Utzigen,Vechigen,359,BE,99,46.96039,7.56847,de
3068,Utzigen,Worb,627,BE,0,46.94978,7.59169,de
3068,Utzigen,Walkringen,626,BE,0,46.95950,7.60717,de
3072,Ostermundigen,Ostermundigen,363,BE,98,46.95562,7.49012,de
3072,Ostermundigen,Bern,351,BE,1,46.96622,7.48306,de
3073,Gümligen,Muri bei Bern,356,BE,99,46.93384,7.50532,de
3073,Gümligen,Bern,351,BE,0,46.93915,7.49257,de
3073,Gümligen,Ostermundigen,363,BE,0,46.95014,7.50945,de
3073,Gümligen,Allmendingen,630,BE,0,46.92731,7.51541,de
3074,Muri b. Bern,Muri bei Bern,356,BE,100,46.92925,7.48706,de
3075,Rüfenacht BE,Worb,627,BE,100,46.93034,7.53525,de
3075,Vielbringen b. Worb,Worb,627,BE,100,46.91636,7.54743,de
3076,Worb,Worb,627,BE,95,46.92931,7.56776,de
3076,Worb,Vechigen,359,BE,3,46.94133,7.53796,de
3076,Worb,Muri bei Bern,356,BE,0,46.94258,7.51833,de
3076,Worb,Stettlen,358,BE,0,46.94357,7.52248,de
3077,Enggistein,Worb,627,BE,100,46.93243,7.59749,de
3078,Richigen,Worb,627,BE,100,46.91811,7.58223,de
3082,Schlosswil,Grosshöchstetten,608,BE,75,46.91063,7.61506,de
3082,Schlosswil,Worb,627,BE,24,46.91813,7.61058,de
3083,Trimstein,Münsingen,616,BE,100,46.90376,7.57896,de
3084,Wabern,Köniz,355,BE,96,46.92869,7.45493,de
3084,Wabern,Bern,351,BE,3,46.93184,7.44754,de
3086,Englisberg,Wald (BE),888,BE,100,46.89680,7.46447,de
3086,Zimmerwald,Wald (BE),888,BE,91,46.88004,7.47337,de
3086,Zimmerwald,Belp,861,BE,5,46.88216,7.48414,de
3086,Zimmerwald,Niedermuhlern,877,BE,1,46.86881,7.46881,de
3086,Zimmerwald,Oberbalm,357,BE,0,46.87842,7.43995,de
3087,Niedermuhlern,Niedermuhlern,877,BE,83,46.85825,7.46196,de
3087,Niedermuhlern,Wald (BE),888,BE,13,46.86625,7.44549,de
3087,Niedermuhlern,Rüeggisberg,880,BE,2,46.84993,7.43444,de
3088,Oberbütschel,Rüeggisberg,880,BE,100,46.83986,7.45578,de
3088,Rüeggisberg,Rüeggisberg,880,BE,100,46.82265,7.43863,de
3089,Hinterfultigen,Rüeggisberg,880,BE,100,46.83842,7.40786,de
3095,Spiegel b. Bern,Köniz,355,BE,100,46.92571,7.43421,de
3096,Oberbalm,Oberbalm,357,BE,99,46.86627,7.40543,de
3096,Oberbalm,Wald (BE),888,BE,0,46.87230,7.43643,de
3097,Liebefeld,Köniz,355,BE,99,46.93033,7.41774,de
3097,Liebefeld,Bern,351,BE,0,46.93420,7.42403,de
3098,Köniz,Köniz,355,BE,100,46.92273,7.41458,de
3098,Schliern b. Köniz,Köniz,355,BE,100,46.91049,7.41497,de
3099,Rüti b. Riggisberg,Riggisberg,879,BE,95,46.78395,7.45934,de
3099,Rüti b. Riggisberg,Rüeggisberg,880,BE,3,46.72481,7.44955,de
3099,Rüti b. Riggisberg,Rüschegg,853,BE,0,46.72942,7.43966,de
3110,Münsingen,Münsingen,616,BE,100,46.87387,7.55944,de
3111,Tägertschi,Münsingen,616,BE,100,46.87647,7.58426,de
3112,Allmendingen b. Bern,Allmendingen,630,BE,96,46.91554,7.52092,de
3112,Allmendingen b. Bern,Rubigen,623,BE,3,46.90868,7.53313,de
3113,Rubigen,Rubigen,623,BE,98,46.89809,7.54370,de
3113,Rubigen,Worb,627,BE,1,46.91194,7.55886,de
3114,Wichtrach,Wichtrach,632,BE,99,46.84437,7.57397,de
3114,Wichtrach,Kiesen,611,BE,0,46.82745,7.57813,de
3115,Gerzensee,Gerzensee,866,BE,96,46.84056,7.54360,de
3115,Gerzensee,Belp,861,BE,2,46.86565,7.54040,de
3115,Gerzensee,Kirchdorf (BE),872,BE,1,46.83422,7.52892,de
3116,Kirchdorf BE,Kirchdorf (BE),872,BE,100,46.82000,7.54779,de
3116,Mühledorf BE,Kirchdorf (BE),872,BE,100,46.82866,7.53778,de
3116,Noflen BE,Kirchdorf (BE),872,BE,100,46.80594,7.54513,de
3122,Kehrsatz,Kehrsatz,870,BE,98,46.91173,7.46888,de
3122,Kehrsatz,Belp,861,BE,1,46.89768,7.47983,de
3123,Belp,Belp,861,BE,99,46.89194,7.50183,de
3123,Belp,Kehrsatz,870,BE,0,46.90321,7.48164,de
3123,Belp,Toffen,884,BE,0,46.87605,7.49407,de
3124,Belpberg,Belp,861,BE,100,46.86740,7.52530,de
3125,Toffen,Toffen,884,BE,92,46.86016,7.49281,de
3125,Toffen,Belp,861,BE,6,46.86035,7.50550,de
3125,Toffen,Kirchdorf (BE),872,BE,1,46.85566,7.50607,de
3126,Gelterfingen,Kirchdorf (BE),872,BE,100,46.84085,7.51881,de
3126,Kaufdorf,Kaufdorf,869,BE,100,46.83815,7.49804,de
3127,Lohnstorf,Thurnen,889,BE,100,46.80796,7.50943,de
3127,Mühlethurnen,Thurnen,889,BE,100,46.81456,7.51010,de
3128,Kirchenthurnen,Thurnen,889,BE,100,46.82338,7.50264,de
3128,Rümligen,Riggisberg,879,BE,100,46.82900,7.49515,de
3132,Riggisberg,Riggisberg,879,BE,99,46.81046,7.47761,de
3132,Riggisberg,Rüeggisberg,880,BE,0,46.82087,7.47578,de
3144,Gasel,Köniz,355,BE,100,46.89773,7.40153,de
3145,Niederscherli,Köniz,355,BE,99,46.88392,7.39106,de
3145,Niederscherli,Oberbalm,357,BE,0,46.88237,7.38765,de
3147,Mittelhäusern,Köniz,355,BE,98,46.87450,7.36785,de
3147,Mittelhäusern,Oberbalm,357,BE,1,46.85503,7.38710,de
3148,Lanzenhäusern,Schwarzenburg,855,BE,100,46.84418,7.35760,de
3150,Schwarzenburg,Schwarzenburg,855,BE,99,46.81771,7.34223,de
3150,Schwarzenburg,Guggisberg,852,BE,0,46.79620,7.34611,de
3152,Mamishaus,Schwarzenburg,855,BE,99,46.81620,7.37638,de
3152,Mamishaus,Rüschegg,853,BE,0,46.80625,7.39872,de
3153,Rüschegg Gambach,Rüschegg,853,BE,100,46.77690,7.37933,de
3154,Rüschegg Heubach,Rüschegg,853,BE,88,46.78028,7.40488,de
3154,Rüschegg Heubach,Rüeggisberg,880,BE,9,46.79000,7.42004,de
3154,Rüschegg Heubach,Schwarzenburg,855,BE,1,46.80244,7.40053,de
3155,Helgisried-Rohrbach,Rüeggisberg,880,BE,100,46.81204,7.42238,de
3156,Riffenmatt,Guggisberg,852,BE,78,46.76571,7.34632,de
3156,Riffenmatt,Rüschegg,853,BE,21,46.74857,7.38388,de
3157,Milken,Schwarzenburg,855,BE,81,46.79527,7.36202,de
3157,Milken,Guggisberg,852,BE,17,46.78598,7.34991,de
3157,Milken,Rüschegg,853,BE,1,46.78418,7.36413,de
3158,Guggisberg,Guggisberg,852,BE,100,46.76143,7.31950,de
3159,Riedstätt,Guggisberg,852,BE,100,46.78566,7.32585,de
3172,Niederwangen b. Bern,Köniz,355,BE,99,46.92564,7.37615,de
3172,Niederwangen b. Bern,Bern,351,BE,0,46.93057,7.38104,de
3173,Oberwangen b. Bern,Köniz,355,BE,100,46.91357,7.35949,de
3174,Thörishaus,Köniz,355,BE,58,46.89863,7.35550,de
3174,Thörishaus,Neuenegg,670,BE,41,46.89345,7.34582,de
3175,Flamatt,Wünnewil-Flamatt,2309,FR,99,46.89012,7.31890,de
3175,Flamatt,Ueberstorf,2308,FR,0,46.88750,7.31269,de
3176,Neuenegg,Neuenegg,670,BE,100,46.89638,7.30573,de
3177,Laupen BE,Laupen,667,BE,97,46.90590,7.23956,de
3177,Laupen BE,Neuenegg,670,BE,1,46.91163,7.25657,de
3177,Laupen BE,Ferenbalm,662,BE,0,46.92003,7.23237,de
3178,Bösingen,Bösingen,2295,FR,100,46.89384,7.23096,de
3179,Kriechenwil,Kriechenwil,666,BE,98,46.91095,7.22222,de
3179,Kriechenwil,Gurmels,2262,FR,1,46.91754,7.20641,de
3182,Ueberstorf,Ueberstorf,2308,FR,99,46.86875,7.32063,de
3182,Ueberstorf,Tafers,2306,FR,0,46.85423,7.28648,de
3182,Ueberstorf,Schmitten (FR),2305,FR,0,46.85434,7.28283,de
3183,Albligen,Schwarzenburg,855,BE,100,46.85245,7.31921,de
3184,Wünnewil,Wünnewil-Flamatt,2309,FR,99,46.87237,7.27640,de
3184,Wünnewil,Bösingen,2295,FR,0,46.89028,7.27052,de
3185,Schmitten FR,Schmitten (FR),2305,FR,97,46.85414,7.24753,de
3185,Schmitten FR,Bösingen,2295,FR,1,46.86715,7.24183,de
3185,Schmitten FR,Tafers,2306,FR,0,46.84460,7.26751,de
3185,Schmitten FR,Wünnewil-Flamatt,2309,FR,0,46.86397,7.26162,de
3186,Düdingen,Düdingen,2293,FR,100,46.84791,7.19162,de
3202,Frauenkappelen,Frauenkappelen,663,BE,88,46.95419,7.33693,de
3202,Frauenkappelen,Mühleberg,668,BE,11,46.95142,7.29852,de
3203,Mühleberg,Mühleberg,668,BE,100,46.95953,7.26814,de
3204,Rosshäusern,Mühleberg,668,BE,75,46.93625,7.28476,de
3204,Rosshäusern,Neuenegg,670,BE,24,46.91898,7.27247,de
3205,Gümmenen,Mühleberg,668,BE,76,46.94364,7.25487,de
3205,Gümmenen,Ferenbalm,662,BE,21,46.94289,7.23664,de
3205,Gümmenen,Gurmels,2262,FR,1,46.93459,7.23392,de
3206,Biberen,Ferenbalm,662,BE,100,46.93970,7.21181,de
3206,Ferenbalm,Ferenbalm,662,BE,100,46.95637,7.21476,de
3206,Gammen,Ferenbalm,662,BE,100,46.92056,7.22733,de
3206,Rizenbach,Ferenbalm,662,BE,100,46.94372,7.22651,de
3206,Wallenbuch,Gurmels,2262,FR,100,46.92923,7.22443,de
3207,Golaten,Kallnach,304,BE,96,46.98684,7.24009,de
3207,Wileroltigen,Wileroltigen,671,BE,92,46.97083,7.23890,de
3207,Wileroltigen,Ferenbalm,662,BE,6,46.95860,7.23597,de
3207,Golaten,Kerzers,2265,FR,3,46.98313,7.23059,de
3207,Wileroltigen,Kerzers,2265,FR,1,46.97919,7.22912,de
3208,Gurbrü,Gurbrü,665,BE,100,46.96440,7.21563,de
3210,Kerzers,Kerzers,2265,FR,98,46.97450,7.19864,de
3210,Kerzers,Gurbrü,665,BE,0,46.96257,7.19577,de
3210,Kerzers,Ried bei Kerzers,2276,FR,0,46.96514,7.19414,de
3212,Gurmels,Gurmels,2262,FR,100,46.89187,7.17507,de
3212,Kleingurmels,Gurmels,2262,FR,97,46.88518,7.18447,de
3212,Kleingurmels,Courtepin,2254,FR,2,46.88204,7.18513,de
3213,Kleinbösingen,Kleinbösingen,2266,FR,100,46.88965,7.19668,de
3213,Liebistorf,Gurmels,2262,FR,100,46.90661,7.19187,de
3214,Ulmiz,Gurmels,2262,FR,100,46.93343,7.19877,de
3215,Büchslen,Murten,2275,FR,100,46.94523,7.18026,de
3215,Gempenach,Murten,2275,FR,100,46.94100,7.19594,de
3215,Lurtigen,Murten,2275,FR,100,46.92858,7.17242,de
3216,Agriswil,Ried bei Kerzers,2276,FR,100,46.95431,7.19786,de
3216,Ried b. Kerzers,Ried bei Kerzers,2276,FR,100,46.95717,7.18613,de
3225,Müntschemier,Müntschemier,498,BE,100,46.99564,7.14395,de
3226,Treiten,Treiten,500,BE,93,47.00884,7.16115,de
3226,Treiten,Kallnach,304,BE,6,47.00166,7.17799,de
3232,Ins,Ins,496,BE,99,47.00522,7.10472,de
3232,Ins,Erlach,492,BE,0,47.02421,7.09410,de
3233,Tschugg,Tschugg,501,BE,99,47.02619,7.07568,de
3233,Tschugg,Erlach,492,BE,0,47.03207,7.09248,de
3234,Vinelz,Vinelz,502,BE,100,47.03344,7.11174,de
3235,Erlach,Erlach,492,BE,91,47.04235,7.09697,de
3235,Erlach,Twann-Tüscherz,756,BE,5,47.05847,7.12827,de
3235,Erlach,Gals,494,BE,2,47.04064,7.08280,de
3236,Gampelen,Gampelen,495,BE,90,47.01250,7.05575,de
3236,Gampelen,Ins,496,BE,8,46.98599,7.06042,de
3236,Gampelen,Mont-Vully,2284,FR,0,46.97141,7.07282,de
3236,Gampelen,Laténa,6513,NE,0,46.98014,7.03819,de
3237,Brüttelen,Brüttelen,491,BE,100,47.02224,7.14707,de
3238,Gals,Gals,494,BE,100,47.02646,7.04703,de
3250,Lyss,Lyss,306,BE,99,47.07414,7.30738,de
3250,Lyss,Kappelen,305,BE,0,47.07090,7.29243,de
3250,Lyss,Aarberg,301,BE,0,47.05451,7.30738,de
3251,Ruppoldsried,Rapperswil (BE),310,BE,100,47.08749,7.42528,de
3251,Wengi b. Büren,Wengi,394,BE,99,47.08496,7.39171,de
3251,Wengi b. Büren,Rapperswil (BE),310,BE,0,47.07958,7.41219,de
3252,Worben,Worben,755,BE,97,47.10185,7.29632,de
3252,Worben,Kappelen,305,BE,2,47.09109,7.29265,de
3253,Schnottwil,Schnottwil,2461,SO,100,47.11052,7.39075,de
3254,Balm b. Messen,Messen,2457,SO,100,47.10381,7.43108,de
3254,Messen,Messen,2457,SO,92,47.09151,7.44566,de
3254,Messen,Rapperswil (BE),310,BE,7,47.09475,7.43617,de
3255,Rapperswil BE,Rapperswil (BE),310,BE,100,47.06461,7.40750,de
3256,Bangerten b. Dieterswil,Rapperswil (BE),310,BE,100,47.05617,7.44669,de
3256,Dieterswil,Rapperswil (BE),310,BE,100,47.05421,7.42772,de
3256,Seewil,Rapperswil (BE),310,BE,100,47.04782,7.40826,de
3257,Ammerzwil BE,Grossaffoltern,303,BE,100,47.07054,7.34168,de
3257,Grossaffoltern,Grossaffoltern,303,BE,99,47.06742,7.36033,de
3257,Grossaffoltern,Wengi,394,BE,0,47.08067,7.38389,de
3262,Suberg,Grossaffoltern,303,BE,100,47.05822,7.33945,de
3263,Büetigen,Büetigen,382,BE,100,47.10513,7.34104,de
3264,Diessbach b. Büren,Diessbach bei Büren,385,BE,100,47.10798,7.36054,de
3266,Wiler b. Seedorf,Seedorf (BE),312,BE,100,47.04824,7.31930,de
3267,Seedorf BE,Seedorf (BE),312,BE,99,47.03176,7.31453,de
3267,Seedorf BE,Aarberg,301,BE,0,47.03908,7.29603,de
3268,Lobsigen,Seedorf (BE),312,BE,100,47.02413,7.29600,de
3270,Aarberg,Aarberg,301,BE,99,47.04498,7.27580,de
3270,Aarberg,Seedorf (BE),312,BE,0,47.03117,7.27628,de
3271,Radelfingen b. Aarberg,Radelfingen,309,BE,100,47.02182,7.27404,de
3272,Epsach,Epsach,735,BE,100,47.06860,7.21779,de
3272,Walperswil,Walperswil,754,BE,100,47.06025,7.22867,de
3273,Kappelen,Kappelen,305,BE,98,47.06149,7.26678,de
3273,Kappelen,Aarberg,301,BE,1,47.05647,7.27317,de
3274,Bühl b. Aarberg,Bühl,734,BE,100,47.07008,7.24388,de
3274,Hermrigen,Hermrigen,737,BE,100,47.08177,7.24364,de
3274,Merzligen,Merzligen,741,BE,100,47.08885,7.24926,de
3280,Meyriez,Meyriez,2271,FR,100,46.92264,7.10683,de
3280,Greng,Greng,2261,FR,97,46.91443,7.08971,de
3280,Murten,Murten,2275,FR,96,46.92615,7.12008,de
3280,Murten,Courgevaux,2250,FR,3,46.91683,7.10844,de
3280,Greng,Murten,2275,FR,2,46.91562,7.09731,de
3280,Murten,Meyriez,2271,FR,0,46.92446,7.11191,de
3282,Bargen BE,Bargen (BE),302,BE,100,47.03883,7.26177,de
3283,Niederried b. Kallnach,Kallnach,304,BE,100,47.01052,7.24774,de
3283,Kallnach,Kallnach,304,BE,98,47.02095,7.23485,de
3283,Kallnach,Bargen (BE),302,BE,1,47.03559,7.23067,de
3284,Fräschels,Fräschels,2258,FR,100,46.99705,7.20847,de
3285,Galmiz,Murten,2275,FR,100,46.94900,7.15695,de
3286,Muntelier,Muntelier,2274,FR,100,46.93748,7.12777,de
3292,Busswil BE,Lyss,306,BE,100,47.10024,7.32403,de
3293,Dotzigen,Dotzigen,386,BE,100,47.11944,7.34081,de
3294,Meienried,Meienried,389,BE,100,47.13906,7.33858,de
3294,Büren an der Aare,Büren an der Aare,383,BE,99,47.14020,7.37268,de
3294,Büren an der Aare,Dotzigen,386,BE,0,47.13592,7.35617,de
3295,Rüti b. Büren,Rüti bei Büren,393,BE,100,47.15143,7.40563,de
3296,Arch,Arch,381,BE,100,47.16630,7.42878,de
3297,Leuzigen,Leuzigen,388,BE,100,47.17462,7.45737,de
3298,Oberwil b. Büren,Oberwil bei Büren,391,BE,100,47.12904,7.40720,de
3302,Moosseedorf,Moosseedorf,544,BE,100,47.01368,7.48378,de
3303,Ballmoos,Jegenstorf,540,BE,100,47.04088,7.47347,de
3303,Jegenstorf,Jegenstorf,540,BE,100,47.05087,7.50562,de
3303,Münchringen,Jegenstorf,540,BE,100,47.04488,7.52063,de
3303,Zuzwil BE,Zuzwil (BE),557,BE,100,47.05209,7.47127,de
3305,Iffwil,Iffwil,541,BE,100,47.06410,7.47867,de
3305,Scheunen,Jegenstorf,540,BE,100,47.06893,7.45717,de
3306,Etzelkofen,Fraubrunnen,538,BE,100,47.08574,7.47839,de
3307,Brunnenthal,Messen,2457,SO,100,47.08664,7.46816,de
3308,Grafenried,Fraubrunnen,538,BE,100,47.07837,7.50859,de
3309,Kernenried,Kernenried,411,BE,100,47.07246,7.54878,de
3309,Zauggenried,Fraubrunnen,538,BE,100,47.07407,7.54150,de
3312,Fraubrunnen,Fraubrunnen,538,BE,100,47.08581,7.52568,de
3313,Büren zum Hof,Fraubrunnen,538,BE,100,47.09488,7.51440,de
3314,Schalunen,Fraubrunnen,538,BE,89,47.11068,7.52685,de
3314,Schalunen,Bätterkinden,533,BE,10,47.11368,7.53030,de
3315,Bätterkinden,Bätterkinden,533,BE,100,47.13122,7.53807,de
3315,Kräiligen,Bätterkinden,533,BE,100,47.14732,7.53284,de
3317,Limpach,Fraubrunnen,538,BE,100,47.10874,7.49533,de
3317,Mülchi,Fraubrunnen,538,BE,100,47.10079,7.47781,de
3322,Mattstetten,Mattstetten,543,BE,100,47.03000,7.51283,de
3322,Urtenen-Schönbühl,Urtenen-Schönbühl,551,BE,94,47.02242,7.49986,de
3322,Urtenen-Schönbühl,Moosseedorf,544,BE,5,47.01266,7.49802,de
3322,Urtenen-Schönbühl,Mattstetten,543,BE,0,47.01920,7.51412,de
3323,Bäriswil BE,Bäriswil,403,BE,100,47.01964,7.52818,de
3324,Mötschwil,Hindelbank,409,BE,100,47.04895,7.56839,de
3324,Hindelbank,Hindelbank,409,BE,99,47.04473,7.54115,de
3324,Hindelbank,Lyssach,415,BE,0,47.05573,7.55726,de
3325,Hettiswil b. Hindelbank,Krauchthal,414,BE,92,47.03135,7.55599,de
3325,Hettiswil b. Hindelbank,Hindelbank,409,BE,7,47.03990,7.57375,de
3326,Krauchthal,Krauchthal,414,BE,98,47.00778,7.56193,de
3326,Krauchthal,Bolligen,352,BE,1,46.99688,7.53580,de
3360,Herzogenbuchsee,Herzogenbuchsee,979,BE,99,47.18904,7.70640,de
3360,Herzogenbuchsee,Thörigen,989,BE,0,47.18293,7.71648,de
3362,Niederönz,Niederönz,982,BE,100,47.18644,7.69140,de
3363,Oberönz,Herzogenbuchsee,979,BE,100,47.18115,7.69437,de
3365,Seeberg,Seeberg,988,BE,100,47.15594,7.66610,de
3365,Grasswil,Seeberg,988,BE,99,47.14364,7.66960,de
3365,Grasswil,Aeschi (SO),2511,SO,0,47.15286,7.68833,de
3366,Bettenhausen,Bettenhausen,973,BE,100,47.17317,7.71315,de
3366,Bollodingen,Bettenhausen,973,BE,100,47.16779,7.71073,de
3367,Ochlenberg,Ochlenberg,985,BE,100,47.15381,7.74172,de
3367,Thörigen,Thörigen,989,BE,100,47.17408,7.72768,de
3368,Bleienbach,Bleienbach,324,BE,98,47.18421,7.75631,de
3368,Bleienbach,Lotzwil,331,BE,1,47.19015,7.76415,de
3372,Wanzwil,Heimenhausen,977,BE,100,47.20041,7.69249,de
3373,Heimenhausen,Heimenhausen,977,BE,100,47.20945,7.69945,de
3373,Röthenbach Herzogenbuchsee,Heimenhausen,977,BE,100,47.20431,7.68187,de
3374,Wangenried,Wangen an der Aare,992,BE,100,47.21890,7.65645,de
3375,Inkwil,Inkwil,980,BE,100,47.19942,7.67235,de
3376,Berken,Berken,972,BE,100,47.22527,7.70900,de
3376,Graben,Graben,976,BE,100,47.21959,7.72175,de
3377,Walliswil b. Wangen,Walliswil bei Wangen,991,BE,100,47.23039,7.68190,de
3380,Walliswil b. Niederbipp,Walliswil bei Niederbipp,990,BE,100,47.23620,7.69087,de
3380,Wangen an der Aare,Wangen an der Aare,992,BE,94,47.23267,7.65234,de
3380,Wangen an der Aare,Wiedlisbach,995,BE,5,47.23870,7.65556,de
3400,Burgdorf,Burgdorf,404,BE,95,47.05738,7.61976,de
3400,Burgdorf,Kirchberg (BE),412,BE,4,47.06774,7.62354,de
3412,Heimiswil,Heimiswil,407,BE,100,47.05933,7.65951,de
3413,Kaltacker,Heimiswil,407,BE,95,47.07565,7.66953,de
3413,Kaltacker,Affoltern im Emmental,951,BE,3,47.07716,7.70000,de
3413,Kaltacker,Burgdorf,404,BE,1,47.06890,7.64751,de
3414,Oberburg,Oberburg,418,BE,80,47.03366,7.62264,de
3414,Oberburg,Burgdorf,404,BE,15,47.03936,7.62976,de
3414,Oberburg,Lützelflüh,955,BE,3,46.99781,7.59163,de
3415,Hasle b. Burgdorf,Hasle bei Burgdorf,406,BE,100,47.01544,7.64910,de
3415,Schafhausen im Emmental,Hasle bei Burgdorf,406,BE,99,46.99252,7.65069,de
3415,Rüegsauschachen,Rüegsau,956,BE,87,47.01836,7.66041,de
3415,Rüegsauschachen,Lützelflüh,955,BE,10,47.01435,7.66527,de
3415,Rüegsauschachen,Heimiswil,407,BE,2,47.02958,7.64934,de
3415,Schafhausen im Emmental,Walkringen,626,BE,0,46.98228,7.63708,de
3416,Affoltern im Emmental,Affoltern im Emmental,951,BE,92,47.06571,7.73082,de
3416,Affoltern im Emmental,Sumiswald,957,BE,3,47.05150,7.72962,de
3416,Affoltern im Emmental,Heimiswil,407,BE,3,47.07953,7.71695,de
3416,Affoltern im Emmental,Rüegsau,956,BE,1,47.06570,7.71110,de
3417,Rüegsau,Rüegsau,956,BE,100,47.02516,7.67265,de
3418,Rüegsbach,Rüegsau,956,BE,86,47.04142,7.69673,de
3418,Rüegsbach,Heimiswil,407,BE,11,47.05630,7.69526,de
3418,Rüegsbach,Lützelflüh,955,BE,1,47.04465,7.71491,de
3418,Rüegsbach,Affoltern im Emmental,951,BE,0,47.05543,7.71674,de
3419,Biembach im Emmental,Hasle bei Burgdorf,406,BE,87,46.99887,7.62503,de
3419,Biembach im Emmental,Lützelflüh,955,BE,12,46.99053,7.60172,de
3421,Rüti b. Lyssach,Rüti bei Lyssach,422,BE,100,47.05571,7.58063,de
3421,Lyssach,Lyssach,415,BE,89,47.06733,7.58101,de
3421,Lyssach,Oberburg,418,BE,9,47.05038,7.59358,de
3421,Lyssach,Hindelbank,409,BE,1,47.05057,7.57809,de
3422,Rüdtligen,Rüdtligen-Alchenflüh,420,BE,100,47.09129,7.56536,de
3422,Alchenflüh,Rüdtligen-Alchenflüh,420,BE,99,47.08416,7.57811,de
3422,Kirchberg BE,Kirchberg (BE),412,BE,99,47.08568,7.58648,de
3422,Alchenflüh,Lyssach,415,BE,0,47.07721,7.57463,de
3422,Kirchberg BE,Ersigen,405,BE,0,47.09282,7.58850,de
3423,Ersigen,Ersigen,405,BE,100,47.09368,7.60057,de
3424,Niederösch,Ersigen,405,BE,100,47.11752,7.61405,de
3424,Oberösch,Ersigen,405,BE,100,47.10808,7.60972,de
3425,Willadingen,Willadingen,423,BE,100,47.14480,7.61321,de
3425,Koppigen,Koppigen,413,BE,99,47.13184,7.60365,de
3425,Koppigen,Ersigen,405,BE,0,47.12411,7.60916,de
3426,Aefligen,Aefligen,401,BE,100,47.09474,7.55705,de
3427,Utzenstorf,Utzenstorf,552,BE,99,47.12982,7.55505,de
3427,Utzenstorf,Wiler bei Utzenstorf,554,BE,0,47.14209,7.55591,de
3428,Wiler b. Utzenstorf,Wiler bei Utzenstorf,554,BE,100,47.15197,7.55723,de
3429,Hellsau,Hellsau,408,BE,100,47.14579,7.64798,de
3429,Höchstetten,Höchstetten,410,BE,100,47.14340,7.63252,de
3432,Lützelflüh-Goldbach,Lützelflüh,955,BE,71,47.00590,7.68835,de
3432,Lützelflüh-Goldbach,Hasle bei Burgdorf,406,BE,28,47.00154,7.67590,de
3432,Lützelflüh-Goldbach,Rüderswil,905,BE,0,46.99160,7.68641,de
3433,Schwanden im Emmental,Rüderswil,905,BE,82,46.98068,7.69775,de
3433,Schwanden im Emmental,Lützelflüh,955,BE,12,46.97584,7.67949,de
3433,Schwanden im Emmental,Hasle bei Burgdorf,406,BE,5,46.98556,7.68302,de
3434,Landiswil,Landiswil,613,BE,99,46.95519,7.68702,de
3434,Obergoldbach,Landiswil,613,BE,89,46.95971,7.66813,de
3434,Obergoldbach,Lützelflüh,955,BE,10,46.96567,7.66446,de
3434,Landiswil,Lauperswil,903,BE,0,46.95226,7.70320,de
3435,Ramsei,Lützelflüh,955,BE,100,46.99839,7.70936,de
3436,Zollbrück,Lauperswil,903,BE,65,46.96916,7.75240,de
3436,Zollbrück,Rüderswil,905,BE,34,46.97687,7.74189,de
3437,Rüderswil,Rüderswil,905,BE,100,46.98384,7.72068,de
3438,Lauperswil,Lauperswil,903,BE,88,46.96234,7.73728,de
3438,Lauperswil,Rüderswil,905,BE,11,46.96360,7.71737,de
3439,Ranflüh,Lützelflüh,955,BE,51,46.99125,7.74363,de
3439,Ranflüh,Rüderswil,905,BE,48,46.98506,7.74548,de
3452,Grünenmatt,Lützelflüh,955,BE,100,47.00981,7.72501,de
3453,Heimisbach,Trachselwald,958,BE,98,47.01129,7.77501,de
3453,Heimisbach,Rüderswil,905,BE,0,46.99145,7.77631,de
3453,Heimisbach,Lützelflüh,955,BE,0,47.00467,7.74615,de
3454,Sumiswald,Sumiswald,957,BE,92,47.03246,7.74968,de
3454,Sumiswald,Lützelflüh,955,BE,3,47.03881,7.71588,de
3454,Sumiswald,Rüegsau,956,BE,3,47.04040,7.72296,de
3455,Grünen,Sumiswald,957,BE,100,47.02449,7.73960,de
3456,Trachselwald,Trachselwald,958,BE,76,47.01651,7.74129,de
3456,Trachselwald,Lützelflüh,955,BE,23,47.01590,7.73617,de
3457,Wasen im Emmental,Sumiswald,957,BE,99,47.04206,7.80341,de
3457,Wasen im Emmental,Wyssachen,960,BE,0,47.05620,7.80541,de
3462,Weier im Emmental,Affoltern im Emmental,951,BE,64,47.06213,7.75016,de
3462,Weier im Emmental,Sumiswald,957,BE,35,47.05843,7.77296,de
3463,Häusernmoos im Emmental,Affoltern im Emmental,951,BE,55,47.07835,7.74600,de
3463,Häusernmoos im Emmental,Dürrenroth,952,BE,37,47.07918,7.76051,de
3463,Häusernmoos im Emmental,Walterswil (BE),959,BE,6,47.09450,7.76160,de
3464,Schmidigen-Mühleweg,Walterswil (BE),959,BE,41,47.09448,7.74692,de
3464,Schmidigen-Mühleweg,Wynigen,424,BE,31,47.09561,7.73024,de
3464,Schmidigen-Mühleweg,Dürrenroth,952,BE,25,47.08817,7.74841,de
3464,Schmidigen-Mühleweg,Affoltern im Emmental,951,BE,0,47.08658,7.74525,de
3465,Dürrenroth,Dürrenroth,952,BE,100,47.08632,7.78942,de
3472,Wynigen,Wynigen,424,BE,98,47.10367,7.67383,de
3472,Rumendingen,Rumendingen,421,BE,92,47.10455,7.64268,de
3472,Rumendingen,Ersigen,405,BE,7,47.10550,7.63017,de
3472,Wynigen,Heimiswil,407,BE,1,47.08737,7.71595,de
3472,Wynigen,Burgdorf,404,BE,0,47.08209,7.64517,de
3473,Alchenstorf,Alchenstorf,402,BE,100,47.12391,7.63709,de
3474,Rüedisbach,Wynigen,424,BE,97,47.11982,7.69897,de
3474,Rüedisbach,Seeberg,988,BE,2,47.13526,7.69618,de
3475,Hermiswil,Seeberg,988,BE,100,47.15288,7.69782,de
3475,Riedtwil,Seeberg,988,BE,100,47.14197,7.69605,de
3476,Oschwand,Ochlenberg,985,BE,70,47.14255,7.72109,de
3476,Oschwand,Seeberg,988,BE,27,47.12710,7.71707,de
3476,Oschwand,Thörigen,989,BE,2,47.15914,7.72161,de
3503,Gysenstein,Konolfingen,612,BE,100,46.89340,7.59212,de
3504,Niederhünigen,Niederhünigen,617,BE,100,46.87656,7.63917,de
3504,Oberhünigen,Oberhünigen,629,BE,100,46.87876,7.65854,de
3506,Grosshöchstetten,Grosshöchstetten,608,BE,95,46.90573,7.63842,de
3506,Grosshöchstetten,Oberthal,620,BE,4,46.90971,7.64789,de
3506,Grosshöchstetten,Zäziwil,628,BE,0,46.90432,7.64925,de
3506,Grosshöchstetten,Mirchel,615,BE,0,46.89902,7.64038,de
3507,Biglen,Biglen,603,BE,96,46.92710,7.62746,de
3507,Biglen,Arni (BE),602,BE,3,46.93879,7.63198,de
3508,Arni BE,Arni (BE),602,BE,94,46.93577,7.65725,de
3508,Arni BE,Oberthal,620,BE,4,46.92271,7.65462,de
3508,Arni BE,Landiswil,613,BE,0,46.94392,7.67929,de
3510,Freimettigen,Freimettigen,607,BE,100,46.86774,7.62795,de
3510,Konolfingen,Konolfingen,612,BE,100,46.88087,7.62114,de
3510,Häutligen,Häutligen,609,BE,90,46.85773,7.60405,de
3510,Häutligen,Wichtrach,632,BE,9,46.85017,7.60440,de
3512,Walkringen,Walkringen,626,BE,100,46.94624,7.61607,de
3513,Bigenthal,Walkringen,626,BE,98,46.97021,7.62932,de
3513,Bigenthal,Hasle bei Burgdorf,406,BE,0,46.98162,7.61796,de
3513,Bigenthal,Vechigen,359,BE,0,46.97023,7.61342,de
3531,Oberthal,Oberthal,620,BE,97,46.91844,7.67896,de
3531,Oberthal,Zäziwil,628,BE,1,46.90757,7.66565,de
3531,Oberthal,Bowil,605,BE,1,46.90576,7.69190,de
3532,Mirchel,Mirchel,615,BE,99,46.89393,7.64801,de
3532,Zäziwil,Zäziwil,628,BE,99,46.89988,7.66124,de
3532,Mirchel,Oberhünigen,629,BE,0,46.88252,7.65697,de
3532,Zäziwil,Oberhünigen,629,BE,0,46.88164,7.67991,de
3533,Bowil,Bowil,605,BE,97,46.89628,7.69806,de
3533,Bowil,Röthenbach im Emmental,904,BE,2,46.88397,7.72029,de
3533,Bowil,Zäziwil,628,BE,0,46.88255,7.68422,de
3533,Bowil,Oberhünigen,629,BE,0,46.87634,7.68595,de
3534,Signau,Signau,907,BE,90,46.91656,7.72799,de
3534,Signau,Bowil,605,BE,9,46.90384,7.72014,de
3535,Schüpbach,Signau,907,BE,98,46.92781,7.74137,de
3535,Schüpbach,Langnau im Emmental,902,BE,1,46.93291,7.75717,de
3536,Aeschau,Eggiwil,901,BE,100,46.90437,7.77410,de
3537,Eggiwil,Eggiwil,901,BE,98,46.87065,7.79727,de
3537,Eggiwil,Röthenbach im Emmental,904,BE,0,46.82661,7.79429,de
3537,Eggiwil,Trubschachen,909,BE,0,46.88501,7.83045,de
3537,Eggiwil,Trub,908,BE,0,46.88717,7.86587,de
3538,Röthenbach im Emmental,Röthenbach im Emmental,904,BE,97,46.86103,7.73880,de
3538,Röthenbach im Emmental,Bowil,605,BE,1,46.86674,7.71243,de
3538,Röthenbach im Emmental,Linden,614,BE,0,46.86517,7.71253,de
3543,Emmenmatt,Lauperswil,903,BE,89,46.94653,7.73961,de
3543,Emmenmatt,Signau,907,BE,5,46.94906,7.75141,de
3543,Emmenmatt,Langnau im Emmental,902,BE,4,46.94898,7.75243,de
3550,Langnau im Emmental,Langnau im Emmental,902,BE,96,46.94073,7.78641,de
3550,Langnau im Emmental,Lauperswil,903,BE,3,46.95110,7.75742,de
3550,Langnau im Emmental,Eggiwil,901,BE,0,46.91120,7.79395,de
3551,Oberfrittenbach,Langnau im Emmental,902,BE,94,46.96881,7.79209,de
3551,Oberfrittenbach,Trachselwald,958,BE,3,46.99841,7.80631,de
3551,Oberfrittenbach,Lauperswil,903,BE,1,46.98143,7.79469,de
3552,Bärau,Langnau im Emmental,902,BE,99,46.93342,7.81282,de
3552,Bärau,Trub,908,BE,0,46.94991,7.84257,de
3553,Gohl,Langnau im Emmental,902,BE,100,46.96561,7.81615,de
3555,Trubschachen,Trubschachen,909,BE,75,46.92136,7.84247,de
3555,Trubschachen,Trub,908,BE,22,46.90913,7.87150,de
3555,Trubschachen,Langnau im Emmental,902,BE,1,46.92381,7.82494,de
3555,Trubschachen,Escholzmatt-Marbach,1010,LU,1,46.89235,7.87696,de
3556,Trub,Trub,908,BE,99,46.95149,7.87459,de
3556,Trub,Trubschachen,909,BE,0,46.93244,7.85179,de
3557,Fankhaus (Trub),Trub,908,BE,100,46.97222,7.91783,de
3600,Thun,Thun,942,BE,99,46.75492,7.62592,de
3600,Thun,Hilterfingen,929,BE,0,46.74788,7.63893,de
3603,Thun,Thun,942,BE,99,46.76567,7.60006,de
3603,Thun,Uetendorf,944,BE,0,46.77061,7.60198,de
3604,Thun,Thun,942,BE,100,46.74061,7.61993,de
3608,Thun,Thun,942,BE,100,46.74210,7.59485,de
3612,Steffisburg,Steffisburg,939,BE,99,46.77866,7.63300,de
3612,Steffisburg,Thun,942,BE,0,46.76574,7.64084,de
3612,Steffisburg,Fahrni,925,BE,0,46.78391,7.65297,de
3613,Steffisburg,Steffisburg,939,BE,85,46.76995,7.61742,de
3613,Steffisburg,Heimberg,928,BE,14,46.77245,7.60803,de
3614,Unterlangenegg,Unterlangenegg,945,BE,91,46.79622,7.69340,de
3614,Unterlangenegg,Buchholterberg,923,BE,8,46.80544,7.68803,de
3615,Heimenschwand,Buchholterberg,923,BE,98,46.82160,7.69196,de
3615,Heimenschwand,Röthenbach im Emmental,904,BE,1,46.83932,7.71345,de
3615,Heimenschwand,Linden,614,BE,0,46.83224,7.67628,de
3616,Schwarzenegg,Oberlangenegg,935,BE,61,46.79723,7.72907,de
3616,Schwarzenegg,Unterlangenegg,945,BE,37,46.79729,7.71182,de
3616,Schwarzenegg,Eriz,924,BE,0,46.78274,7.73017,de
3617,Fahrni b. Thun,Fahrni,925,BE,90,46.79605,7.65381,de
3617,Fahrni b. Thun,Steffisburg,939,BE,9,46.78974,7.66085,de
3618,Süderen,Röthenbach im Emmental,904,BE,47,46.82357,7.76488,de
3618,Süderen,Wachseldorn,946,BE,37,46.81919,7.73547,de
3618,Süderen,Oberlangenegg,935,BE,11,46.80954,7.75554,de
3618,Süderen,Eggiwil,901,BE,1,46.81600,7.81240,de
3618,Süderen,Buchholterberg,923,BE,1,46.81834,7.71847,de
3619,Eriz,Eriz,924,BE,78,46.78854,7.77755,de
3619,Eriz,Horrenbach-Buchen,932,BE,19,46.77790,7.79555,de
3619,Eriz,Sigriswil,938,BE,1,46.76125,7.78273,de
3622,Homberg b. Thun,Homberg,931,BE,100,46.77612,7.67914,de
3623,Buchen BE,Horrenbach-Buchen,932,BE,100,46.78031,7.70638,de
3623,Horrenbach,Horrenbach-Buchen,932,BE,100,46.77754,7.74548,de
3623,Teuffenthal b. Thun,Teuffenthal (BE),940,BE,73,46.77064,7.71402,de
3623,Teuffenthal b. Thun,Sigriswil,938,BE,26,46.77021,7.74765,de
3624,Goldiwil (Thun),Thun,942,BE,100,46.76270,7.66538,de
3624,Schwendibach,Steffisburg,939,BE,100,46.77155,7.66160,de
3625,Heiligenschwendi,Heiligenschwendi,927,BE,99,46.75025,7.67537,de
3625,Heiligenschwendi,Hilterfingen,929,BE,0,46.75110,7.65557,de
3626,Hünibach,Hilterfingen,929,BE,73,46.74588,7.64864,de
3626,Hünibach,Thun,942,BE,26,46.74997,7.64634,de
3627,Heimberg,Heimberg,928,BE,98,46.79034,7.60372,de
3627,Heimberg,Steffisburg,939,BE,1,46.78826,7.60899,de
3628,Uttigen,Uttigen,885,BE,100,46.79409,7.57749,de
3629,Jaberg,Jaberg,868,BE,100,46.81836,7.56810,de
3629,Oppligen,Oppligen,622,BE,100,46.81954,7.59653,de
3629,Kiesen,Kiesen,611,BE,98,46.81918,7.58140,de
3629,Kiesen,Kirchdorf (BE),872,BE,1,46.80986,7.56538,de
3631,Höfen b. Thun,Stocken-Höfen,770,BE,97,46.72210,7.56443,de
3631,Höfen b. Thun,Uebeschi,943,BE,2,46.72959,7.54536,de
3632,Niederstocken,Stocken-Höfen,770,BE,100,46.70885,7.58024,de
3632,Oberstocken,Stocken-Höfen,770,BE,100,46.71733,7.55555,de
3633,Amsoldingen,Amsoldingen,921,BE,96,46.72813,7.58333,de
3633,Amsoldingen,Thierachern,941,BE,3,46.73423,7.58220,de
3634,Thierachern,Thierachern,941,BE,100,46.75471,7.57704,de
3635,Uebeschi,Uebeschi,943,BE,98,46.73894,7.55196,de
3635,Uebeschi,Thierachern,941,BE,1,46.75061,7.54541,de
3636,Forst b. Längenbühl,Forst-Längenbühl,948,BE,100,46.76223,7.52468,de
3636,Längenbühl,Forst-Längenbühl,948,BE,98,46.75819,7.53834,de
3636,Längenbühl,Thierachern,941,BE,1,46.75642,7.54909,de
3638,Blumenstein,Blumenstein,922,BE,100,46.74024,7.52048,de
3638,Pohlern,Pohlern,936,BE,100,46.72602,7.53255,de
3645,Zwieselberg,Reutigen,767,BE,100,46.70825,7.61788,de
3645,Gwatt (Thun),Thun,942,BE,79,46.72762,7.62230,de
3645,Gwatt (Thun),Spiez,768,BE,20,46.71635,7.62985,de
3646,Einigen,Spiez,768,BE,100,46.71033,7.64240,de
3647,Reutigen,Reutigen,767,BE,100,46.69494,7.62115,de
3652,Hilterfingen,Hilterfingen,929,BE,99,46.73811,7.65930,de
3652,Hilterfingen,Oberhofen am Thunersee,934,BE,0,46.73395,7.66168,de
3653,Oberhofen am Thunersee,Oberhofen am Thunersee,934,BE,100,46.73195,7.67099,de
3654,Gunten,Sigriswil,938,BE,92,46.71450,7.70032,de
3654,Gunten,Oberhofen am Thunersee,934,BE,7,46.71764,7.68861,de
3655,Sigriswil,Sigriswil,938,BE,100,46.71645,7.71887,de
3656,Aeschlen ob Gunten,Sigriswil,938,BE,100,46.72009,7.69849,de
3656,Ringoldswil,Sigriswil,938,BE,100,46.73304,7.69309,de
3656,Tschingel ob Gunten,Sigriswil,938,BE,100,46.72444,7.70515,de
3657,Schwanden (Sigriswil),Sigriswil,938,BE,100,46.74007,7.72354,de
3658,Merligen,Sigriswil,938,BE,100,46.70018,7.73653,de
3661,Uetendorf,Uetendorf,944,BE,100,46.77408,7.58117,de
3662,Seftigen,Seftigen,883,BE,100,46.78865,7.53983,de
3663,Gurzelen,Gurzelen,867,BE,99,46.77805,7.53727,de
3663,Gurzelen,Forst-Längenbühl,948,BE,0,46.77183,7.52275,de
3664,Burgistein,Burgistein,863,BE,98,46.79120,7.50557,de
3664,Burgistein,Wattenwil,886,BE,0,46.78374,7.51678,de
3664,Burgistein,Riggisberg,879,BE,0,46.78364,7.49094,de
3664,Burgistein,Gurzelen,867,BE,0,46.78354,7.51795,de
3665,Wattenwil,Wattenwil,886,BE,99,46.76599,7.50604,de
3665,Wattenwil,Burgistein,863,BE,0,46.77926,7.49600,de
3665,Wattenwil,Forst-Längenbühl,948,BE,0,46.77257,7.52096,de
3671,Herbligen,Herbligen,610,BE,100,46.82750,7.60887,de
3671,Brenzikofen,Brenzikofen,606,BE,97,46.81473,7.61462,de
3671,Brenzikofen,Heimberg,928,BE,2,46.80867,7.61186,de
3672,Aeschlen b. Oberdiessbach,Oberdiessbach,619,BE,100,46.83634,7.64632,de
3672,Oberdiessbach,Oberdiessbach,619,BE,99,46.84007,7.61989,de
3672,Oberdiessbach,Linden,614,BE,0,46.84275,7.64910,de
3673,Linden,Linden,614,BE,95,46.84791,7.68517,de
3673,Linden,Oberhünigen,629,BE,3,46.85975,7.67936,de
3673,Linden,Bowil,605,BE,1,46.86559,7.69189,de
3674,Bleiken b. Oberdiessbach,Oberdiessbach,619,BE,97,46.81560,7.63781,de
3674,Bleiken b. Oberdiessbach,Buchholterberg,923,BE,2,46.82257,7.65586,de
3700,Spiez,Spiez,768,BE,100,46.68588,7.67744,de
3702,Hondrich,Spiez,768,BE,99,46.67315,7.68423,de
3702,Hondrich,Aeschi bei Spiez,562,BE,0,46.66695,7.67790,de
3703,Aeschi b. Spiez,Aeschi bei Spiez,562,BE,100,46.65539,7.70004,de
3703,Aeschiried,Aeschi bei Spiez,562,BE,100,46.64548,7.72384,de
3704,Krattigen,Krattigen,566,BE,96,46.65956,7.72837,de
3704,Krattigen,Spiez,768,BE,2,46.66252,7.71386,de
3704,Krattigen,Aeschi bei Spiez,562,BE,0,46.65962,7.71310,de
3705,Faulensee,Spiez,768,BE,99,46.67617,7.70159,de
3705,Faulensee,Krattigen,566,BE,0,46.66497,7.72688,de
3706,Leissigen,Leissigen,585,BE,99,46.65448,7.77480,de
3706,Leissigen,Krattigen,566,BE,0,46.65639,7.74688,de
3707,Därligen,Därligen,575,BE,100,46.66111,7.80646,de
3711,Emdthal,Aeschi bei Spiez,562,BE,95,46.65429,7.68429,de
3711,Mülenen,Aeschi bei Spiez,562,BE,91,46.64079,7.69237,de
3711,Mülenen,Reichenbach im Kandertal,567,BE,8,46.64160,7.66933,de
3711,Emdthal,Wimmis,769,BE,4,46.65199,7.67976,de
3713,Reichenbach im Kandertal,Reichenbach im Kandertal,567,BE,99,46.62143,7.68985,de
3713,Reichenbach im Kandertal,Frutigen,563,BE,0,46.59636,7.66438,de
3714,Frutigen,Frutigen,563,BE,100,46.58478,7.64731,de
3714,Wengi b. Frutigen,Reichenbach im Kandertal,567,BE,100,46.60850,7.66162,de
3715,Adelboden,Adelboden,561,BE,99,46.49103,7.56301,de
3715,Adelboden,Frutigen,563,BE,0,46.52707,7.55273,de
3716,Kandergrund,Kandergrund,564,BE,99,46.55571,7.66089,de
3716,Kandergrund,Frutigen,563,BE,0,46.57055,7.66668,de
3717,Blausee-Mitholz,Kandergrund,564,BE,100,46.52544,7.67287,de
3718,Kandersteg,Kandersteg,565,BE,100,46.49449,7.67402,de
3722,Scharnachtal,Reichenbach im Kandertal,567,BE,100,46.61693,7.70128,de
3723,Kiental,Reichenbach im Kandertal,567,BE,100,46.57817,7.73346,de
3724,Ried (Frutigen),Frutigen,563,BE,100,46.56153,7.60732,de
3725,Achseten,Frutigen,563,BE,97,46.52762,7.59426,de
3725,Achseten,Adelboden,561,BE,2,46.51792,7.58422,de
3752,Wimmis,Wimmis,769,BE,100,46.67745,7.64106,de
3753,Oey,Diemtigen,762,BE,100,46.65486,7.58239,de
3754,Diemtigen,Diemtigen,762,BE,98,46.64895,7.56511,de
3754,Diemtigen,Erlenbach im Simmental,763,BE,1,46.65866,7.56554,de
3755,Horboden,Diemtigen,762,BE,100,46.62155,7.56486,de
3756,Zwischenflüh,Diemtigen,762,BE,100,46.60836,7.51338,de
3757,Schwenden im Diemtigtal,Diemtigen,762,BE,100,46.57275,7.48719,de
3758,Latterbach,Erlenbach im Simmental,763,BE,100,46.66541,7.58244,de
3762,Erlenbach im Simmental,Erlenbach im Simmental,763,BE,100,46.66235,7.54463,de
3763,Därstetten,Därstetten,761,BE,100,46.65956,7.49916,de
3764,Weissenburg,Därstetten,761,BE,89,46.65799,7.48170,de
3764,Weissenburg,Oberwil im Simmental,766,BE,10,46.65587,7.47153,de
3765,Oberwil im Simmental,Oberwil im Simmental,766,BE,100,46.65405,7.43647,de
3766,Boltigen,Boltigen,791,BE,99,46.61324,7.37534,de
3766,Boltigen,Oberwil im Simmental,766,BE,0,46.63651,7.42037,de
3770,Zweisimmen,Zweisimmen,794,BE,99,46.55820,7.37604,de
3770,Zweisimmen,Boltigen,791,BE,0,46.59300,7.38755,de
3771,Blankenburg,Zweisimmen,794,BE,100,46.54260,7.38932,de
3772,St. Stephan,St. Stephan,793,BE,100,46.51032,7.39364,de
3773,Matten (St. Stephan),St. Stephan,793,BE,99,46.49983,7.43155,de
3773,Matten (St. Stephan),Lenk,792,BE,0,46.48383,7.42118,de
3775,Lenk im Simmental,Lenk,792,BE,100,46.45473,7.44531,de
3776,Oeschseite,Zweisimmen,794,BE,100,46.52851,7.34424,de
3777,Saanenmöser,Saanen,843,BE,99,46.51566,7.30818,de
3777,Saanenmöser,Zweisimmen,794,BE,1,46.50755,7.33331,de
3778,Schönried,Saanen,843,BE,100,46.50413,7.28880,de
3780,Gstaad,Saanen,843,BE,100,46.47247,7.28822,de
3781,Turbach,Saanen,843,BE,100,46.47621,7.33404,de
3782,Lauenen b. Gstaad,Lauenen,842,BE,100,46.42109,7.32731,de
3783,Grund b. Gstaad,Saanen,843,BE,100,46.44701,7.27370,de
3784,Feutersoey,Gsteig,841,BE,100,46.41232,7.27064,de
3785,Gsteig b. Gstaad,Gsteig,841,BE,100,46.38556,7.26723,de
3792,Saanen,Saanen,843,BE,100,46.48909,7.26188,de
3800,Interlaken,Interlaken,581,BE,100,46.68474,7.86011,de
3800,Matten b. Interlaken,Matten bei Interlaken,587,BE,100,46.67960,7.86646,de
3800,Sundlauenen,Beatenberg,571,BE,100,46.68663,7.79463,de
3800,Unterseen,Unterseen,593,BE,100,46.68538,7.84262,de
3801,Jungfraujoch,Fieschertal,6058,VS,66,46.54700,7.98298,de
3801,Jungfraujoch,Lauterbrunnen,584,BE,33,46.54540,7.97137,de
3803,Beatenberg,Beatenberg,571,BE,100,46.69674,7.79660,de
3804,Habkern,Habkern,579,BE,100,46.72835,7.86307,de
3805,Goldswil b. Interlaken,Ringgenberg (BE),590,BE,100,46.69582,7.87802,de
3806,Bönigen b. Interlaken,Bönigen,572,BE,100,46.68603,7.89567,de
3807,Iseltwald,Iseltwald,582,BE,100,46.70780,7.96587,de
3812,Wilderswil,Wilderswil,594,BE,98,46.66363,7.86381,de
3812,Wilderswil,Matten bei Interlaken,587,BE,0,46.66794,7.88912,de
3812,Wilderswil,Gündlischwand,578,BE,0,46.65237,7.91117,de
3812,Wilderswil,Gsteigwiler,577,BE,0,46.65134,7.90952,de
3813,Saxeten,Saxeten,591,BE,100,46.63605,7.83174,de
3814,Gsteigwiler,Gsteigwiler,577,BE,100,46.65505,7.87384,de
3815,Gündlischwand,Gündlischwand,578,BE,100,46.63498,7.91336,de
3815,Zweilütschinen,Gündlischwand,578,BE,100,46.63145,7.90360,de
3816,Burglauenen,Grindelwald,576,BE,100,46.63519,7.97432,de
3816,Lütschental,Lütschental,586,BE,98,46.63903,7.95358,de
3816,Lütschental,Grindelwald,576,BE,1,46.64175,7.97431,de
3818,Grindelwald,Grindelwald,576,BE,100,46.62637,8.03110,de
3822,Isenfluh,Lauterbrunnen,584,BE,100,46.61958,7.88943,de
3822,Lauterbrunnen,Lauterbrunnen,584,BE,100,46.59488,7.90884,de
3823,Eigergletscher,Lauterbrunnen,584,BE,100,46.57491,7.97416,de
3823,Wengen,Lauterbrunnen,584,BE,100,46.60459,7.92092,de
3823,Kleine Scheidegg,Lauterbrunnen,584,BE,52,46.58502,7.96005,de
3823,Kleine Scheidegg,Grindelwald,576,BE,48,46.58592,7.96146,de
3824,Stechelberg,Lauterbrunnen,584,BE,100,46.55118,7.90459,de
3825,Mürren,Lauterbrunnen,584,BE,100,46.56047,7.89168,de
3826,Gimmelwald,Lauterbrunnen,584,BE,100,46.54760,7.88734,de
3852,Ringgenberg BE,Ringgenberg (BE),590,BE,100,46.70331,7.89623,de
3853,Niederried b. Interlaken,Niederried bei Interlaken,588,BE,100,46.71799,7.92989,de
3854,Oberried am Brienzersee,Oberried am Brienzersee,589,BE,100,46.73708,7.96110,de
3855,Axalp,Brienz (BE),573,BE,100,46.72173,8.03789,de
3855,Schwanden b. Brienz,Schwanden bei Brienz,592,BE,100,46.75829,8.05519,de
3855,Brienz BE,Brienz (BE),573,BE,97,46.70510,8.03088,de
3855,Brienz BE,Oberried am Brienzersee,589,BE,2,46.75285,7.99009,de
3856,Brienzwiler,Brienzwiler,574,BE,98,46.75160,8.10083,de
3856,Brienzwiler,Meiringen,785,BE,1,46.74738,8.10336,de
3857,Unterbach BE,Meiringen,785,BE,100,46.73900,8.11784,de
3858,Hofstetten b. Brienz,Hofstetten bei Brienz,580,BE,100,46.75392,8.07642,de
3860,Brünig,Meiringen,785,BE,100,46.75652,8.13594,de
3860,Rosenlaui,Schattenhalb,786,BE,100,46.68029,8.15448,de
3860,Schattenhalb,Schattenhalb,786,BE,100,46.71445,8.19067,de
3860,Meiringen,Meiringen,785,BE,98,46.72859,8.18137,de
3860,Meiringen,Brienzwiler,574,BE,1,46.71427,8.09315,de
3862,Innertkirchen,Innertkirchen,784,BE,100,46.70370,8.23459,de
3863,Gadmen,Innertkirchen,784,BE,100,46.72931,8.33096,de
3864,Guttannen,Guttannen,782,BE,100,46.65593,8.28681,de
3900,Brigerbad,Brig-Glis,6002,VS,100,46.30006,7.92056,de
3900,Gamsen,Brig-Glis,6002,VS,100,46.30452,7.95361,de
3900,Brig,Brig-Glis,6002,VS,96,46.31649,7.99280,de
3900,Brig,Termen,6010,VS,2,46.32087,8.00412,de
3900,Brig,Ried-Brig,6008,VS,1,46.31834,8.00214,de
3900,Brig,Naters,6007,VS,0,46.32295,7.99988,de
3901,Rothwald,Ried-Brig,6008,VS,100,46.27946,8.04576,de
3902,Glis,Brig-Glis,6002,VS,100,46.31081,7.98136,de
3903,Birgisch,Naters,6007,VS,100,46.32015,7.96334,de
3903,Mund,Naters,6007,VS,100,46.31567,7.93551,de
3904,Naters,Naters,6007,VS,100,46.32690,7.99291,de
3905,Saas-Almagell,Saas-Almagell,6288,VS,100,46.09507,7.95775,de
3906,Saas-Fee,Saas-Fee,6290,VS,98,46.10982,7.92816,de
3906,Saas-Fee,Saas-Balen,6289,VS,1,46.12481,7.93033,de
3907,Gondo,Zwischbergen,6011,VS,100,46.17987,8.12202,de
3907,Simplon Hospiz,Simplon,6009,VS,100,46.24530,8.02347,de
3907,Simplon Dorf,Simplon,6009,VS,93,46.19844,8.05376,de
3907,Gabi (Simplon),Simplon,6009,VS,78,46.18387,8.07351,de
3907,Gabi (Simplon),Zwischbergen,6011,VS,21,46.18194,8.07577,de
3907,Simplon Dorf,Zwischbergen,6011,VS,6,46.21137,8.11071,de
3908,Saas-Balen,Saas-Balen,6289,VS,98,46.14976,7.92868,de
3908,Saas-Balen,Eisten,6282,VS,1,46.16934,7.91452,de
3910,Saas-Grund,Saas-Grund,6291,VS,98,46.12658,7.93807,de
3910,Saas-Grund,Saas-Fee,6290,VS,1,46.11648,7.93728,de
3910,Saas-Grund,Saas-Balen,6289,VS,0,46.12526,7.93439,de
3911,Ried-Brig,Ried-Brig,6008,VS,100,46.31388,8.01582,de
3912,Termen,Termen,6010,VS,99,46.32722,8.02245,de
3912,Termen,Ried-Brig,6008,VS,0,46.32263,8.02568,de
3913,Rosswald,Termen,6010,VS,100,46.30483,8.04342,de
3914,Belalp,Naters,6007,VS,100,46.37244,7.97466,de
3914,Blatten b. Naters,Naters,6007,VS,99,46.36061,7.98145,de
3914,Blatten b. Naters,Bitsch,6173,VS,0,46.36239,7.99835,de
3916,Ferden,Ferden,6195,VS,100,46.39279,7.75670,de
3917,Kippel,Kippel,6197,VS,100,46.39951,7.77127,de
3917,Goppenstein,Ferden,6195,VS,94,46.36729,7.75463,de
3917,Goppenstein,Gampel-Bratsch,6118,VS,5,46.36247,7.75568,de
3918,Wiler (Lötschen),Wiler (Lötschen),6202,VS,100,46.40833,7.78076,de
3919,Blatten (Lötschen),Blatten,6192,VS,99,46.42179,7.81737,de
3919,Blatten (Lötschen),Wiler (Lötschen),6202,VS,0,46.42248,7.79063,de
3920,Zermatt,Zermatt,6300,VS,100,46.01878,7.74869,de
3922,Eisten,Eisten,6282,VS,99,46.19722,7.89867,de
3922,Stalden VS,Stalden (VS),6293,VS,98,46.23415,7.87003,de
3922,Kalpetran,Embd,6283,VS,95,46.21443,7.83789,de
3922,Kalpetran,Törbel,6296,VS,2,46.21830,7.84263,de
3922,Kalpetran,Grächen,6285,VS,2,46.21288,7.83727,de
3922,Stalden VS,Visperterminen,6298,VS,1,46.25281,7.87841,de
3922,Eisten,Staldenried,6294,VS,0,46.20728,7.89551,de
3923,Törbel,Törbel,6296,VS,98,46.23824,7.85104,de
3923,Törbel,Stalden (VS),6293,VS,1,46.24868,7.86766,de
3924,St. Niklaus VS,St. Niklaus,6292,VS,100,46.17915,7.81001,de
3925,Grächen,Grächen,6285,VS,100,46.19591,7.83796,de
3926,Embd,Embd,6283,VS,100,46.21701,7.82891,de
3927,Herbriggen,St. Niklaus,6292,VS,100,46.13516,7.79254,de
3928,Randa,Randa,6287,VS,100,46.09902,7.78299,de
3929,Täsch,Täsch,6295,VS,100,46.06820,7.77908,de
3930,Eyholz,Visp,6297,VS,100,46.29436,7.91004,de
3930,Visp,Visp,6297,VS,89,46.29313,7.88146,de
3930,Visp,Visperterminen,6298,VS,9,46.27018,7.88173,de
3930,Visp,Baltschieder,6281,VS,0,46.30247,7.84504,de
3930,Visp,Raron,6199,VS,0,46.29129,7.82994,de
3931,Lalden,Lalden,6286,VS,99,46.29961,7.90123,de
3931,Lalden,Baltschieder,6281,VS,0,46.30391,7.87710,de
3932,Visperterminen,Visperterminen,6298,VS,100,46.26179,7.89828,de
3933,Staldenried,Staldenried,6294,VS,100,46.22752,7.88862,de
3934,Zeneggen,Zeneggen,6299,VS,100,46.27223,7.86529,de
3935,Bürchen,Bürchen,6193,VS,100,46.27709,7.82308,de
3937,Baltschieder,Baltschieder,6281,VS,99,46.30692,7.86403,de
3937,Baltschieder,Eggerberg,6004,VS,0,46.30489,7.87374,de
3938,Ausserberg,Ausserberg,6191,VS,100,46.31429,7.85140,de
3939,Eggerberg,Eggerberg,6004,VS,100,46.30818,7.88265,de
3940,Steg VS,Steg-Hohtenn,6204,VS,97,46.31416,7.74944,de
3940,Steg VS,Gampel-Bratsch,6118,VS,1,46.34658,7.75499,de
3940,Steg VS,Turtmann-Unterems,6119,VS,0,46.30572,7.74413,de
3940,Steg VS,Niedergesteln,6198,VS,0,46.30736,7.75526,de
3942,Niedergesteln,Niedergesteln,6198,VS,96,46.31282,7.78357,de
3942,St. German,Raron,6199,VS,95,46.31272,7.82091,de
3942,Raron,Raron,6199,VS,91,46.30795,7.80126,de
3942,Raron,Niedergesteln,6198,VS,4,46.30229,7.79175,de
3942,St. German,Ausserberg,6191,VS,4,46.31779,7.82597,de
3942,Niedergesteln,Raron,6199,VS,3,46.35768,7.82622,de
3942,Raron,Bürchen,6193,VS,2,46.30089,7.80109,de
3942,Raron,Unterbäch,6201,VS,2,46.30137,7.79392,de
3943,Eischoll,Eischoll,6194,VS,98,46.29171,7.77723,de
3943,Eischoll,Turtmann-Unterems,6119,VS,1,46.29349,7.74077,de
3943,Eischoll,Niedergesteln,6198,VS,0,46.30217,7.75287,de
3944,Unterbäch VS,Unterbäch,6201,VS,100,46.28320,7.79708,de
3945,Gampel,Gampel-Bratsch,6118,VS,100,46.31790,7.73655,de
3945,Niedergampel,Gampel-Bratsch,6118,VS,86,46.31289,7.71111,de
3945,Niedergampel,Leuk,6110,VS,14,46.31128,7.69392,de
3946,Turtmann,Turtmann-Unterems,6119,VS,99,46.30206,7.70297,de
3946,Gruben,Oberems,6112,VS,48,46.21350,7.70030,de
3946,Gruben,Turtmann-Unterems,6119,VS,33,46.20640,7.70472,de
3946,Gruben,Ergisch,6104,VS,18,46.22480,7.71532,de
3946,Turtmann,Agarn,6101,VS,0,46.29534,7.67958,de
3946,Turtmann,Gampel-Bratsch,6118,VS,0,46.30954,7.71049,de
3947,Ergisch,Ergisch,6104,VS,100,46.29087,7.71860,de
3948,Oberems,Oberems,6112,VS,99,46.28156,7.68996,de
3948,Unterems,Turtmann-Unterems,6119,VS,99,46.29113,7.69506,de
3948,Oberems,Ergisch,6104,VS,0,46.25629,7.71558,de
3948,Unterems,Agarn,6101,VS,0,46.28972,7.67710,de
3949,Hohtenn,Steg-Hohtenn,6204,VS,85,46.31981,7.75882,de
3949,Hohtenn,Niedergesteln,6198,VS,14,46.32631,7.78649,de
3951,Agarn,Agarn,6101,VS,99,46.29539,7.66609,de
3951,Agarn,Leuk,6110,VS,0,46.29885,7.66992,de
3952,Susten,Leuk,6110,VS,100,46.30401,7.64525,de
3953,Varen,Varen,6116,VS,100,46.31903,7.60739,de
3953,Leuk Stadt,Leuk,6110,VS,99,46.31866,7.63586,de
3953,Inden,Inden,6109,VS,93,46.34356,7.61763,de
3953,Inden,Leukerbad,6111,VS,5,46.35438,7.61288,de
3953,Inden,Leuk,6110,VS,1,46.33129,7.62180,de
3953,Leuk Stadt,Varen,6116,VS,0,46.31762,7.62148,de
3954,Leukerbad,Leukerbad,6111,VS,100,46.37969,7.62823,de
3955,Albinen,Albinen,6102,VS,100,46.34084,7.63286,de
3956,Guttet-Feschel,Guttet-Feschel,6117,VS,99,46.32512,7.66965,de
3956,Guttet-Feschel,Leuk,6110,VS,0,46.31899,7.66067,de
3957,Bratsch,Gampel-Bratsch,6118,VS,100,46.32234,7.70836,de
3957,Erschmatt,Leuk,6110,VS,99,46.32199,7.69207,de
3957,Erschmatt,Gampel-Bratsch,6118,VS,0,46.34401,7.71063,de
3960,Corin-de-la-Crête,Crans-Montana,6253,VS,100,46.28526,7.50434,fr
3960,Loc,Crans-Montana,6253,VS,100,46.29275,7.51117,fr
3960,Muraz (Sierre),Sierre,6248,VS,100,46.29761,7.52913,fr
3960,Niouc,Anniviers,6252,VS,100,46.27154,7.55185,fr
3960,Sierre,Sierre,6248,VS,97,46.29225,7.53195,fr
3960,Sierre,Crans-Montana,6253,VS,1,46.28689,7.51331,fr
3960,Sierre,Noble-Contrée,6254,VS,0,46.30250,7.55088,fr
3961,Ayer,Anniviers,6252,VS,100,46.17984,7.60188,fr
3961,Chandolin,Anniviers,6252,VS,100,46.25163,7.59295,fr
3961,Grimentz,Anniviers,6252,VS,100,46.18122,7.57522,fr
3961,Mission,Anniviers,6252,VS,100,46.19108,7.59280,fr
3961,St-Jean VS,Anniviers,6252,VS,100,46.19723,7.58350,fr
3961,St-Luc,Anniviers,6252,VS,100,46.22084,7.59746,fr
3961,Vissoie,Anniviers,6252,VS,100,46.21461,7.58270,fr
3961,Zinal,Anniviers,6252,VS,100,46.13616,7.62789,fr
3963,Aminona,Crans-Montana,6253,VS,100,46.33358,7.53175,fr
3963,Montana,Crans-Montana,6253,VS,100,46.29772,7.48921,fr
3963,Crans-Montana,Crans-Montana,6253,VS,99,46.31090,7.48442,fr
3963,Crans VS,Lens,6240,VS,84,46.30249,7.45765,fr
3963,Crans VS,Icogne,6239,VS,15,46.30557,7.45183,fr
3963,Crans-Montana,Icogne,6239,VS,0,46.37065,7.48658,fr
3965,Chippis,Chippis,6235,VS,98,46.27952,7.53979,fr
3965,Chippis,Sierre,6248,VS,1,46.28081,7.53539,fr
3966,Chalais,Chalais,6232,VS,99,46.26582,7.51250,fr
3966,Réchy,Chalais,6232,VS,97,46.26176,7.49492,fr
3966,Réchy,Sierre,6248,VS,2,46.26775,7.49506,fr
3966,Chalais,Sierre,6248,VS,0,46.27059,7.51227,fr
3967,Vercorin,Chalais,6232,VS,99,46.25593,7.53037,fr
3967,Vercorin,Mont-Noble,6090,VS,0,46.20085,7.51818,fr
3967,Vercorin,Grône,6238,VS,0,46.24158,7.50697,fr
3968,Veyras,Noble-Contrée,6254,VS,100,46.30282,7.53713,fr
3970,Salgesch,Salgesch,6113,VS,98,46.31104,7.57075,de
3970,Salgesch,Varen,6116,VS,0,46.31085,7.58856,de
3970,Salgesch,Leuk,6110,VS,0,46.30874,7.58690,de
3970,Salgesch,Crans-Montana,6253,VS,0,46.32481,7.55119,de
3970,Salgesch,Noble-Contrée,6254,VS,0,46.30854,7.55847,de
3971,Chermignon,Crans-Montana,6253,VS,100,46.28867,7.47480,fr
3971,Chermignon-d'en-Bas,Crans-Montana,6253,VS,99,46.28284,7.48328,fr
3971,Ollon VS,Crans-Montana,6253,VS,95,46.27421,7.47859,fr
3971,Ollon VS,Lens,6240,VS,3,46.27435,7.47265,fr
3971,Chermignon-d'en-Bas,Lens,6240,VS,0,46.27778,7.47378,fr
3971,Ollon VS,Sierre,6248,VS,0,46.27196,7.47838,fr
3972,Miège,Noble-Contrée,6254,VS,85,46.31166,7.54713,fr
3972,Miège,Crans-Montana,6253,VS,13,46.33072,7.55293,fr
3972,Miège,Salgesch,6113,VS,0,46.33838,7.58226,fr
3973,Venthône,Noble-Contrée,6254,VS,94,46.30665,7.52804,fr
3973,Venthône,Crans-Montana,6253,VS,5,46.29992,7.51424,fr
3974,Mollens VS,Crans-Montana,6253,VS,100,46.31319,7.51996,fr
3975,Randogne,Crans-Montana,6253,VS,100,46.31015,7.50271,fr
3976,Noës,Sierre,6248,VS,97,46.28027,7.50530,fr
3976,Champzabé,Crans-Montana,6253,VS,76,46.27927,7.49821,fr
3976,Champzabé,Sierre,6248,VS,23,46.27822,7.49738,fr
3976,Noës,Crans-Montana,6253,VS,2,46.28407,7.50829,fr
3977,Granges VS,Sierre,6248,VS,100,46.26152,7.46693,fr
3978,Flanthey,Lens,6240,VS,99,46.26903,7.45207,fr
3978,Flanthey,Saint-Léonard,6246,VS,0,46.25989,7.43072,fr
3979,Grône,Grône,6238,VS,99,46.25028,7.46591,fr
3979,Grône,Chalais,6232,VS,0,46.25712,7.48279,fr
3982,Bitsch,Bitsch,6173,VS,92,46.33781,8.01342,de
3982,Bitsch,Riederalp,6181,VS,3,46.34513,8.02411,de
3982,Bitsch,Termen,6010,VS,3,46.33184,8.01557,de
3983,Bister,Bister,6172,VS,100,46.36266,8.06688,de
3983,Greich,Riederalp,6181,VS,100,46.36652,8.03883,de
3983,Filet,Mörel-Filet,6203,VS,99,46.36052,8.05362,de
3983,Mörel,Mörel-Filet,6203,VS,99,46.35724,8.04506,de
3983,Goppisberg,Riederalp,6181,VS,96,46.37158,8.04980,de
3983,Goppisberg,Bettmeralp,6205,VS,3,46.37252,8.05527,de
3983,Filet,Riederalp,6181,VS,0,46.36695,8.04930,de
3983,Mörel,Riederalp,6181,VS,0,46.36276,8.04523,de
3984,Fieschertal,Fieschertal,6058,VS,100,46.42506,8.14330,de
3984,Fiesch,Fiesch,6057,VS,98,46.40306,8.13266,de
3984,Fiesch,Fieschertal,6058,VS,1,46.42166,8.13142,de
3984,Fiesch,Lax,6061,VS,0,46.40949,8.09840,de
3985,Geschinen,Goms,6077,VS,100,46.49632,8.28344,de
3985,Münster VS,Goms,6077,VS,100,46.48677,8.26435,de
3986,Ried-Mörel,Riederalp,6181,VS,100,46.35715,8.03091,de
3987,Riederalp,Riederalp,6181,VS,100,46.37858,8.03456,de
3988,Obergesteln,Obergoms,6076,VS,100,46.51460,8.32509,de
3988,Ulrichen,Obergoms,6076,VS,100,46.50587,8.30775,de
3989,Biel VS,Goms,6077,VS,100,46.45563,8.21722,de
3989,Blitzingen,Goms,6077,VS,100,46.44409,8.20154,de
3989,Ritzingen,Goms,6077,VS,100,46.45767,8.22268,de
3989,Selkingen,Goms,6077,VS,100,46.45312,8.21269,de
3989,Niederwald,Goms,6077,VS,99,46.43542,8.19072,de
3989,Niederwald,Ernen,6056,VS,0,46.41127,8.20321,de
3991,Betten,Bettmeralp,6205,VS,99,46.37753,8.06883,de
3991,Betten,Riederalp,6181,VS,0,46.36966,8.05485,de
3992,Bettmeralp,Bettmeralp,6205,VS,100,46.38943,8.06255,de
3993,Grengiols,Grengiols,6177,VS,99,46.37264,8.09924,de
3993,Grengiols,Lax,6061,VS,0,46.38097,8.10543,de
3994,Lax,Lax,6061,VS,100,46.38890,8.11600,de
3994,Martisberg,Bettmeralp,6205,VS,97,46.38675,8.09966,de
3994,Martisberg,Grengiols,6177,VS,2,46.38207,8.09765,de
3995,Ausserbinn,Ernen,6056,VS,100,46.38195,8.14973,de
3995,Ernen,Ernen,6056,VS,100,46.39611,8.14236,de
3995,Mühlebach (Goms),Ernen,6056,VS,100,46.40871,8.15862,de
3995,Steinhaus,Ernen,6056,VS,100,46.42276,8.17861,de
3996,Binn,Binn,6054,VS,95,46.36533,8.19175,de
3996,Binn,Grengiols,6177,VS,4,46.34068,8.17418,de
3997,Bellwald,Bellwald,6052,VS,99,46.42757,8.16011,de
3997,Bellwald,Fieschertal,6058,VS,0,46.43250,8.14494,de
3998,Gluringen,Goms,6077,VS,100,46.46387,8.23273,de
3998,Reckingen VS,Goms,6077,VS,100,46.46997,8.24403,de
3999,Oberwald,Obergoms,6076,VS,100,46.53290,8.35370,de
4001,Basel,Basel,2701,BS,100,47.55627,7.58894,de
4031,Basel,Basel,2701,BS,100,47.56169,7.58259,de
4051,Basel,Basel,2701,BS,100,47.55515,7.58496,de
4052,Basel,Basel,2701,BS,97,47.55060,7.60694,de
4052,Basel,Münchenstein,2769,BL,2,47.53594,7.61615,de
4053,Basel,Basel,2701,BS,99,47.54160,7.59378,de
4053,Basel,Binningen,2765,BL,0,47.54090,7.58586,de
4054,Basel,Basel,2701,BS,100,47.55017,7.56682,de
4055,Basel,Basel,2701,BS,100,47.56029,7.56959,de
4056,Basel,Basel,2701,BS,100,47.56709,7.57528,de
4057,Basel,Basel,2701,BS,100,47.56983,7.59233,de
4058,Basel,Basel,2701,BS,99,47.56510,7.60822,de
4058,Basel,Riehen,2703,BS,0,47.56824,7.62658,de
4059,Basel,Basel,2701,BS,100,47.53315,7.59258,de
4101,Bruderholz,Binningen,2765,BL,70,47.52837,7.58156,de
4101,Bruderholz,Bottmingen,2767,BL,29,47.52820,7.57943,de
4102,Binningen,Binningen,2765,BL,99,47.53765,7.56841,de
4102,Binningen,Bottmingen,2767,BL,0,47.52894,7.56598,de
4103,Bottmingen,Bottmingen,2767,BL,100,47.52337,7.57212,de
4104,Oberwil BL,Oberwil (BL),2771,BL,100,47.51568,7.55690,de
4105,Biel-Benken BL,Biel-Benken,2764,BL,99,47.50734,7.52340,de
4105,Biel-Benken BL,Bättwil,2471,SO,0,47.50264,7.51102,de
4106,Therwil,Therwil,2775,BL,100,47.49920,7.55674,de
4107,Ettingen,Ettingen,2768,BL,100,47.48222,7.54669,de
4108,Witterswil,Witterswil,2481,SO,100,47.48628,7.52393,de
4112,Flüh,Hofstetten-Flüh,2476,SO,100,47.48391,7.49826,de
4112,Bättwil,Bättwil,2471,SO,99,47.48969,7.51125,de
4112,Bättwil,Witterswil,2481,SO,0,47.49668,7.52260,de
4114,Hofstetten SO,Hofstetten-Flüh,2476,SO,100,47.47652,7.51462,de
4115,Mariastein,Metzerlen-Mariastein,2477,SO,99,47.47730,7.48700,de
4115,Mariastein,Hofstetten-Flüh,2476,SO,0,47.48214,7.48796,de
4116,Metzerlen,Metzerlen-Mariastein,2477,SO,100,47.46438,7.46702,de
4117,Burg im Leimental,Burg im Leimental,2783,BL,100,47.45799,7.43959,de
4118,Rodersdorf,Rodersdorf,2479,SO,100,47.48164,7.45826,de
4123,Allschwil,Allschwil,2762,BL,100,47.55172,7.54649,de
4124,Schönenbuch,Schönenbuch,2774,BL,100,47.53772,7.50343,de
4125,Riehen,Riehen,2703,BS,100,47.57781,7.64759,de
4126,Bettingen,Bettingen,2702,BS,100,47.57028,7.66583,de
4127,Birsfelden,Birsfelden,2766,BL,87,47.55217,7.62691,de
4127,Birsfelden,Muttenz,2770,BL,12,47.54319,7.65395,de
4132,Muttenz,Muttenz,2770,BL,100,47.52850,7.64075,de
4133,Pratteln,Pratteln,2831,BL,94,47.51996,7.69489,de
4133,Pratteln,Muttenz,2770,BL,5,47.53254,7.66623,de
4133,Pratteln,Augst,2822,BL,0,47.53179,7.69618,de
4133,Pratteln,Frenkendorf,2824,BL,0,47.50868,7.70893,de
4142,Münchenstein,Münchenstein,2769,BL,99,47.51928,7.61086,de
4142,Münchenstein,Muttenz,2770,BL,0,47.52459,7.62397,de
4143,Dornach,Dornach,2473,SO,100,47.48024,7.61681,de
4144,Arlesheim,Arlesheim,2763,BL,99,47.49591,7.61832,de
4144,Arlesheim,Reinach (BL),2773,BL,0,47.50226,7.60688,de
4145,Gempen,Gempen,2474,SO,100,47.47503,7.66052,de
4146,Hochwald,Hochwald,2475,SO,100,47.45493,7.64359,de
4147,Aesch BL,Aesch (BL),2761,BL,99,47.47105,7.59625,de
4147,Aesch BL,Pfeffingen,2772,BL,0,47.46476,7.56674,de
4148,Pfeffingen,Pfeffingen,2772,BL,100,47.45926,7.59004,de
4153,Reinach BL,Reinach (BL),2773,BL,99,47.49837,7.59362,de
4153,Reinach BL,Therwil,2775,BL,0,47.48832,7.56940,de
4153,Reinach BL,Aesch (BL),2761,BL,0,47.48337,7.59440,de
4153,Reinach BL,Münchenstein,2769,BL,0,47.50523,7.60770,de
4202,Duggingen,Duggingen,2785,BL,99,47.45250,7.60652,de
4202,Duggingen,Aesch (BL),2761,BL,0,47.46779,7.60381,de
4203,Grellingen,Grellingen,2786,BL,100,47.44083,7.58698,de
4204,Himmelried,Himmelried,2618,SO,97,47.42191,7.59213,de
4204,Himmelried,Seewen,2480,SO,2,47.41815,7.61577,de
4204,Himmelried,Nunningen,2621,SO,0,47.41554,7.59823,de
4206,Seewen SO,Seewen,2480,SO,99,47.43514,7.65867,de
4206,Seewen SO,Himmelried,2618,SO,0,47.43036,7.61446,de
4207,Bretzwil,Bretzwil,2883,BL,100,47.39854,7.65109,de
4208,Nunningen,Nunningen,2621,SO,100,47.39490,7.61886,de
4222,Zwingen,Zwingen,2793,BL,100,47.43721,7.53199,de
4223,Blauen,Blauen,2781,BL,100,47.44985,7.51907,de
4224,Nenzlingen,Nenzlingen,2789,BL,100,47.44725,7.56100,de
4225,Brislach,Brislach,2782,BL,100,47.41963,7.54211,de
4226,Breitenbach,Breitenbach,2613,SO,100,47.40666,7.54714,de
4227,Büsserach,Büsserach,2614,SO,100,47.39369,7.54208,de
4228,Erschwil,Erschwil,2615,SO,100,47.37365,7.54162,de
4229,Beinwil SO,Beinwil (SO),2612,SO,94,47.36013,7.59781,de
4229,Beinwil SO,Lauwil,2889,BL,3,47.37111,7.65001,de
4229,Beinwil SO,Mümliswil-Ramiswil,2428,SO,1,47.36387,7.64527,de
4229,Beinwil SO,Meltingen,2620,SO,0,47.37147,7.59095,de
4232,Fehren,Fehren,2616,SO,96,47.39617,7.57967,de
4232,Fehren,Breitenbach,2613,SO,3,47.40600,7.57376,de
4233,Meltingen,Meltingen,2620,SO,97,47.38718,7.59034,de
4233,Meltingen,Erschwil,2615,SO,1,47.38250,7.56721,de
4233,Meltingen,Zullwil,2622,SO,0,47.38571,7.59936,de
4234,Zullwil,Zullwil,2622,SO,100,47.39115,7.60095,de
4242,Laufen,Laufen,2787,BL,99,47.42052,7.50091,de
4242,Laufen,Brislach,2782,BL,0,47.41419,7.52743,de
4242,Laufen,Zwingen,2793,BL,0,47.42582,7.51221,de
4243,Dittingen,Dittingen,2784,BL,100,47.43767,7.50077,de
4244,Röschenz,Röschenz,2791,BL,100,47.42528,7.47593,de
4245,Kleinlützel,Kleinlützel,2619,SO,99,47.42437,7.41764,de
4245,Kleinlützel,Roggenburg,2790,BL,0,47.43108,7.38156,de
4246,Wahlen b. Laufen,Wahlen,2792,BL,99,47.40141,7.51537,de
4246,Wahlen b. Laufen,Laufen,2787,BL,0,47.41015,7.51502,de
4247,Grindel,Grindel,2617,SO,100,47.38148,7.50351,de
4252,Bärschwil,Bärschwil,2611,SO,98,47.38618,7.47205,de
4252,Bärschwil,Laufen,2787,BL,1,47.39461,7.48060,de
4253,Liesberg,Liesberg,2788,BL,96,47.39681,7.42662,de
4253,Liesberg,Bärschwil,2611,SO,3,47.40139,7.44388,de
4254,Liesberg Dorf,Liesberg,2788,BL,100,47.40369,7.43094,de
4302,Augst BL,Augst,2822,BL,99,47.53408,7.71811,de
4302,Augst BL,Pratteln,2831,BL,0,47.53455,7.71354,de
4303,Kaiseraugst,Kaiseraugst,4252,AG,99,47.53789,7.72834,de
4303,Kaiseraugst,Giebenach,2826,BL,0,47.53068,7.73425,de
4303,Kaiseraugst,Rheinfelden,4258,AG,0,47.54313,7.76309,de
4303,Kaiseraugst,Augst,2822,BL,0,47.53602,7.72416,de
4304,Giebenach,Giebenach,2826,BL,97,47.52276,7.74345,de
4304,Giebenach,Olsberg,4257,AG,2,47.52599,7.75627,de
4305,Olsberg,Olsberg,4257,AG,96,47.52195,7.78373,de
4305,Olsberg,Arisdorf,2821,BL,3,47.51819,7.78887,de
4305,Olsberg,Magden,4253,AG,0,47.52432,7.79531,de
4310,Rheinfelden,Rheinfelden,4258,AG,100,47.55169,7.79226,de
4312,Magden,Magden,4253,AG,100,47.52783,7.81282,de
4313,Möhlin,Möhlin,4254,AG,96,47.56123,7.84283,de
4313,Möhlin,Rheinfelden,4258,AG,3,47.56719,7.82635,de
4314,Zeiningen,Zeiningen,4263,AG,100,47.54261,7.87227,de
4315,Zuzgen,Zuzgen,4264,AG,98,47.52569,7.89903,de
4315,Zuzgen,Zeiningen,4263,AG,1,47.53127,7.88831,de
4316,Hellikon,Hellikon,4251,AG,99,47.50941,7.92269,de
4316,Hellikon,Hemmiken,2848,BL,0,47.50181,7.89589,de
4317,Wegenstetten,Wegenstetten,4262,AG,100,47.49759,7.93131,de
4322,Mumpf,Mumpf,4255,AG,100,47.54691,7.91534,de
4323,Wallbach,Wallbach,4261,AG,99,47.55937,7.90249,de
4323,Wallbach,Zeiningen,4263,AG,0,47.55464,7.89543,de
4324,Obermumpf,Obermumpf,4256,AG,100,47.53163,7.93514,de
4325,Schupfart,Schupfart,4259,AG,100,47.51436,7.96476,de
4332,Stein AG,Stein (AG),4260,AG,100,47.54370,7.95303,de
4333,Münchwilen AG,Münchwilen (AG),4172,AG,100,47.53899,7.96451,de
4334,Sisseln AG,Sisseln,4177,AG,100,47.55233,7.99099,de
4402,Frenkendorf,Frenkendorf,2824,BL,99,47.50376,7.71341,de
4402,Frenkendorf,Pratteln,2831,BL,0,47.50384,7.69423,de
4410,Liestal,Liestal,2829,BL,99,47.48357,7.73475,de
4410,Liestal,Bubendorf,2823,BL,0,47.46596,7.73806,de
4411,Seltisberg,Seltisberg,2833,BL,100,47.46123,7.71888,de
4412,Nuglar,Nuglar-St. Pantaleon,2478,SO,98,47.47067,7.69297,de
4412,Nuglar,Seltisberg,2833,BL,1,47.46273,7.70177,de
4413,Büren SO,Büren (SO),2472,SO,100,47.44963,7.67195,de
4414,Füllinsdorf,Füllinsdorf,2825,BL,100,47.50630,7.72951,de
4415,Lausen,Lausen,2828,BL,99,47.47304,7.75996,de
4415,Lausen,Liestal,2829,BL,0,47.47602,7.75152,de
4416,Bubendorf,Bubendorf,2823,BL,100,47.45044,7.73833,de
4417,Ziefen,Ziefen,2834,BL,100,47.43151,7.70616,de
4418,Reigoldswil,Reigoldswil,2893,BL,98,47.39789,7.69035,de
4418,Reigoldswil,Waldenburg,2895,BL,1,47.37479,7.70143,de
4418,Reigoldswil,Lauwil,2889,BL,0,47.37604,7.68546,de
4418,Reigoldswil,Mümliswil-Ramiswil,2428,SO,0,47.37095,7.70235,de
4419,Lupsingen,Lupsingen,2830,BL,100,47.44677,7.69292,de
4421,St. Pantaleon,Nuglar-St. Pantaleon,2478,SO,100,47.46101,7.69064,de
4422,Arisdorf,Arisdorf,2821,BL,98,47.51080,7.76559,de
4422,Arisdorf,Liestal,2829,BL,1,47.49856,7.74868,de
4423,Hersberg,Hersberg,2827,BL,100,47.49279,7.78349,de
4424,Arboldswil,Arboldswil,2881,BL,100,47.41518,7.71713,de
4425,Titterten,Titterten,2894,BL,99,47.40223,7.71633,de
4425,Titterten,Arboldswil,2881,BL,0,47.41103,7.70269,de
4426,Lauwil,Lauwil,2889,BL,100,47.38905,7.67555,de
4431,Bennwil,Bennwil,2882,BL,99,47.40379,7.78099,de
4431,Bennwil,Niederdorf,2891,BL,0,47.40178,7.76787,de
4432,Lampenberg,Lampenberg,2887,BL,100,47.42598,7.75891,de
4433,Ramlinsburg,Ramlinsburg,2832,BL,100,47.44951,7.76435,de
4434,Hölstein,Hölstein,2886,BL,99,47.42328,7.77098,de
4434,Hölstein,Bennwil,2882,BL,0,47.40948,7.77312,de
4435,Niederdorf,Niederdorf,2891,BL,97,47.40719,7.75243,de
4435,Niederdorf,Oberdorf (BL),2892,BL,2,47.40267,7.74501,de
4436,Oberdorf BL,Oberdorf (BL),2892,BL,99,47.39329,7.75186,de
4436,Liedertswil,Liedertswil,2890,BL,92,47.39128,7.71870,de
4436,Liedertswil,Oberdorf (BL),2892,BL,7,47.39772,7.73443,de
4436,Oberdorf BL,Niederdorf,2891,BL,0,47.40667,7.76645,de
4437,Waldenburg,Waldenburg,2895,BL,100,47.38128,7.74716,de
4438,Langenbruck,Langenbruck,2888,BL,96,47.35024,7.76908,de
4438,Langenbruck,Hägendorf,2579,SO,2,47.34412,7.79598,de
4438,Langenbruck,Waldenburg,2895,BL,0,47.36982,7.73000,de
4438,Langenbruck,Holderbank (SO),2425,SO,0,47.34211,7.76073,de
4441,Thürnen,Thürnen,2864,BL,100,47.45573,7.82866,de
4442,Diepflingen,Diepflingen,2845,BL,99,47.44671,7.83824,de
4442,Diepflingen,Wittinsburg,2867,BL,0,47.43857,7.84292,de
4443,Wittinsburg,Wittinsburg,2867,BL,97,47.42461,7.84123,de
4443,Wittinsburg,Tenniken,2863,BL,2,47.42630,7.82858,de
4444,Rümlingen,Rümlingen,2859,BL,85,47.42482,7.84886,de
4444,Rümlingen,Gelterkinden,2846,BL,7,47.43871,7.85227,de
4444,Rümlingen,Wittinsburg,2867,BL,5,47.43261,7.84811,de
4444,Rümlingen,Buckten,2843,BL,0,47.41985,7.84668,de
4445,Häfelfingen,Häfelfingen,2847,BL,98,47.41528,7.86506,de
4445,Häfelfingen,Rünenberg,2860,BL,0,47.41828,7.87928,de
4445,Häfelfingen,Buckten,2843,BL,0,47.41926,7.84984,de
4446,Buckten,Buckten,2843,BL,98,47.40964,7.84392,de
4446,Buckten,Läufelfingen,2852,BL,1,47.40298,7.83952,de
4447,Känerkinden,Känerkinden,2850,BL,94,47.41212,7.83604,de
4447,Känerkinden,Buckten,2843,BL,3,47.41583,7.83932,de
4447,Känerkinden,Diegten,2884,BL,1,47.40876,7.82620,de
4448,Läufelfingen,Läufelfingen,2852,BL,93,47.39491,7.85594,de
4448,Läufelfingen,Diegten,2884,BL,4,47.39873,7.82908,de
4448,Läufelfingen,Häfelfingen,2847,BL,2,47.40730,7.86730,de
4450,Sissach,Sissach,2861,BL,99,47.46568,7.81050,de
4450,Sissach,Itingen,2849,BL,0,47.47328,7.79020,de
4450,Sissach,Thürnen,2864,BL,0,47.45377,7.81565,de
4450,Sissach,Böckten,2842,BL,0,47.46495,7.82560,de
4451,Wintersingen,Wintersingen,2866,BL,99,47.49493,7.82587,de
4451,Wintersingen,Maisprach,2853,BL,0,47.50739,7.83605,de
4452,Itingen,Itingen,2849,BL,100,47.46777,7.78586,de
4453,Nusshof,Nusshof,2854,BL,100,47.49201,7.80502,de
4455,Zunzgen,Zunzgen,2869,BL,100,47.45232,7.80566,de
4456,Tenniken,Tenniken,2863,BL,98,47.43730,7.81217,de
4456,Tenniken,Diegten,2884,BL,1,47.42492,7.79329,de
4457,Diegten,Diegten,2884,BL,99,47.41001,7.81030,de
4457,Diegten,Bennwil,2882,BL,0,47.40054,7.79713,de
4457,Diegten,Hölstein,2886,BL,0,47.41449,7.78941,de
4458,Eptingen,Eptingen,2885,BL,99,47.38399,7.81744,de
4458,Eptingen,Läufelfingen,2852,BL,0,47.37730,7.84513,de
4460,Gelterkinden,Gelterkinden,2846,BL,99,47.46449,7.85480,de
4460,Gelterkinden,Ormalingen,2856,BL,0,47.46853,7.86612,de
4461,Böckten,Böckten,2842,BL,100,47.46477,7.83649,de
4462,Rickenbach BL,Rickenbach (BL),2857,BL,97,47.48445,7.85127,de
4462,Rickenbach BL,Buus,2844,BL,2,47.49078,7.85788,de
4463,Buus,Buus,2844,BL,100,47.50601,7.86406,de
4464,Maisprach,Maisprach,2853,BL,100,47.52466,7.84570,de
4465,Hemmiken,Hemmiken,2848,BL,96,47.48820,7.89120,de
4465,Hemmiken,Hellikon,4251,AG,3,47.49390,7.90456,de
4465,Hemmiken,Ormalingen,2856,BL,0,47.47975,7.89012,de
4466,Ormalingen,Ormalingen,2856,BL,99,47.47103,7.87446,de
4466,Ormalingen,Hemmiken,2848,BL,0,47.49227,7.87295,de
4467,Rothenfluh,Rothenfluh,2858,BL,100,47.46233,7.91450,de
4468,Kienberg,Kienberg,2492,SO,100,47.44058,7.96652,de
4469,Anwil,Anwil,2841,BL,100,47.45126,7.93966,de
4492,Tecknau,Tecknau,2862,BL,100,47.45014,7.88392,de
4493,Wenslingen,Wenslingen,2865,BL,99,47.44092,7.90774,de
4493,Wenslingen,Kilchberg (BL),2851,BL,0,47.42601,7.90679,de
4494,Oltingen,Oltingen,2855,BL,100,47.43297,7.93439,de
4495,Zeglingen,Zeglingen,2868,BL,99,47.41703,7.90699,de
4495,Zeglingen,Wenslingen,2865,BL,0,47.42486,7.91189,de
4496,Kilchberg BL,Kilchberg (BL),2851,BL,100,47.42608,7.89843,de
4497,Rünenberg,Rünenberg,2860,BL,100,47.43362,7.88262,de
4500,Solothurn,Solothurn,2601,SO,93,47.20999,7.53227,de
4500,Solothurn,Biberist,2513,SO,3,47.19904,7.54351,de
4500,Solothurn,Rüttenen,2555,SO,2,47.21990,7.53458,de
4500,Solothurn,Bellach,2542,SO,0,47.19826,7.51037,de
4500,Solothurn,Zuchwil,2534,SO,0,47.20121,7.54668,de
4512,Bellach,Bellach,2542,SO,99,47.21367,7.49919,de
4512,Bellach,Lommiswil,2551,SO,0,47.21797,7.48384,de
4512,Bellach,Selzach,2556,SO,0,47.20824,7.47700,de
4513,Langendorf,Langendorf,2550,SO,100,47.22220,7.51398,de
4514,Lommiswil,Lommiswil,2551,SO,100,47.22493,7.47084,de
4515,Oberdorf SO,Oberdorf (SO),2553,SO,100,47.23050,7.50357,de
4515,Weissenstein b. Solothurn,Oberdorf (SO),2553,SO,100,47.25008,7.50088,de
4522,Rüttenen,Rüttenen,2555,SO,97,47.23233,7.52965,de
4522,Rüttenen,Oberdorf (SO),2553,SO,2,47.23206,7.52239,de
4522,Rüttenen,Langendorf,2550,SO,0,47.22858,7.52579,de
4523,Niederwil SO,Riedholz,2554,SO,100,47.25043,7.57320,de
4524,Balmberg,Balm bei Günsberg,2541,SO,100,47.26725,7.56074,de
4524,Günsberg,Günsberg,2547,SO,100,47.25672,7.57744,de
4524,Oberbalmberg,Balm bei Günsberg,2541,SO,100,47.26446,7.53872,de
4525,Balm b. Günsberg,Balm bei Günsberg,2541,SO,100,47.25216,7.55580,de
4528,Zuchwil,Zuchwil,2534,SO,98,47.20565,7.55776,de
4528,Zuchwil,Biberist,2513,SO,1,47.19660,7.56241,de
4532,Feldbrunnen,Feldbrunnen-St. Niklaus,2544,SO,95,47.21995,7.55553,de
4532,Feldbrunnen,Rüttenen,2555,SO,4,47.22173,7.54206,de
4533,Riedholz,Riedholz,2554,SO,100,47.23264,7.56683,de
4534,Flumenthal,Flumenthal,2545,SO,100,47.23648,7.59989,de
4535,Hubersdorf,Hubersdorf,2548,SO,100,47.24501,7.58844,de
4535,Kammersrohr,Kammersrohr,2549,SO,100,47.25559,7.59404,de
4536,Attiswil,Attiswil,971,BE,97,47.24840,7.61146,de
4536,Attiswil,Wangen an der Aare,992,BE,2,47.23342,7.62114,de
4537,Wiedlisbach,Wiedlisbach,995,BE,100,47.25103,7.64659,de
4538,Oberbipp,Oberbipp,983,BE,100,47.26036,7.66152,de
4539,Farnern,Farnern,975,BE,99,47.26750,7.62058,de
4539,Rumisberg,Rumisberg,987,BE,99,47.26604,7.64177,de
4539,Farnern,Rumisberg,987,BE,0,47.27305,7.62367,de
4539,Rumisberg,Wiedlisbach,995,BE,0,47.25708,7.63505,de
4542,Luterbach,Luterbach,2527,SO,98,47.21466,7.58364,de
4542,Luterbach,Deitingen,2516,SO,1,47.22617,7.59037,de
4543,Deitingen,Deitingen,2516,SO,98,47.21516,7.61960,de
4543,Deitingen,Flumenthal,2545,SO,1,47.22649,7.61423,de
4552,Derendingen,Derendingen,2517,SO,99,47.19647,7.58760,de
4552,Derendingen,Luterbach,2527,SO,0,47.20510,7.58467,de
4553,Subingen,Subingen,2532,SO,98,47.19534,7.61361,de
4553,Subingen,Derendingen,2517,SO,1,47.19268,7.60436,de
4554,Etziken,Etziken,2518,SO,100,47.18767,7.64633,de
4554,Hüniken,Hüniken,2524,SO,100,47.18465,7.63728,de
4556,Aeschi SO,Aeschi (SO),2511,SO,100,47.17923,7.66180,de
4556,Bolken,Bolken,2514,SO,100,47.19233,7.66366,de
4556,Steinhof SO,Aeschi (SO),2511,SO,100,47.16166,7.68677,de
4556,Burgäschi,Aeschi (SO),2511,SO,97,47.17309,7.67055,de
4556,Burgäschi,Niederönz,982,BE,2,47.17468,7.67454,de
4557,Horriwil,Horriwil,2523,SO,100,47.18263,7.62147,de
4558,Heinrichswil,Drei Höfe,2535,SO,100,47.15811,7.63653,de
4558,Hersiwil,Drei Höfe,2535,SO,100,47.16561,7.63490,de
4558,Winistorf,Drei Höfe,2535,SO,100,47.15803,7.64892,de
4562,Biberist,Biberist,2513,SO,100,47.18251,7.55966,de
4563,Gerlafingen,Gerlafingen,2519,SO,99,47.16978,7.57327,de
4563,Gerlafingen,Kriegstetten,2525,SO,0,47.17373,7.58705,de
4563,Gerlafingen,Obergerlafingen,2528,SO,0,47.17055,7.58130,de
4564,Obergerlafingen,Obergerlafingen,2528,SO,100,47.16105,7.58434,de
4564,Zielebach,Zielebach,556,BE,100,47.15832,7.57573,de
4565,Recherswil,Recherswil,2530,SO,100,47.16028,7.59536,de
4566,Halten,Kriegstetten,2525,SO,100,47.16875,7.60723,de
4566,Kriegstetten,Kriegstetten,2525,SO,100,47.17609,7.59756,de
4566,Oekingen,Kriegstetten,2525,SO,100,47.17913,7.60499,de
4571,Ichertswil,Lüterkofen-Ichertswil,2455,SO,100,47.15838,7.49868,de
4571,Lüterkofen,Lüterkofen-Ichertswil,2455,SO,100,47.16304,7.51180,de
4573,Lohn-Ammannsegg,Lohn-Ammannsegg,2526,SO,97,47.17089,7.52823,de
4573,Lohn-Ammannsegg,Bätterkinden,533,BE,2,47.15980,7.52793,de
4574,Lüsslingen,Lüsslingen-Nennigkofen,2464,SO,98,47.19003,7.50211,de
4574,Nennigkofen,Lüsslingen-Nennigkofen,2464,SO,98,47.18594,7.49416,de
4574,Lüsslingen,Biberist,2513,SO,1,47.19404,7.51274,de
4574,Nennigkofen,Selzach,2556,SO,1,47.19386,7.48269,de
4576,Tscheppach,Buchegg,2465,SO,100,47.14543,7.47921,de
4577,Hessigkofen,Buchegg,2465,SO,100,47.14128,7.46647,de
4578,Bibern SO,Buchegg,2465,SO,100,47.14599,7.45586,de
4579,Gossliwil,Buchegg,2465,SO,100,47.13674,7.43444,de
4581,Küttigkofen,Buchegg,2465,SO,100,47.15006,7.51440,de
4582,Brügglen,Buchegg,2465,SO,100,47.14265,7.49723,de
4583,Aetigkofen,Buchegg,2465,SO,100,47.12511,7.46603,de
4583,Mühledorf SO,Buchegg,2465,SO,100,47.13561,7.47612,de
4584,Gächliwil,Buchegg,2465,SO,100,47.12872,7.44804,de
4584,Lüterswil,Buchegg,2465,SO,100,47.12022,7.43971,de
4585,Biezwil,Biezwil,2445,SO,100,47.11415,7.41736,de
4586,Kyburg-Buchegg,Buchegg,2465,SO,100,47.14202,7.50999,de
4587,Aetingen,Buchegg,2465,SO,100,47.13245,7.50509,de
4588,Brittern,Buchegg,2465,SO,100,47.12149,7.49143,de
4588,Oberramsern,Messen,2457,SO,100,47.11472,7.46285,de
4588,Unterramsern,Unterramsern,2463,SO,100,47.11997,7.48333,de
4600,Olten,Olten,2581,SO,99,47.34888,7.90639,de
4600,Olten,Trimbach,2500,SO,0,47.35699,7.90457,de
4600,Olten,Aarburg,4271,AG,0,47.34146,7.90893,de
4600,Olten,Starrkirch-Wil,2584,SO,0,47.33578,7.91920,de
4612,Wangen b. Olten,Wangen bei Olten,2586,SO,99,47.34390,7.87127,de
4612,Wangen b. Olten,Olten,2581,SO,0,47.33802,7.88180,de
4613,Rickenbach SO,Rickenbach (SO),2582,SO,100,47.34213,7.85393,de
4614,Hägendorf,Hägendorf,2579,SO,99,47.33576,7.84078,de
4614,Hägendorf,Gunzgen,2578,SO,0,47.32426,7.82245,de
4615,Allerheiligenberg,Hägendorf,2579,SO,100,47.35209,7.81553,de
4616,Kappel SO,Kappel (SO),2580,SO,99,47.32277,7.84859,de
4616,Kappel SO,Gunzgen,2578,SO,0,47.31035,7.84741,de
4617,Gunzgen,Gunzgen,2578,SO,100,47.31544,7.83097,de
4618,Boningen,Boningen,2571,SO,98,47.30723,7.85453,de
4618,Boningen,Kappel (SO),2580,SO,1,47.31131,7.86356,de
4622,Egerkingen,Egerkingen,2401,SO,99,47.32156,7.79558,de
4622,Egerkingen,Neuendorf,2404,SO,0,47.31333,7.80258,de
4623,Neuendorf,Neuendorf,2404,SO,99,47.29882,7.79576,de
4623,Neuendorf,Oberbuchsiten,2406,SO,0,47.30854,7.77966,de
4624,Härkingen,Härkingen,2402,SO,100,47.30628,7.81797,de
4625,Oberbuchsiten,Oberbuchsiten,2406,SO,100,47.30989,7.76751,de
4626,Niederbuchsiten,Niederbuchsiten,2405,SO,99,47.29584,7.77439,de
4626,Niederbuchsiten,Oberbuchsiten,2406,SO,0,47.30180,7.77339,de
4628,Wolfwil,Wolfwil,2408,SO,100,47.26868,7.79675,de
4629,Fulenbach,Fulenbach,2575,SO,100,47.27381,7.83256,de
4632,Trimbach,Trimbach,2500,SO,99,47.36377,7.90039,de
4632,Trimbach,Wangen bei Olten,2586,SO,0,47.35900,7.87239,de
4633,Hauenstein,Hauenstein-Ifenthal,2491,SO,100,47.37617,7.86563,de
4634,Wisen SO,Wisen (SO),2502,SO,93,47.39367,7.88513,de
4634,Wisen SO,Läufelfingen,2852,BL,2,47.39863,7.87383,de
4634,Wisen SO,Trimbach,2500,SO,2,47.38253,7.89233,de
4634,Wisen SO,Lostorf,2493,SO,1,47.39266,7.90952,de
4652,Winznau,Winznau,2501,SO,99,47.36486,7.93180,de
4652,Winznau,Obergösgen,2497,SO,0,47.35964,7.94163,de
4653,Obergösgen,Obergösgen,2497,SO,100,47.36464,7.95240,de
4654,Lostorf,Lostorf,2493,SO,100,47.38408,7.94624,de
4655,Rohr b. Olten,Stüsslingen,2499,SO,100,47.41054,7.95414,de
4655,Stüsslingen,Stüsslingen,2499,SO,100,47.39173,7.97040,de
4656,Starrkirch-Wil,Starrkirch-Wil,2584,SO,99,47.34859,7.92677,de
4656,Starrkirch-Wil,Oftringen,4280,AG,0,47.33174,7.92688,de
4657,Dulliken,Dulliken,2573,SO,99,47.35067,7.94226,de
4657,Dulliken,Starrkirch-Wil,2584,SO,0,47.35401,7.92956,de
4658,Däniken SO,Däniken,2572,SO,99,47.35305,7.98257,de
4658,Däniken SO,Gretzenbach,2576,SO,0,47.35255,7.98982,de
4663,Aarburg,Aarburg,4271,AG,99,47.32143,7.90427,de
4663,Aarburg,Olten,2581,SO,0,47.31354,7.88925,de
4663,Aarburg,Boningen,2571,SO,0,47.31255,7.88031,de
4665,Oftringen,Oftringen,4280,AG,99,47.30891,7.93062,de
4665,Oftringen,Aarburg,4271,AG,0,47.31333,7.91189,de
4702,Oensingen,Oensingen,2407,SO,100,47.28977,7.71663,de
4703,Kestenholz,Kestenholz,2403,SO,100,47.28143,7.75513,de
4704,Niederbipp,Niederbipp,981,BE,100,47.26998,7.69264,de
4704,Wolfisberg,Niederbipp,981,BE,100,47.27449,7.66152,de
4710,Balsthal,Balsthal,2422,SO,99,47.31508,7.69374,de
4710,Balsthal,Oensingen,2407,SO,0,47.29863,7.70165,de
4712,Laupersdorf,Laupersdorf,2426,SO,100,47.31347,7.65470,de
4713,Matzendorf,Matzendorf,2427,SO,100,47.30568,7.62889,de
4714,Aedermannsdorf,Aedermannsdorf,2421,SO,100,47.30580,7.60880,de
4715,Herbetswil,Herbetswil,2424,SO,99,47.29652,7.59195,de
4715,Herbetswil,Günsberg,2547,SO,0,47.27080,7.57340,de
4716,Welschenrohr,Welschenrohr-Gänsbrunnen,2430,SO,99,47.28074,7.52587,de
4716,Gänsbrunnen,Welschenrohr-Gänsbrunnen,2430,SO,95,47.26447,7.47540,de
4716,Gänsbrunnen,Crémines,691,BE,4,47.26655,7.46398,de
4716,Welschenrohr,Herbetswil,2424,SO,0,47.30715,7.55170,de
4717,Mümliswil,Mümliswil-Ramiswil,2428,SO,95,47.34325,7.70326,de
4717,Mümliswil,Aedermannsdorf,2421,SO,1,47.32385,7.58563,de
4717,Mümliswil,Matzendorf,2427,SO,1,47.32909,7.61555,de
4717,Mümliswil,Laupersdorf,2426,SO,1,47.33279,7.62974,de
4717,Mümliswil,Balsthal,2422,SO,0,47.33499,7.72248,de
4718,Holderbank SO,Holderbank (SO),2425,SO,99,47.33320,7.75304,de
4718,Holderbank SO,Oberbuchsiten,2406,SO,0,47.32604,7.75407,de
4719,Ramiswil,Mümliswil-Ramiswil,2428,SO,96,47.34944,7.65793,de
4719,Ramiswil,Beinwil (SO),2612,SO,2,47.34001,7.59026,de
4719,Ramiswil,Lauwil,2889,BL,0,47.37180,7.68413,de
4719,Ramiswil,Aedermannsdorf,2421,SO,0,47.32597,7.57595,de
4800,Zofingen,Zofingen,4289,AG,99,47.28630,7.94627,de
4800,Zofingen,Oftringen,4280,AG,0,47.29883,7.95750,de
4802,Strengelbach,Strengelbach,4285,AG,95,47.28105,7.92881,de
4802,Strengelbach,Rothrist,4282,AG,4,47.29729,7.92147,de
4803,Vordemwald,Vordemwald,4287,AG,97,47.27499,7.90133,de
4803,Vordemwald,Brittnau,4274,AG,2,47.26242,7.90347,de
4805,Brittnau,Brittnau,4274,AG,100,47.26229,7.94484,de
4806,Wikon,Wikon,1147,LU,100,47.26534,7.96434,de
4812,Mühlethal,Zofingen,4289,AG,97,47.30225,7.97650,de
4812,Mühlethal,Uerkheim,4286,AG,2,47.30363,7.98492,de
4813,Uerkheim,Uerkheim,4286,AG,98,47.30358,8.02151,de
4813,Uerkheim,Kölliken,4276,AG,1,47.31365,8.01406,de
4813,Uerkheim,Bottenwil,4273,AG,0,47.29638,8.00180,de
4814,Bottenwil,Bottenwil,4273,AG,94,47.28573,8.00597,de
4814,Bottenwil,Zofingen,4289,AG,5,47.28006,7.98857,de
4852,Rothrist,Rothrist,4282,AG,99,47.30331,7.88548,de
4852,Rothrist,Vordemwald,4287,AG,0,47.29455,7.90500,de
4853,Murgenthal,Murgenthal,4279,AG,100,47.26919,7.83826,de
4853,Riken AG,Murgenthal,4279,AG,100,47.27379,7.85103,de
4856,Glashütten,Murgenthal,4279,AG,100,47.25934,7.83997,de
4900,Langenthal,Langenthal,329,BE,100,47.21248,7.78461,de
4911,Schwarzhäusern,Schwarzhäusern,341,BE,100,47.25234,7.76677,de
4912,Aarwangen,Aarwangen,321,BE,99,47.23743,7.77451,de
4912,Aarwangen,Bannwil,323,BE,0,47.24642,7.75524,de
4913,Bannwil,Bannwil,323,BE,100,47.23989,7.73501,de
4914,Roggwil BE,Roggwil (BE),337,BE,99,47.24074,7.82060,de
4914,Roggwil BE,Murgenthal,4279,AG,0,47.24212,7.83102,de
4915,St. Urban,Pfaffnau,1139,LU,96,47.22875,7.84337,de
4915,St. Urban,Murgenthal,4279,AG,3,47.23451,7.85769,de
4916,Untersteckholz,Langenthal,329,BE,100,47.20588,7.84396,de
4917,Busswil b. Melchnau,Busswil bei Melchnau,325,BE,100,47.18522,7.82966,de
4917,Melchnau,Melchnau,333,BE,100,47.18142,7.85118,de
4919,Reisiswil,Reisiswil,336,BE,98,47.16360,7.84277,de
4919,Reisiswil,Madiswil,332,BE,1,47.15989,7.83259,de
4922,Thunstetten,Thunstetten,342,BE,100,47.20285,7.75677,de
4922,Bützberg,Thunstetten,342,BE,96,47.21556,7.74565,de
4922,Bützberg,Aarwangen,321,BE,3,47.22335,7.73868,de
4923,Wynau,Wynau,345,BE,100,47.25767,7.81688,de
4924,Obersteckholz,Langenthal,329,BE,100,47.20049,7.82285,de
4932,Gutenburg,Madiswil,332,BE,100,47.18080,7.79565,de
4932,Lotzwil,Lotzwil,331,BE,100,47.19068,7.79142,de
4933,Rütschelen,Rütschelen,340,BE,100,47.17485,7.77520,de
4934,Madiswil,Madiswil,332,BE,100,47.16451,7.80157,de
4935,Leimiswil,Madiswil,332,BE,100,47.15231,7.76706,de
4936,Kleindietwil,Madiswil,332,BE,96,47.14440,7.79094,de
4936,Kleindietwil,Ursenbach,344,BE,3,47.14783,7.78071,de
4937,Ursenbach,Ursenbach,344,BE,100,47.13581,7.77163,de
4938,Rohrbachgraben,Rohrbachgraben,339,BE,98,47.11692,7.80202,de
4938,Rohrbach,Rohrbach,338,BE,95,47.13612,7.81649,de
4938,Rohrbach,Auswil,322,BE,4,47.14191,7.81183,de
4938,Rohrbachgraben,Huttwil,954,BE,1,47.10103,7.81081,de
4938,Rohrbachgraben,Walterswil (BE),959,BE,0,47.11231,7.79082,de
4942,Walterswil BE,Walterswil (BE),959,BE,95,47.11010,7.77640,de
4942,Walterswil BE,Dürrenroth,952,BE,2,47.09114,7.77371,de
4942,Walterswil BE,Ursenbach,344,BE,1,47.12361,7.77441,de
4943,Oeschenbach,Oeschenbach,335,BE,87,47.11033,7.74831,de
4943,Oeschenbach,Ursenbach,344,BE,8,47.12052,7.75443,de
4943,Oeschenbach,Seeberg,988,BE,2,47.11358,7.72816,de
4943,Oeschenbach,Walterswil (BE),959,BE,1,47.09879,7.74855,de
4944,Auswil,Auswil,322,BE,100,47.13566,7.83332,de
4950,Huttwil,Huttwil,954,BE,99,47.11366,7.84829,de
4950,Huttwil,Eriswil,953,BE,0,47.09092,7.85276,de
4952,Eriswil,Eriswil,953,BE,97,47.07809,7.85310,de
4952,Eriswil,Huttwil,954,BE,1,47.08934,7.87348,de
4952,Eriswil,Sumiswald,957,BE,0,47.04488,7.86795,de
4952,Eriswil,Luthern,1135,LU,0,47.05215,7.87664,de
4952,Eriswil,Ufhusen,1145,LU,0,47.08583,7.88072,de
4953,Schwarzenbach (Huttwil),Huttwil,954,BE,89,47.10416,7.82947,de
4953,Schwarzenbach (Huttwil),Wyssachen,960,BE,10,47.09134,7.81689,de
4954,Wyssachen,Wyssachen,960,BE,99,47.07703,7.82420,de
4954,Wyssachen,Sumiswald,957,BE,0,47.05983,7.79945,de
4955,Gondiswil,Gondiswil,326,BE,99,47.14253,7.87142,de
4955,Gondiswil,Ufhusen,1145,LU,0,47.12782,7.88514,de
5000,Aarau,Aarau,4001,AG,99,47.38974,8.04817,de
5000,Aarau,Suhr,4012,AG,0,47.38333,8.05944,de
5004,Aarau,Aarau,4001,AG,100,47.40059,8.06070,de
5012,Eppenberg,Eppenberg-Wöschnau,2574,SO,100,47.37614,8.02404,de
5012,Schönenwerd,Schönenwerd,2583,SO,100,47.37347,8.00596,de
5012,Wöschnau,Eppenberg-Wöschnau,2574,SO,100,47.38471,8.02690,de
5013,Niedergösgen,Niedergösgen,2495,SO,100,47.37254,7.99095,de
5014,Gretzenbach,Gretzenbach,2576,SO,100,47.35790,7.99816,de
5015,Erlinsbach SO,Erlinsbach (SO),2503,SO,100,47.39799,8.00526,de
5017,Barmelweid,Erlinsbach (AG),4005,AG,76,47.42163,7.97157,de
5017,Barmelweid,Erlinsbach (SO),2503,SO,24,47.41864,7.96625,de
5018,Erlinsbach,Erlinsbach (AG),4005,AG,100,47.40373,8.01229,de
5022,Rombach,Küttigen,4008,AG,100,47.40491,8.04777,de
5023,Biberstein,Biberstein,4002,AG,100,47.41486,8.08307,de
5024,Küttigen,Küttigen,4008,AG,100,47.41428,8.04925,de
5025,Asp,Densbüren,4004,AG,100,47.44309,8.05040,de
5026,Densbüren,Densbüren,4004,AG,98,47.45470,8.05595,de
5026,Densbüren,Wölflinswil,4182,AG,1,47.46227,8.02708,de
5027,Herznach,Herznach-Ueken,4186,AG,100,47.47312,8.05141,de
5028,Ueken,Herznach-Ueken,4186,AG,100,47.48402,8.04957,de
5032,Aarau Rohr,Aarau,4001,AG,100,47.40100,8.08072,de
5033,Buchs AG,Buchs (AG),4003,AG,100,47.38975,8.07472,de
5034,Suhr,Suhr,4012,AG,100,47.37659,8.07414,de
5035,Unterentfelden,Unterentfelden,4013,AG,100,47.36941,8.04343,de
5036,Oberentfelden,Oberentfelden,4010,AG,100,47.35651,8.04369,de
5037,Muhen,Muhen,4009,AG,100,47.33614,8.05599,de
5040,Schöftland,Schöftland,4144,AG,100,47.30592,8.05128,de
5042,Hirschthal,Hirschthal,4007,AG,100,47.31980,8.05629,de
5043,Holziken,Holziken,4136,AG,100,47.32137,8.03856,de
5044,Schlossrued,Schlossrued,4142,AG,100,47.29113,8.08865,de
5046,Walde AG,Schmiedrued,4143,AG,98,47.25886,8.11174,de
5046,Schmiedrued,Schmiedrued,4143,AG,92,47.27116,8.10424,de
5046,Schmiedrued,Gontenschwil,4135,AG,7,47.26599,8.12136,de
5046,Walde AG,Gontenschwil,4135,AG,1,47.24750,8.13117,de
5053,Staffelbach,Staffelbach,4284,AG,100,47.28302,8.04376,de
5053,Wittwil,Staffelbach,4284,AG,100,47.29102,8.03770,de
5054,Kirchleerau,Kirchleerau,4275,AG,100,47.27600,8.06473,de
5054,Moosleerau,Moosleerau,4277,AG,100,47.26794,8.06373,de
5056,Attelwil,Reitnau,4281,AG,100,47.26007,8.04269,de
5057,Reitnau,Reitnau,4281,AG,100,47.25203,8.04198,de
5058,Wiliberg,Wiliberg,4288,AG,100,47.26840,8.01596,de
5062,Oberhof,Oberhof,4173,AG,100,47.44900,8.00723,de
5063,Wölflinswil,Wölflinswil,4182,AG,99,47.46128,7.99803,de
5063,Wölflinswil,Gipf-Oberfrick,4165,AG,0,47.47982,7.99995,de
5064,Wittnau,Wittnau,4181,AG,100,47.48079,7.97623,de
5070,Frick,Frick,4163,AG,100,47.50693,8.02083,de
5072,Oeschgen,Oeschgen,4175,AG,100,47.51956,8.01715,de
5073,Gipf-Oberfrick,Gipf-Oberfrick,4165,AG,100,47.49780,8.00278,de
5074,Eiken,Eiken,4161,AG,100,47.53458,7.98771,de
5075,Hornussen,Böztal,4185,AG,100,47.50023,8.06194,de
5076,Bözen,Böztal,4185,AG,100,47.49577,8.08416,de
5077,Elfingen,Böztal,4185,AG,100,47.50696,8.09910,de
5078,Effingen,Böztal,4185,AG,99,47.48890,8.10372,de
5078,Effingen,Mönthal,4106,AG,0,47.51416,8.12063,de
5079,Zeihen,Zeihen,4183,AG,100,47.47509,8.08575,de
5080,Laufenburg,Laufenburg,4170,AG,99,47.55922,8.06046,de
5080,Laufenburg,Kaisten,4169,AG,0,47.55201,8.05603,de
5082,Kaisten,Kaisten,4169,AG,100,47.54051,8.04617,de
5083,Ittenthal,Kaisten,4169,AG,100,47.51925,8.05829,de
5084,Rheinsulz,Laufenburg,4170,AG,100,47.55524,8.08948,de
5085,Sulz AG,Laufenburg,4170,AG,100,47.53501,8.09644,de
5102,Rupperswil,Rupperswil,4206,AG,100,47.40132,8.12820,de
5103,Möriken AG,Möriken-Wildegg,4203,AG,100,47.41545,8.18323,de
5103,Wildegg,Möriken-Wildegg,4203,AG,91,47.41472,8.16469,de
5103,Wildegg,Niederlenz,4204,AG,5,47.41176,8.16580,de
5103,Wildegg,Rupperswil,4206,AG,2,47.41174,8.15316,de
5105,Auenstein,Auenstein,4091,AG,100,47.41698,8.13727,de
5106,Veltheim AG,Veltheim (AG),4120,AG,100,47.43612,8.14845,de
5107,Schinznach Dorf,Schinznach,4125,AG,99,47.44703,8.14215,de
5107,Schinznach Dorf,Brugg,4095,AG,0,47.46396,8.15766,de
5108,Oberflachs,Schinznach,4125,AG,100,47.44175,8.12919,de
5112,Thalheim AG,Thalheim (AG),4117,AG,100,47.43792,8.10250,de
5113,Holderbank AG,Holderbank (AG),4199,AG,100,47.42817,8.16902,de
5116,Schinznach Bad,Brugg,4095,AG,100,47.45003,8.16924,de
5200,Brugg AG,Brugg,4095,AG,99,47.48501,8.20821,de
5200,Brugg AG,Rüfenach,4112,AG,0,47.50502,8.23176,de
5210,Windisch,Windisch,4123,AG,99,47.47713,8.21764,de
5210,Windisch,Brugg,4095,AG,0,47.47799,8.20771,de
5210,Windisch,Hausen (AG),4100,AG,0,47.47210,8.20850,de
5212,Hausen AG,Hausen (AG),4100,AG,99,47.46166,8.21237,de
5212,Hausen AG,Lupfig,4104,AG,0,47.45299,8.21371,de
5213,Villnachern,Brugg,4095,AG,100,47.47117,8.16122,de
5222,Umiken,Brugg,4095,AG,100,47.48273,8.19007,de
5223,Riniken,Riniken,4111,AG,100,47.49098,8.18726,de
5225,Bözberg,Bözberg,4124,AG,99,47.48892,8.15852,de
5225,Bözberg,Brugg,4095,AG,0,47.47855,8.16775,de
5233,Stilli,Villigen,4121,AG,100,47.51798,8.23134,de
5234,Villigen,Villigen,4121,AG,100,47.52481,8.21673,de
5235,Rüfenach AG,Rüfenach,4112,AG,100,47.50807,8.21363,de
5236,Remigen,Remigen,4110,AG,99,47.51576,8.18995,de
5236,Remigen,Bözberg,4124,AG,0,47.50219,8.17748,de
5237,Mönthal,Mönthal,4106,AG,91,47.51803,8.14356,de
5237,Mönthal,Bözberg,4124,AG,8,47.50746,8.15103,de
5242,Birr,Birr,4092,AG,100,47.43467,8.20263,de
5242,Lupfig,Lupfig,4104,AG,100,47.44072,8.20036,de
5243,Mülligen,Mülligen,4107,AG,100,47.45695,8.23916,de
5244,Birrhard,Birrhard,4093,AG,100,47.43462,8.24459,de
5245,Habsburg,Habsburg,4099,AG,100,47.46262,8.18685,de
5246,Scherz,Lupfig,4104,AG,100,47.44746,8.18486,de
5272,Gansingen,Gansingen,4164,AG,100,47.54182,8.13533,de
5273,Oberhofen AG,Mettauertal,4184,AG,100,47.55416,8.13168,de
5274,Mettau,Mettauertal,4184,AG,100,47.56469,8.12753,de
5275,Etzgen,Mettauertal,4184,AG,100,47.57116,8.11104,de
5276,Wil AG,Mettauertal,4184,AG,100,47.56094,8.15228,de
5277,Hottwil,Mettauertal,4184,AG,100,47.54800,8.16196,de
5300,Turgi,Baden,4021,AG,100,47.49072,8.25438,de
5301,Siggenthal Station,Untersiggenthal,4044,AG,100,47.51790,8.24196,de
5303,Würenlingen,Würenlingen,4047,AG,100,47.53103,8.25428,de
5304,Endingen,Endingen,4305,AG,100,47.53729,8.29078,de
5305,Unterendingen,Endingen,4305,AG,100,47.54673,8.29100,de
5306,Tegerfelden,Tegerfelden,4320,AG,100,47.56117,8.28682,de
5312,Döttingen,Döttingen,4304,AG,100,47.56942,8.25968,de
5313,Klingnau,Klingnau,4309,AG,100,47.58203,8.25197,de
5314,Kleindöttingen,Böttstein,4303,AG,100,47.57003,8.24510,de
5315,Böttstein,Böttstein,4303,AG,100,47.55500,8.22198,de
5316,Leuggern,Leuggern,4313,AG,100,47.58397,8.21906,de
5317,Hettenschwil,Leuggern,4313,AG,100,47.57483,8.19857,de
5318,Mandach,Mandach,4105,AG,100,47.54727,8.18564,de
5322,Koblenz,Koblenz,4310,AG,98,47.60842,8.24177,de
5322,Koblenz,Klingnau,4309,AG,1,47.59647,8.22928,de
5323,Rietheim,Zurzach,4324,AG,100,47.60050,8.27862,de
5324,Full-Reuenthal,Full-Reuenthal,4307,AG,100,47.61386,8.20419,de
5325,Leibstadt,Leibstadt,4311,AG,100,47.59086,8.17393,de
5326,Schwaderloch,Schwaderloch,4176,AG,100,47.58572,8.14393,de
5330,Bad Zurzach,Zurzach,4324,AG,100,47.58706,8.29374,de
5332,Rekingen AG,Zurzach,4324,AG,100,47.57117,8.31991,de
5333,Baldingen,Zurzach,4324,AG,100,47.55533,8.31645,de
5334,Böbikon,Zurzach,4324,AG,100,47.55419,8.33253,de
5400,Baden,Baden,4021,AG,100,47.47409,8.30017,de
5404,Baden,Baden,4021,AG,100,47.45612,8.27849,de
5405,Dättwil AG,Baden,4021,AG,99,47.45460,8.28423,de
5405,Dättwil AG,Fislisbach,4027,AG,0,47.44593,8.29551,de
5406,Rütihof,Baden,4021,AG,92,47.43760,8.26787,de
5406,Rütihof,Birmenstorf (AG),4024,AG,7,47.43790,8.26049,de
5408,Ennetbaden,Ennetbaden,4026,AG,100,47.48093,8.31956,de
5412,Gebenstorf,Gebenstorf,4029,AG,100,47.48037,8.24109,de
5412,Vogelsang AG,Gebenstorf,4029,AG,100,47.49398,8.24042,de
5413,Birmenstorf AG,Birmenstorf (AG),4024,AG,100,47.46090,8.25124,de
5415,Hertenstein AG,Obersiggenthal,4038,AG,100,47.48671,8.31160,de
5415,Nussbaumen AG,Obersiggenthal,4038,AG,100,47.48859,8.29287,de
5415,Rieden AG,Obersiggenthal,4038,AG,100,47.48413,8.30324,de
5416,Kirchdorf AG,Obersiggenthal,4038,AG,98,47.49606,8.27598,de
5416,Kirchdorf AG,Untersiggenthal,4044,AG,1,47.50120,8.27104,de
5417,Untersiggenthal,Untersiggenthal,4044,AG,100,47.49936,8.25803,de
5420,Ehrendingen,Ehrendingen,4049,AG,100,47.49788,8.34384,de
5423,Freienwil,Freienwil,4028,AG,100,47.50261,8.32694,de
5425,Schneisingen,Schneisingen,4318,AG,100,47.51898,8.36326,de
5426,Lengnau AG,Lengnau (AG),4312,AG,100,47.52267,8.32825,de
5430,Wettingen,Wettingen,4045,AG,99,47.46571,8.32585,de
5430,Wettingen,Würenlos,4048,AG,0,47.44838,8.34276,de
5432,Neuenhof,Neuenhof,4034,AG,100,47.44881,8.32684,de
5436,Würenlos,Würenlos,4048,AG,100,47.44141,8.36262,de
5442,Fislisbach,Fislisbach,4027,AG,100,47.43765,8.29008,de
5443,Niederrohrdorf,Niederrohrdorf,4035,AG,100,47.42450,8.30426,de
5444,Künten,Künten,4031,AG,100,47.38874,8.33028,de
5445,Eggenwil,Eggenwil,4066,AG,100,47.36933,8.34098,de
5452,Oberrohrdorf,Oberrohrdorf,4037,AG,100,47.42105,8.31531,de
5453,Remetschwil,Remetschwil,4039,AG,100,47.40954,8.32481,de
5454,Bellikon,Bellikon,4022,AG,100,47.39011,8.34607,de
5462,Siglistorf,Siglistorf,4319,AG,97,47.54489,8.37968,de
5462,Siglistorf,Oberweningen,93,ZH,2,47.52639,8.40125,de
5463,Wislikofen,Zurzach,4324,AG,100,47.55620,8.36644,de
5464,Rümikon AG,Zurzach,4324,AG,100,47.56562,8.37521,de
5465,Mellikon,Mellikon,4314,AG,100,47.56726,8.35096,de
5466,Kaiserstuhl AG,Zurzach,4324,AG,100,47.56834,8.41835,de
5467,Fisibach,Fisibach,4306,AG,100,47.56312,8.40850,de
5502,Hunzenschwil,Hunzenschwil,4200,AG,100,47.38556,8.12461,de
5503,Schafisheim,Schafisheim,4207,AG,100,47.37788,8.14313,de
5504,Othmarsingen,Othmarsingen,4205,AG,100,47.40164,8.21492,de
5505,Brunegg,Brunegg,4193,AG,100,47.41859,8.21718,de
5506,Mägenwil,Mägenwil,4032,AG,99,47.41202,8.23582,de
5506,Mägenwil,Wohlenschwil,4046,AG,0,47.41837,8.24082,de
5507,Mellingen,Mellingen,4033,AG,100,47.41766,8.27362,de
5512,Wohlenschwil,Wohlenschwil,4046,AG,100,47.41401,8.25791,de
5522,Tägerig,Tägerig,4077,AG,98,47.40377,8.27896,de
5522,Tägerig,Hägglingen,4068,AG,1,47.39089,8.27471,de
5524,Nesselnbach,Niederwil (AG),4072,AG,100,47.38870,8.29151,de
5524,Niederwil AG,Niederwil (AG),4072,AG,100,47.37734,8.29566,de
5525,Fischbach-Göslikon,Fischbach-Göslikon,4067,AG,100,47.37045,8.30794,de
5600,Ammerswil AG,Ammerswil,4191,AG,100,47.37012,8.20518,de
5600,Lenzburg,Lenzburg,4201,AG,100,47.38789,8.17637,de
5603,Staufen,Staufen,4210,AG,100,47.38260,8.16695,de
5604,Hendschiken,Hendschiken,4198,AG,97,47.38657,8.21884,de
5604,Hendschiken,Othmarsingen,4205,AG,2,47.39339,8.22537,de
5604,Hendschiken,Dottikon,4065,AG,0,47.39357,8.22738,de
5605,Dottikon,Dottikon,4065,AG,80,47.37886,8.24050,de
5605,Dottikon,Villmergen,4080,AG,19,47.37242,8.23575,de
5606,Dintikon,Dintikon,4194,AG,100,47.36430,8.22736,de
5607,Hägglingen,Hägglingen,4068,AG,100,47.38864,8.25258,de
5608,Stetten AG,Stetten (AG),4041,AG,100,47.40115,8.30751,de
5610,Wohlen AG,Wohlen (AG),4082,AG,99,47.34987,8.27773,de
5610,Wohlen AG,Villmergen,4080,AG,0,47.34939,8.25966,de
5611,Anglikon,Wohlen (AG),4082,AG,98,47.36491,8.26379,de
5611,Anglikon,Villmergen,4080,AG,1,47.36229,8.25379,de
5612,Villmergen,Villmergen,4080,AG,99,47.34824,8.24728,de
5612,Villmergen,Wohlen (AG),4082,AG,0,47.35298,8.25953,de
5613,Hilfikon,Villmergen,4080,AG,100,47.33315,8.24702,de
5614,Sarmenstorf,Sarmenstorf,4076,AG,100,47.31102,8.24977,de
5615,Fahrwangen,Fahrwangen,4196,AG,99,47.29468,8.24221,de
5615,Fahrwangen,Meisterschwanden,4202,AG,0,47.29625,8.23501,de
5616,Meisterschwanden,Meisterschwanden,4202,AG,100,47.29507,8.22869,de
5617,Tennwil,Meisterschwanden,4202,AG,100,47.30594,8.22205,de
5618,Bettwil,Bettwil,4227,AG,96,47.28943,8.26688,de
5618,Bettwil,Sarmenstorf,4076,AG,3,47.30015,8.26223,de
5619,Büttikon AG,Büttikon,4064,AG,100,47.32838,8.27025,de
5619,Uezwil,Uezwil,4078,AG,100,47.31719,8.27489,de
5620,Bremgarten AG,Bremgarten (AG),4063,AG,100,47.35024,8.34248,de
5621,Zufikon,Zufikon,4083,AG,100,47.34979,8.35598,de
5622,Waltenschwil,Waltenschwil,4240,AG,100,47.33497,8.30088,de
5623,Boswil,Boswil,4228,AG,100,47.30025,8.31407,de
5624,Bünzen,Bünzen,4229,AG,100,47.31062,8.32551,de
5624,Waldhäusern AG,Bünzen,4229,AG,100,47.32729,8.31467,de
5625,Kallern,Kallern,4233,AG,100,47.31089,8.29262,de
5626,Hermetschwil-Staffeln,Bremgarten (AG),4063,AG,100,47.33075,8.34055,de
5627,Besenbüren,Besenbüren,4226,AG,100,47.31262,8.34406,de
5628,Aristau,Aristau,4222,AG,100,47.28902,8.36185,de
5630,Muri AG,Muri (AG),4236,AG,98,47.27204,8.34045,de
5630,Muri AG,Aristau,4222,AG,1,47.29546,8.33931,de
5630,Muri AG,Boswil,4228,AG,0,47.28253,8.31809,de
5632,Buttwil,Buttwil,4230,AG,88,47.26770,8.31121,de
5632,Buttwil,Boswil,4228,AG,7,47.27762,8.30385,de
5632,Buttwil,Bettwil,4227,AG,3,47.28054,8.29291,de
5634,Merenschwand,Merenschwand,4234,AG,100,47.25989,8.37605,de
5636,Benzenschwil,Merenschwand,4234,AG,100,47.24830,8.36614,de
5637,Geltwil,Geltwil,4232,AG,100,47.24940,8.32577,de
5637,Beinwil (Freiamt),Beinwil (Freiamt),4224,AG,99,47.22919,8.34229,de
5637,Beinwil (Freiamt),Auw,4223,AG,0,47.21426,8.34698,de
5642,Mühlau,Mühlau,4235,AG,98,47.22991,8.38886,de
5642,Mühlau,Auw,4223,AG,1,47.22747,8.37699,de
5642,Mühlau,Hünenberg,1703,ZG,0,47.22800,8.39687,de
5643,Alikon,Sins,4239,AG,100,47.19820,8.35891,de
5643,Sins,Sins,4239,AG,100,47.19364,8.39216,de
5643,Meienberg,Sins,4239,AG,95,47.19775,8.37596,de
5643,Meienberg,Auw,4223,AG,4,47.20416,8.36988,de
5644,Auw,Auw,4223,AG,100,47.21118,8.36543,de
5645,Aettenschwil,Sins,4239,AG,100,47.18380,8.37164,de
5645,Fenkrieden,Sins,4239,AG,100,47.16044,8.37083,de
5646,Abtwil AG,Abtwil,4221,AG,100,47.17498,8.35550,de
5647,Oberrüti,Oberrüti,4237,AG,100,47.16580,8.39653,de
5702,Niederlenz,Niederlenz,4204,AG,100,47.40170,8.17448,de
5703,Seon,Seon,4209,AG,99,47.34833,8.16022,de
5703,Seon,Egliswil,4195,AG,0,47.35453,8.17169,de
5704,Egliswil,Egliswil,4195,AG,100,47.34945,8.18695,de
5705,Hallwil,Hallwil,4197,AG,100,47.32770,8.17562,de
5706,Boniswil,Boniswil,4192,AG,99,47.31538,8.18730,de
5706,Boniswil,Leutwil,4138,AG,0,47.31458,8.17855,de
5707,Seengen,Seengen,4208,AG,100,47.32562,8.20753,de
5708,Birrwil,Birrwil,4132,AG,98,47.28978,8.19711,de
5708,Birrwil,Boniswil,4192,AG,1,47.29976,8.19676,de
5712,Beinwil am See,Beinwil am See,4131,AG,100,47.26590,8.20295,de
5722,Gränichen,Gränichen,4006,AG,99,47.36081,8.09923,de
5722,Gränichen,Unterkulm,4146,AG,0,47.33758,8.10371,de
5723,Teufenthal AG,Teufenthal (AG),4145,AG,96,47.32894,8.11926,de
5723,Teufenthal AG,Gränichen,4006,AG,1,47.33426,8.11265,de
5723,Teufenthal AG,Unterkulm,4146,AG,1,47.33401,8.10733,de
5724,Dürrenäsch,Dürrenäsch,4134,AG,99,47.32123,8.15746,de
5724,Dürrenäsch,Teufenthal (AG),4145,AG,0,47.33267,8.14409,de
5725,Leutwil,Leutwil,4138,AG,100,47.30923,8.17329,de
5726,Unterkulm,Unterkulm,4146,AG,99,47.31239,8.11212,de
5726,Unterkulm,Dürrenäsch,4134,AG,0,47.31841,8.13069,de
5727,Oberkulm,Oberkulm,4140,AG,100,47.30142,8.12148,de
5728,Gontenschwil,Gontenschwil,4135,AG,100,47.27046,8.14482,de
5732,Zetzwil,Zetzwil,4147,AG,100,47.28718,8.15146,de
5733,Leimbach AG,Leimbach (AG),4137,AG,100,47.27283,8.16934,de
5734,Reinach AG,Reinach (AG),4141,AG,100,47.25623,8.18271,de
5735,Pfeffikon LU,Rickenbach (LU),1097,LU,100,47.24773,8.17594,de
5736,Burg AG,Menziken,4139,AG,100,47.23612,8.17981,de
5737,Menziken,Menziken,4139,AG,100,47.24039,8.18975,de
5742,Kölliken,Kölliken,4276,AG,100,47.33484,8.02249,de
5745,Safenwil,Safenwil,4283,AG,100,47.32162,7.98207,de
5746,Walterswil SO,Walterswil (SO),2585,SO,91,47.32614,7.96776,de
5746,Walterswil SO,Dulliken,2573,SO,8,47.33503,7.94840,de
6003,Luzern,Luzern,1061,LU,100,47.04826,8.30112,de
6004,Luzern,Luzern,1061,LU,99,47.05683,8.30420,de
6004,Luzern,Ebikon,1054,LU,0,47.06392,8.29703,de
6005,St. Niklausen LU,Horw,1058,LU,100,47.02920,8.33444,de
6005,Luzern,Luzern,1061,LU,89,47.03977,8.31283,de
6005,Luzern,Kriens,1059,LU,7,47.04084,8.29257,de
6005,Luzern,Horw,1058,LU,3,47.03375,8.31097,de
6006,Luzern,Luzern,1061,LU,99,47.05812,8.32781,de
6006,Luzern,Meggen,1063,LU,0,47.03757,8.35437,de
6006,Luzern,Ebikon,1054,LU,0,47.06784,8.31530,de
6010,Pilatus Kulm,Alpnach,1401,OW,100,46.97910,8.25476,de
6010,Kriens,Kriens,1059,LU,99,47.03235,8.28190,de
6010,Kriens,Hergiswil (NW),1507,NW,0,46.99058,8.25199,de
6012,Obernau,Kriens,1059,LU,100,47.03225,8.25231,de
6013,Eigenthal,Schwarzenberg,1066,LU,94,47.00580,8.21796,de
6013,Eigenthal,Hergiswil (NW),1507,NW,2,46.98522,8.22499,de
6013,Eigenthal,Kriens,1059,LU,2,47.01738,8.22387,de
6014,Luzern,Luzern,1061,LU,92,47.05266,8.26293,de
6014,Luzern,Malters,1062,LU,7,47.05370,8.23574,de
6015,Luzern,Luzern,1061,LU,100,47.06406,8.27812,de
6016,Hellbühl,Neuenkirch,1093,LU,46,47.07234,8.19943,de
6016,Hellbühl,Malters,1062,LU,24,47.06024,8.19340,de
6016,Hellbühl,Ruswil,1098,LU,18,47.07009,8.18457,de
6016,Hellbühl,Luzern,1061,LU,10,47.07292,8.21563,de
6017,Ruswil,Ruswil,1098,LU,100,47.08518,8.12335,de
6018,Buttisholz,Buttisholz,1083,LU,98,47.11390,8.09325,de
6018,Buttisholz,Ruswil,1098,LU,1,47.09664,8.09182,de
6018,Buttisholz,Oberkirch,1095,LU,0,47.13975,8.09668,de
6019,Sigigen,Ruswil,1098,LU,97,47.06134,8.13571,de
6019,Sigigen,Malters,1062,LU,2,47.04684,8.15156,de
6020,Emmenbrücke,Emmen,1024,LU,98,47.07804,8.27124,de
6020,Emmenbrücke,Luzern,1061,LU,0,47.06523,8.28965,de
6020,Emmenbrücke,Ebikon,1054,LU,0,47.06634,8.29687,de
6022,Grosswangen,Grosswangen,1086,LU,99,47.13282,8.04907,de
6022,Grosswangen,Buttisholz,1083,LU,0,47.13251,8.08370,de
6022,Grosswangen,Ettiswil,1128,LU,0,47.14354,8.03177,de
6023,Rothenburg,Rothenburg,1040,LU,99,47.09847,8.26914,de
6023,Rothenburg,Neuenkirch,1093,LU,0,47.11282,8.23434,de
6023,Rothenburg,Emmen,1024,LU,0,47.08551,8.24777,de
6024,Hildisrieden,Hildisrieden,1088,LU,99,47.15034,8.22600,de
6024,Hildisrieden,Neuenkirch,1093,LU,0,47.13413,8.22894,de
6024,Hildisrieden,Sempach,1102,LU,0,47.15746,8.20630,de
6025,Neudorf,Beromünster,1081,LU,100,47.17778,8.20859,de
6026,Rain,Rain,1037,LU,97,47.12853,8.25282,de
6026,Rain,Römerswil,1039,LU,1,47.14541,8.25842,de
6026,Rain,Eschenbach (LU),1026,LU,1,47.12744,8.28322,de
6026,Rain,Rothenburg,1040,LU,0,47.11927,8.28185,de
6027,Römerswil LU,Römerswil,1039,LU,100,47.16957,8.24710,de
6028,Herlisberg,Römerswil,1039,LU,93,47.19401,8.23457,de
6028,Herlisberg,Beromünster,1081,LU,6,47.20691,8.22123,de
6030,Ebikon,Ebikon,1054,LU,99,47.08005,8.34202,de
6030,Ebikon,Buchrain,1052,LU,0,47.08910,8.34557,de
6030,Ebikon,Adligenswil,1051,LU,0,47.07815,8.35564,de
6032,Emmen,Emmen,1024,LU,96,47.08456,8.29934,de
6032,Emmen,Ebikon,1054,LU,3,47.07887,8.31389,de
6033,Buchrain,Buchrain,1052,LU,100,47.09688,8.35057,de
6034,Inwil,Inwil,1033,LU,85,47.12374,8.35195,de
6034,Inwil,Eschenbach (LU),1026,LU,6,47.11648,8.33601,de
6034,Inwil,Ballwil,1023,LU,6,47.13946,8.34855,de
6034,Inwil,Dietwil,4231,AG,0,47.13992,8.37972,de
6034,Inwil,Sins,4239,AG,0,47.14484,8.37467,de
6035,Perlen,Buchrain,1052,LU,65,47.10739,8.35783,de
6035,Perlen,Root,1065,LU,34,47.11191,8.36922,de
6036,Dierikon,Dierikon,1053,LU,100,47.09457,8.36795,de
6037,Root,Root,1065,LU,99,47.11260,8.38889,de
6037,Root,Dierikon,1053,LU,0,47.10224,8.36943,de
6038,Honau,Root,1065,LU,100,47.13112,8.40648,de
6038,Gisikon,Gisikon,1055,LU,87,47.12462,8.40038,de
6038,Gisikon,Inwil,1033,LU,11,47.13361,8.39584,de
6038,Gisikon,Root,1065,LU,0,47.12147,8.40100,de
6039,Root D4,Root,1065,LU,100,47.10354,8.37417,de
6042,Dietwil,Dietwil,4231,AG,100,47.14830,8.39154,de
6043,Adligenswil,Adligenswil,1051,LU,100,47.07038,8.36486,de
6044,Udligenswil,Udligenswil,1067,LU,98,47.08978,8.39963,de
6044,Udligenswil,Root,1065,LU,1,47.10156,8.39503,de
6045,Meggen,Meggen,1063,LU,100,47.04821,8.37186,de
6047,Kastanienbaum,Horw,1058,LU,100,47.01007,8.33619,de
6048,Horw,Horw,1058,LU,99,47.01882,8.31227,de
6048,Horw,Kriens,1059,LU,0,47.02159,8.30408,de
6052,Hergiswil NW,Hergiswil (NW),1507,NW,99,46.98948,8.30811,de
6052,Hergiswil NW,Horw,1058,LU,0,46.99840,8.31208,de
6053,Alpnachstad,Alpnach,1401,OW,100,46.96581,8.28786,de
6055,Alpnach Dorf,Alpnach,1401,OW,100,46.93688,8.26264,de
6056,Kägiswil,Sarnen,1407,OW,100,46.91958,8.25836,de
6060,Ramersberg,Sarnen,1407,OW,100,46.89973,8.23081,de
6060,Sarnen,Sarnen,1407,OW,100,46.89574,8.24591,de
6062,Wilen (Sarnen),Sarnen,1407,OW,100,46.87428,8.21076,de
6063,Stalden (Sarnen),Sarnen,1407,OW,100,46.88498,8.19617,de
6064,Kerns,Kerns,1404,OW,99,46.90317,8.28105,de
6064,Kerns,Alpnach,1401,OW,0,46.92631,8.28039,de
6066,St. Niklausen OW,Kerns,1404,OW,100,46.87772,8.28442,de
6067,Melchtal,Kerns,1404,OW,89,46.83188,8.29277,de
6067,Melchtal,Sachseln,1406,OW,10,46.84013,8.28905,de
6068,Melchsee-Frutt,Kerns,1404,OW,100,46.77564,8.27295,de
6072,Sachseln,Sachseln,1406,OW,100,46.86526,8.23501,de
6073,Flüeli-Ranft,Sachseln,1406,OW,100,46.87273,8.26121,de
6074,Giswil,Giswil,1403,OW,95,46.84272,8.16795,de
6074,Giswil,Sachseln,1406,OW,4,46.84922,8.19161,de
6078,Bürglen OW,Lungern,1405,OW,100,46.81325,8.16776,de
6078,Lungern,Lungern,1405,OW,100,46.78513,8.15676,de
6083,Hasliberg Hohfluh,Hasliberg,783,BE,100,46.74966,8.17602,de
6084,Hasliberg Wasserwendi,Hasliberg,783,BE,100,46.74927,8.20278,de
6085,Hasliberg Goldern,Hasliberg,783,BE,100,46.73930,8.19930,de
6086,Hasliberg Reuti,Hasliberg,783,BE,100,46.73000,8.21636,de
6102,Malters,Malters,1062,LU,100,47.03845,8.17962,de
6103,Schwarzenberg LU,Schwarzenberg,1066,LU,100,47.01507,8.17746,de
6105,Schachen LU,Werthenstein,1009,LU,97,47.03512,8.13881,de
6105,Schachen LU,Ruswil,1098,LU,1,47.04761,8.13125,de
6105,Schachen LU,Entlebuch,1002,LU,0,47.00669,8.12002,de
6106,Werthenstein,Ruswil,1098,LU,61,47.05771,8.10057,de
6106,Werthenstein,Werthenstein,1009,LU,38,47.04586,8.10128,de
6110,Fontannen b. Wolhusen,Romoos,1007,LU,100,47.02458,7.99382,de
6110,Wolhusen,Wolhusen,1107,LU,75,47.06211,8.07369,de
6110,Wolhusen,Werthenstein,1009,LU,18,47.05046,8.07351,de
6110,Wolhusen,Ruswil,1098,LU,4,47.06214,8.09201,de
6110,Wolhusen,Menznau,1136,LU,1,47.03104,8.02311,de
6110,Wolhusen,Entlebuch,1002,LU,0,47.02882,8.06774,de
6110,Wolhusen,Doppleschwand,1001,LU,0,47.02895,8.05873,de
6112,Doppleschwand,Doppleschwand,1001,LU,100,47.01764,8.05399,de
6113,Romoos,Romoos,1007,LU,100,47.00771,8.01607,de
6114,Steinhuserberg,Wolhusen,1107,LU,100,47.04623,8.04635,de
6122,Menznau,Menznau,1136,LU,99,47.08319,8.03942,de
6122,Menznau,Willisau,1151,LU,0,47.09362,8.02251,de
6122,Menznau,Wolhusen,1107,LU,0,47.05531,8.04055,de
6123,Geiss,Menznau,1136,LU,100,47.09223,8.05874,de
6125,Menzberg,Menznau,1136,LU,83,47.04099,8.00137,de
6125,Menzberg,Willisau,1151,LU,8,47.05307,7.99178,de
6125,Menzberg,Hergiswil bei Willisau,1132,LU,8,47.04314,7.97650,de
6126,Daiwil,Willisau,1151,LU,100,47.09149,8.01325,de
6130,Willisau,Willisau,1151,LU,99,47.11821,7.99148,de
6130,Willisau,Hergiswil bei Willisau,1132,LU,0,47.09054,7.97705,de
6130,Willisau,Menznau,1136,LU,0,47.10355,8.03038,de
6132,Rohrmatt,Willisau,1151,LU,55,47.09507,7.98221,de
6132,Rohrmatt,Hergiswil bei Willisau,1132,LU,44,47.07001,7.97865,de
6133,Hergiswil b. Willisau,Hergiswil bei Willisau,1132,LU,98,47.07391,7.95420,de
6133,Hergiswil b. Willisau,Willisau,1151,LU,1,47.09738,7.94880,de
6142,Gettnau,Willisau,1151,LU,100,47.14037,7.96973,de
6143,Ohmstal,Schötz,1143,LU,97,47.15871,7.95598,de
6143,Ohmstal,Willisau,1151,LU,2,47.14839,7.97047,de
6144,Zell LU,Zell (LU),1150,LU,99,47.13753,7.92814,de
6144,Zell LU,Altishofen,1123,LU,0,47.16226,7.93107,de
6144,Zell LU,Willisau,1151,LU,0,47.11724,7.92742,de
6145,Fischbach LU,Fischbach,1129,LU,99,47.15244,7.90830,de
6145,Fischbach LU,Grossdietwil,1131,LU,0,47.15048,7.88710,de
6146,Grossdietwil,Grossdietwil,1131,LU,99,47.17009,7.88713,de
6146,Grossdietwil,Melchnau,333,BE,0,47.16620,7.87641,de
6147,Altbüron,Altbüron,1122,LU,83,47.18346,7.88211,de
6147,Altbüron,Grossdietwil,1131,LU,14,47.19379,7.90713,de
6147,Altbüron,Pfaffnau,1139,LU,1,47.20126,7.86078,de
6147,Altbüron,Melchnau,333,BE,0,47.17961,7.87547,de
6152,Hüswil,Zell (LU),1150,LU,95,47.12734,7.90720,de
6152,Hüswil,Fischbach,1129,LU,4,47.13043,7.89012,de
6153,Ufhusen,Ufhusen,1145,LU,96,47.11267,7.89490,de
6153,Ufhusen,Zell (LU),1150,LU,1,47.11013,7.91648,de
6153,Ufhusen,Luthern,1135,LU,1,47.09346,7.90175,de
6153,Ufhusen,Fischbach,1129,LU,0,47.12788,7.88890,de
6154,Hofstatt,Luthern,1135,LU,97,47.08366,7.90683,de
6154,Hofstatt,Willisau,1151,LU,2,47.10022,7.92613,de
6156,Luthern Bad,Luthern,1135,LU,100,47.03170,7.92526,de
6156,Luthern,Luthern,1135,LU,94,47.05938,7.91471,de
6156,Luthern,Willisau,1151,LU,3,47.08472,7.92583,de
6156,Luthern,Hergiswil bei Willisau,1132,LU,2,47.07831,7.92577,de
6162,Rengg,Entlebuch,1002,LU,100,47.00098,8.09963,de
6162,Entlebuch,Entlebuch,1002,LU,98,46.99352,8.06712,de
6162,Finsterwald b. Entlebuch,Entlebuch,1002,LU,89,46.96881,8.11372,de
6162,Finsterwald b. Entlebuch,Hasle (LU),1005,LU,10,46.94044,8.12023,de
6162,Entlebuch,Hasle (LU),1005,LU,1,46.99365,8.05915,de
6163,Ebnet,Entlebuch,1002,LU,100,47.02146,8.07804,de
6166,Hasle LU,Hasle (LU),1005,LU,97,46.97545,8.05118,de
6166,Hasle LU,Entlebuch,1002,LU,2,46.97830,8.01604,de
6166,Hasle LU,Romoos,1007,LU,0,46.99086,8.02815,de
6167,Bramboden,Romoos,1007,LU,100,46.98120,7.98259,de
6170,Schüpfheim,Schüpfheim,1008,LU,98,46.95149,8.01625,de
6170,Schüpfheim,Romoos,1007,LU,0,46.97429,7.98099,de
6170,Schüpfheim,Flühli,1004,LU,0,46.91207,8.04078,de
6170,Schüpfheim,Escholzmatt-Marbach,1010,LU,0,46.92680,7.99077,de
6170,Schüpfheim,Hasle (LU),1005,LU,0,46.92473,8.06927,de
6170,Schüpfheim,Entlebuch,1002,LU,0,46.97316,8.01584,de
6173,Flühli LU,Flühli,1004,LU,98,46.88336,8.01673,de
6173,Flühli LU,Escholzmatt-Marbach,1010,LU,1,46.91853,8.01120,de
6174,Sörenberg,Flühli,1004,LU,98,46.82274,8.03196,de
6174,Sörenberg,Giswil,1403,OW,1,46.79332,8.06240,de
6182,Escholzmatt,Escholzmatt-Marbach,1010,LU,100,46.91807,7.94194,de
6192,Wiggen,Escholzmatt-Marbach,1010,LU,92,46.89140,7.91446,de
6192,Wiggen,Flühli,1004,LU,7,46.87104,7.97025,de
6196,Marbach LU,Escholzmatt-Marbach,1010,LU,100,46.85982,7.89892,de
6197,Schangnau,Schangnau,906,BE,86,46.82024,7.87557,de
6197,Schangnau,Eggiwil,901,BE,7,46.83006,7.83740,de
6197,Schangnau,Flühli,1004,LU,2,46.79176,7.96643,de
6197,Schangnau,Eriz,924,BE,1,46.79803,7.83722,de
6197,Schangnau,Escholzmatt-Marbach,1010,LU,1,46.82417,7.91901,de
6197,Schangnau,Habkern,579,BE,0,46.79023,7.95184,de
6203,Sempach Station,Neuenkirch,1093,LU,100,47.11635,8.19652,de
6204,Sempach,Sempach,1102,LU,96,47.13313,8.19439,de
6204,Sempach,Neuenkirch,1093,LU,3,47.13406,8.22156,de
6205,Eich,Eich,1084,LU,100,47.15627,8.16795,de
6206,Neuenkirch,Neuenkirch,1093,LU,94,47.09993,8.20380,de
6206,Neuenkirch,Emmen,1024,LU,3,47.08769,8.23073,de
6206,Neuenkirch,Ruswil,1098,LU,1,47.09102,8.17362,de
6206,Neuenkirch,Rothenburg,1040,LU,0,47.09942,8.23088,de
6207,Nottwil,Nottwil,1094,LU,98,47.13357,8.13547,de
6207,Nottwil,Neuenkirch,1093,LU,0,47.11270,8.16054,de
6207,Nottwil,Ruswil,1098,LU,0,47.11343,8.13359,de
6207,Nottwil,Oberkirch,1095,LU,0,47.14128,8.11191,de
6208,Oberkirch LU,Oberkirch,1095,LU,100,47.15922,8.11294,de
6210,Sursee,Sursee,1103,LU,90,47.17171,8.10907,de
6210,Sursee,Mauensee,1091,LU,5,47.17151,8.09067,de
6210,Sursee,Oberkirch,1095,LU,3,47.16809,8.09679,de
6210,Sursee,Schenkon,1099,LU,0,47.17466,8.12349,de
6211,Buchs LU,Dagmersellen,1125,LU,100,47.20119,8.03602,de
6212,Kaltbach,Mauensee,1091,LU,100,47.18353,8.05950,de
6212,St. Erhard,Knutwil,1089,LU,100,47.18446,8.07348,de
6213,Knutwil,Knutwil,1089,LU,99,47.19875,8.07267,de
6213,Knutwil,Triengen,1104,LU,0,47.21393,8.07162,de
6214,Schenkon,Schenkon,1099,LU,99,47.17885,8.13472,de
6214,Schenkon,Eich,1084,LU,0,47.16753,8.15279,de
6215,Beromünster,Beromünster,1081,LU,100,47.20583,8.19431,de
6215,Schwarzenbach LU,Beromünster,1081,LU,100,47.23297,8.21146,de
6216,Mauensee,Mauensee,1091,LU,96,47.16661,8.07047,de
6216,Mauensee,Oberkirch,1095,LU,3,47.16689,8.09093,de
6217,Kottwil,Ettiswil,1128,LU,100,47.16255,8.04311,de
6218,Ettiswil,Ettiswil,1128,LU,100,47.14989,8.01921,de
6221,Rickenbach LU,Rickenbach (LU),1097,LU,88,47.22218,8.15369,de
6221,Rickenbach LU,Beromünster,1081,LU,11,47.20534,8.15576,de
6222,Gunzwil,Beromünster,1081,LU,98,47.20291,8.17807,de
6222,Gunzwil,Schenkon,1099,LU,1,47.17492,8.15511,de
6231,Schlierbach,Schlierbach,1100,LU,100,47.22630,8.11334,de
6232,Geuensee,Geuensee,1085,LU,100,47.19844,8.10926,de
6233,Büron,Büron,1082,LU,100,47.21186,8.09529,de
6234,Kulmerau,Triengen,1104,LU,100,47.25419,8.08712,de
6234,Triengen,Triengen,1104,LU,100,47.23587,8.07754,de
6235,Winikon,Triengen,1104,LU,95,47.23609,8.04744,de
6235,Winikon,Dagmersellen,1125,LU,4,47.23018,8.02964,de
6236,Wilihof,Triengen,1104,LU,100,47.22090,8.06328,de
6242,Wauwil,Wauwil,1146,LU,94,47.18594,8.02400,de
6242,Wauwil,Mauensee,1091,LU,5,47.18561,8.04010,de
6243,Egolzwil,Egolzwil,1127,LU,100,47.18527,8.00692,de
6244,Nebikon,Nebikon,1137,LU,97,47.19159,7.97865,de
6244,Nebikon,Egolzwil,1127,LU,1,47.18422,7.97934,de
6244,Nebikon,Altishofen,1123,LU,0,47.18507,7.96321,de
6245,Ebersecken,Altishofen,1123,LU,94,47.18186,7.93843,de
6245,Ebersecken,Grossdietwil,1131,LU,5,47.18773,7.92459,de
6246,Altishofen,Altishofen,1123,LU,96,47.20150,7.96532,de
6246,Altishofen,Dagmersellen,1125,LU,3,47.21488,7.96143,de
6247,Schötz,Schötz,1143,LU,99,47.17146,7.98621,de
6247,Schötz,Altishofen,1123,LU,0,47.16864,7.96074,de
6248,Alberswil,Alberswil,1121,LU,94,47.15050,8.00145,de
6248,Alberswil,Willisau,1151,LU,4,47.13717,8.00272,de
6248,Alberswil,Ettiswil,1128,LU,1,47.13732,8.00416,de
6252,Dagmersellen,Dagmersellen,1125,LU,99,47.21477,7.98734,de
6252,Dagmersellen,Reiden,1140,LU,0,47.23087,7.97195,de
6253,Uffikon,Dagmersellen,1125,LU,100,47.21235,8.02010,de
6260,Mehlsecken,Reiden,1140,LU,100,47.24611,7.95933,de
6260,Reiden,Reiden,1140,LU,100,47.24441,7.97363,de
6260,Reidermoos,Reiden,1140,LU,97,47.25276,7.99106,de
6260,Hintermoos,Wikon,1147,LU,92,47.26679,8.00561,de
6260,Hintermoos,Reiden,1140,LU,7,47.25943,8.01490,de
6260,Reidermoos,Dagmersellen,1125,LU,1,47.23528,8.00967,de
6260,Reidermoos,Wikon,1147,LU,0,47.26076,8.00321,de
6262,Langnau b. Reiden,Reiden,1140,LU,100,47.22928,7.96071,de
6263,Richenthal,Reiden,1140,LU,98,47.21318,7.94002,de
6263,Richenthal,Altishofen,1123,LU,1,47.20198,7.94713,de
6264,Pfaffnau,Pfaffnau,1139,LU,99,47.22981,7.89893,de
6264,Pfaffnau,Brittnau,4274,AG,0,47.24415,7.91027,de
6265,Roggliswil,Roggliswil,1142,LU,90,47.21318,7.88542,de
6265,Roggliswil,Pfaffnau,1139,LU,9,47.20656,7.90561,de
6274,Eschenbach LU,Eschenbach (LU),1026,LU,95,47.13103,8.31996,de
6274,Eschenbach LU,Ballwil,1023,LU,3,47.13709,8.33724,de
6274,Eschenbach LU,Hochdorf,1031,LU,1,47.14289,8.30883,de
6275,Ballwil,Ballwil,1023,LU,79,47.15235,8.32333,de
6275,Ballwil,Hohenrain,1032,LU,18,47.16397,8.32906,de
6275,Ballwil,Hochdorf,1031,LU,1,47.15061,8.30821,de
6275,Ballwil,Sins,4239,AG,0,47.14777,8.36252,de
6276,Hohenrain,Hohenrain,1032,LU,100,47.18001,8.31788,de
6277,Lieli LU,Hohenrain,1032,LU,100,47.20822,8.29877,de
6277,Kleinwangen,Hohenrain,1032,LU,99,47.19460,8.29645,de
6277,Kleinwangen,Auw,4223,AG,0,47.20475,8.32917,de
6280,Hochdorf,Hochdorf,1031,LU,90,47.16666,8.29266,de
6280,Urswil,Hochdorf,1031,LU,79,47.15188,8.29056,de
6280,Urswil,Römerswil,1039,LU,20,47.15073,8.27402,de
6280,Hochdorf,Römerswil,1039,LU,8,47.16241,8.27328,de
6280,Hochdorf,Hohenrain,1032,LU,0,47.16838,8.30340,de
6283,Baldegg,Hochdorf,1031,LU,62,47.18494,8.28065,de
6283,Baldegg,Römerswil,1039,LU,30,47.17743,8.26623,de
6283,Baldegg,Hohenrain,1032,LU,7,47.19522,8.27827,de
6284,Gelfingen,Hitzkirch,1030,LU,100,47.21427,8.26781,de
6284,Sulz LU,Hitzkirch,1030,LU,100,47.22114,8.28435,de
6285,Hitzkirch,Hitzkirch,1030,LU,100,47.22433,8.26190,de
6285,Retschwil,Hitzkirch,1030,LU,100,47.19732,8.24516,de
6286,Altwis,Hitzkirch,1030,LU,100,47.23841,8.25190,de
6287,Aesch LU,Aesch (LU),1021,LU,98,47.25738,8.24042,de
6287,Aesch LU,Schongau,1041,LU,1,47.26965,8.24552,de
6288,Schongau,Schongau,1041,LU,99,47.26868,8.26891,de
6288,Schongau,Hitzkirch,1030,LU,0,47.24834,8.29301,de
6289,Hämikon,Hitzkirch,1030,LU,100,47.23737,8.27648,de
6289,Müswangen,Hitzkirch,1030,LU,100,47.23784,8.28943,de
6294,Ermensee,Ermensee,1025,LU,100,47.22671,8.24210,de
6295,Mosen,Hitzkirch,1030,LU,100,47.24430,8.22650,de
6300,Zugerberg,Zug,1711,ZG,100,47.14900,8.53441,de
6300,Zug,Zug,1711,ZG,99,47.17080,8.51728,de
6300,Zug,Baar,1701,ZG,0,47.18653,8.50051,de
6312,Steinhausen,Steinhausen,1708,ZG,99,47.19615,8.48620,de
6312,Steinhausen,Baar,1701,ZG,0,47.19223,8.50084,de
6313,Edlibach,Menzingen,1704,ZG,100,47.17984,8.57071,de
6313,Finstersee,Menzingen,1704,ZG,100,47.16617,8.62755,de
6313,Menzingen,Menzingen,1704,ZG,99,47.17609,8.59499,de
6313,Menzingen,Neuheim,1705,ZG,0,47.19742,8.60745,de
6314,Unterägeri,Unterägeri,1709,ZG,99,47.13602,8.58052,de
6314,Neuägeri,Unterägeri,1709,ZG,49,47.14892,8.56223,de
6314,Neuägeri,Menzingen,1704,ZG,28,47.15341,8.56359,de
6314,Neuägeri,Zug,1711,ZG,11,47.15291,8.55104,de
6314,Neuägeri,Baar,1701,ZG,11,47.15350,8.56198,de
6314,Unterägeri,Oberägeri,1706,ZG,0,47.11918,8.60509,de
6315,Morgarten,Oberägeri,1706,ZG,99,47.10968,8.64972,de
6315,Oberägeri,Oberägeri,1706,ZG,99,47.13728,8.61324,de
6315,Alosen,Oberägeri,1706,ZG,95,47.14026,8.63549,de
6315,Alosen,Menzingen,1704,ZG,4,47.15500,8.65346,de
6315,Morgarten,Sattel,1371,SZ,0,47.09856,8.64733,de
6315,Oberägeri,Unterägeri,1709,ZG,0,47.14757,8.59304,de
6317,Oberwil b. Zug,Zug,1711,ZG,100,47.14443,8.50847,de
6318,Walchwil,Walchwil,1710,ZG,97,47.10214,8.51622,de
6318,Walchwil,Arth,1362,SZ,1,47.08990,8.52350,de
6318,Walchwil,Zug,1711,ZG,0,47.08692,8.57010,de
6319,Allenwinden,Baar,1701,ZG,100,47.16586,8.55350,de
6330,Cham,Cham,1702,ZG,99,47.18524,8.45894,de
6330,Cham,Steinhausen,1708,ZG,0,47.20685,8.47644,de
6330,Cham,Zug,1711,ZG,0,47.18420,8.47996,de
6331,Hünenberg,Hünenberg,1703,ZG,99,47.17744,8.42429,de
6331,Hünenberg,Cham,1702,ZG,0,47.22316,8.41667,de
6332,Hagendorn,Cham,1702,ZG,98,47.20368,8.43385,de
6332,Hagendorn,Hünenberg,1703,ZG,1,47.20285,8.42461,de
6333,Hünenberg See,Hünenberg,1703,ZG,100,47.17366,8.44742,de
6340,Baar,Baar,1701,ZG,99,47.19479,8.52669,de
6340,Sihlbrugg,Hausen am Albis,4,ZH,60,47.21891,8.57367,de
6340,Sihlbrugg,Neuheim,1705,ZG,32,47.21667,8.58082,de
6340,Sihlbrugg,Horgen,295,ZH,7,47.22552,8.58188,de
6340,Baar,Neuheim,1705,ZG,0,47.18918,8.55984,de
6340,Baar,Zug,1711,ZG,0,47.18425,8.51280,de
6343,Buonas,Risch,1707,ZG,100,47.14117,8.45456,de
6343,Holzhäusern ZG,Risch,1707,ZG,100,47.15343,8.43960,de
6343,Risch,Risch,1707,ZG,100,47.12863,8.46186,de
6343,Rotkreuz,Risch,1707,ZG,100,47.14076,8.43003,de
6344,Meierskappel,Meierskappel,1064,LU,100,47.12188,8.44147,de
6345,Neuheim,Neuheim,1705,ZG,99,47.20308,8.57666,de
6345,Neuheim,Baar,1701,ZG,0,47.20414,8.56244,de
6353,Weggis,Weggis,1069,LU,99,47.03301,8.43391,de
6353,Weggis,Greppen,1056,LU,0,47.05155,8.43762,de
6354,Vitznau,Vitznau,1068,LU,99,47.01267,8.48296,de
6354,Vitznau,Weggis,1069,LU,0,47.02956,8.47559,de
6356,Rigi Kaltbad,Weggis,1069,LU,60,47.04472,8.46733,de
6356,Rigi Kaltbad,Arth,1362,SZ,32,47.04075,8.47985,de
6356,Rigi Kaltbad,Vitznau,1068,LU,7,47.04177,8.47650,de
6362,Stansstad,Stansstad,1510,NW,99,46.97577,8.33990,de
6362,Stansstad,Ennetmoos,1506,NW,0,46.96513,8.32905,de
6363,Fürigen,Stansstad,1510,NW,100,46.98170,8.35179,de
6363,Obbürgen,Stansstad,1510,NW,83,46.98377,8.36351,de
6363,Bürgenstock,Ennetbürgen,1505,NW,76,46.99708,8.38362,de
6363,Bürgenstock,Stansstad,1510,NW,24,46.99615,8.37597,de
6363,Obbürgen,Ennetbürgen,1505,NW,16,46.99378,8.39038,de
6365,Kehrsiten,Stansstad,1510,NW,96,47.00063,8.37052,de
6365,Kehrsiten,Luzern,1061,LU,3,47.00110,8.42033,de
6370,Oberdorf NW,Oberdorf (NW),1508,NW,100,46.95659,8.38440,de
6370,Stans,Stans,1509,NW,99,46.96094,8.36412,de
6370,Stans,Ennetmoos,1506,NW,0,46.96185,8.34266,de
6370,Stans,Oberdorf (NW),1508,NW,0,46.95794,8.37491,de
6372,Ennetmoos,Ennetmoos,1506,NW,99,46.94647,8.31980,de
6372,Ennetmoos,Stans,1509,NW,0,46.95650,8.34863,de
6373,Ennetbürgen,Ennetbürgen,1505,NW,99,46.98607,8.41189,de
6373,Ennetbürgen,Stans,1509,NW,0,46.97649,8.38711,de
6374,Buochs,Buochs,1502,NW,99,46.97363,8.42118,de
6374,Buochs,Ennetbürgen,1505,NW,0,46.97910,8.41497,de
6374,Buochs,Oberdorf (NW),1508,NW,0,46.95613,8.40516,de
6375,Beckenried,Beckenried,1501,NW,100,46.96577,8.46951,de
6376,Emmetten,Emmetten,1504,NW,93,46.95485,8.51355,de
6376,Emmetten,Beckenried,1501,NW,6,46.95409,8.48361,de
6377,Seelisberg,Seelisberg,1215,UR,92,46.97118,8.58068,de
6377,Seelisberg,Emmetten,1504,NW,7,46.97860,8.56592,de
6382,Büren NW,Oberdorf (NW),1508,NW,100,46.93957,8.39794,de
6383,Wiesenberg,Dallenwil,1503,NW,100,46.91841,8.35514,de
6383,Wirzweli,Dallenwil,1503,NW,100,46.91253,8.36427,de
6383,Dallenwil,Dallenwil,1503,NW,98,46.92836,8.38945,de
6383,Niederrickenbach,Oberdorf (NW),1508,NW,76,46.92739,8.42754,de
6383,Niederrickenbach,Wolfenschiessen,1511,NW,24,46.91516,8.44324,de
6383,Dallenwil,Wolfenschiessen,1511,NW,1,46.93009,8.39535,de
6386,Wolfenschiessen,Wolfenschiessen,1511,NW,100,46.90723,8.39664,de
6387,Oberrickenbach,Wolfenschiessen,1511,NW,100,46.88626,8.42193,de
6388,Grafenort,Wolfenschiessen,1511,NW,80,46.87573,8.38056,de
6388,Grafenort,Engelberg,1402,OW,20,46.85668,8.37318,de
6390,Engelberg,Engelberg,1402,OW,93,46.82067,8.40859,de
6390,Engelberg,Wolfenschiessen,1511,NW,4,46.80802,8.37378,de
6390,Engelberg,Attinghausen,1203,UR,2,46.80218,8.49206,de
6402,Merlischachen,Küssnacht (SZ),1331,SZ,100,47.06708,8.41008,de
6403,Küssnacht am Rigi,Küssnacht (SZ),1331,SZ,100,47.08216,8.43826,de
6404,Greppen,Greppen,1056,LU,100,47.05495,8.43058,de
6405,Immensee,Küssnacht (SZ),1331,SZ,100,47.09547,8.46150,de
6410,Goldau,Arth,1362,SZ,100,47.04932,8.54963,de
6410,Rigi Klösterli,Arth,1362,SZ,100,47.04451,8.48648,de
6410,Rigi Kulm,Arth,1362,SZ,100,47.05473,8.48603,de
6410,Rigi Scheidegg,Gersau,1311,SZ,100,47.02625,8.52002,de
6410,Rigi Staffel,Arth,1362,SZ,100,47.05224,8.47398,de
6414,Oberarth,Arth,1362,SZ,100,47.05605,8.53931,de
6415,Arth,Arth,1362,SZ,100,47.06456,8.52561,de
6416,Steinerberg,Steinerberg,1374,SZ,98,47.05603,8.58561,de
6416,Steinerberg,Arth,1362,SZ,1,47.06647,8.56743,de
6417,Sattel,Sattel,1371,SZ,97,47.07717,8.63623,de
6417,Sattel,Schwyz,1372,SZ,1,47.06156,8.65830,de
6417,Sattel,Oberägeri,1706,ZG,1,47.09715,8.62294,de
6418,Rothenthurm,Rothenthurm,1370,SZ,93,47.10302,8.67541,de
6418,Rothenthurm,Oberägeri,1706,ZG,5,47.11976,8.66000,de
6418,Rothenthurm,Sattel,1371,SZ,0,47.09440,8.65428,de
6422,Steinen,Steinen,1373,SZ,99,47.04963,8.61073,de
6422,Steinen,Sattel,1371,SZ,0,47.06761,8.61194,de
6423,Seewen SZ,Schwyz,1372,SZ,98,47.02920,8.63390,de
6423,Seewen SZ,Ingenbohl,1364,SZ,1,47.01696,8.60998,de
6424,Lauerz,Lauerz,1365,SZ,100,47.03170,8.58364,de
6430,Schwyz,Schwyz,1372,SZ,100,47.02419,8.65398,de
6432,Rickenbach b. Schwyz,Schwyz,1372,SZ,100,47.01271,8.67438,de
6433,Stoos SZ,Morschach,1366,SZ,86,46.97756,8.66533,de
6433,Stoos SZ,Muotathal,1367,SZ,13,46.97950,8.68998,de
6434,Illgau,Illgau,1363,SZ,100,46.99150,8.72935,de
6436,Ried (Muotathal),Muotathal,1367,SZ,100,46.98667,8.70933,de
6436,Muotathal,Muotathal,1367,SZ,95,46.97414,8.76624,de
6436,Bisisthal,Muotathal,1367,SZ,79,46.93653,8.83972,de
6436,Bisisthal,Bürglen (UR),1205,UR,14,46.92854,8.80796,de
6436,Bisisthal,Unterschächen,1219,UR,6,46.90380,8.83914,de
6436,Muotathal,Bürglen (UR),1205,UR,4,46.91306,8.75323,de
6438,Ibach,Schwyz,1372,SZ,100,47.01150,8.64526,de
6440,Brunnen,Ingenbohl,1364,SZ,99,46.99979,8.60719,de
6440,Brunnen,Morschach,1366,SZ,0,46.97537,8.61092,de
6441,Rütli,Seelisberg,1215,UR,100,46.96957,8.59274,de
6442,Gersau,Gersau,1311,SZ,100,46.99583,8.52455,de
6443,Morschach,Morschach,1366,SZ,100,46.98202,8.62001,de
6452,Sisikon,Sisikon,1217,UR,81,46.94821,8.62295,de
6452,Riemenstalden,Riemenstalden,1369,SZ,59,46.94799,8.66755,de
6452,Riemenstalden,Sisikon,1217,UR,40,46.93726,8.67476,de
6452,Sisikon,Morschach,1366,SZ,18,46.95383,8.62514,de
6454,Flüelen,Flüelen,1207,UR,100,46.91889,8.64730,de
6460,Altdorf UR,Altdorf (UR),1201,UR,88,46.87910,8.63954,de
6460,Altdorf UR,Bürglen (UR),1205,UR,11,46.87137,8.64794,de
6460,Altdorf UR,Flüelen,1207,UR,0,46.91179,8.65107,de
6461,Isenthal,Isenthal,1211,UR,100,46.90512,8.54511,de
6462,Seedorf UR,Seedorf (UR),1214,UR,100,46.88295,8.61211,de
6463,Bürglen UR,Bürglen (UR),1205,UR,100,46.87759,8.67338,de
6464,Spiringen,Spiringen,1218,UR,99,46.87706,8.73153,de
6464,Spiringen,Bürglen (UR),1205,UR,0,46.87130,8.69796,de
6465,Unterschächen,Unterschächen,1219,UR,100,46.86526,8.77756,de
6466,Bauen,Seedorf (UR),1214,UR,100,46.93121,8.57681,de
6467,Schattdorf,Schattdorf,1213,UR,100,46.86300,8.65088,de
6468,Attinghausen,Attinghausen,1203,UR,100,46.86229,8.62687,de
6469,Haldi b. Schattdorf,Schattdorf,1213,UR,78,46.85566,8.68054,de
6469,Haldi b. Schattdorf,Bürglen (UR),1205,UR,21,46.86064,8.68529,de
6472,Erstfeld,Erstfeld,1206,UR,98,46.82310,8.64670,de
6472,Erstfeld,Silenen,1216,UR,1,46.81377,8.67589,de
6473,Silenen,Silenen,1216,UR,95,46.79232,8.67099,de
6473,Silenen,Gurtnellen,1209,UR,4,46.79297,8.66393,de
6474,Amsteg,Silenen,1216,UR,59,46.77210,8.67036,de
6474,Amsteg,Gurtnellen,1209,UR,40,46.77728,8.65526,de
6475,Bristen,Silenen,1216,UR,100,46.76931,8.70968,de
6476,Intschi,Gurtnellen,1209,UR,73,46.76287,8.64496,de
6476,Intschi,Silenen,1216,UR,26,46.75886,8.65807,de
6482,Gurtnellen,Gurtnellen,1209,UR,100,46.73752,8.62641,de
6484,Wassen UR,Wassen,1220,UR,100,46.70362,8.59991,de
6485,Meien,Wassen,1220,UR,100,46.72860,8.54709,de
6487,Göschenen,Göschenen,1208,UR,100,46.66694,8.58210,de
6490,Andermatt,Andermatt,1202,UR,100,46.63552,8.59633,de
6491,Realp,Realp,1212,UR,100,46.59401,8.49730,de
6493,Hospental,Hospental,1210,UR,100,46.61961,8.56633,de
6500,Bellinzona,Bellinzona,5002,TI,100,46.19389,9.02538,it
6503,Bellinzona,Bellinzona,5002,TI,100,46.20798,9.01948,it
6512,Giubiasco,Bellinzona,5002,TI,100,46.17373,9.01203,it
6513,Monte Carasso,Bellinzona,5002,TI,100,46.18931,8.99830,it
6514,Sementina,Bellinzona,5002,TI,100,46.18263,8.99068,it
6515,Gudo,Bellinzona,5002,TI,99,46.17527,8.94416,it
6515,Gudo,Sant'Antonino,5017,TI,0,46.16406,8.95156,it
6516,Cugnasco,Cugnasco-Gerra,5138,TI,83,46.17608,8.91769,it
6516,Cugnasco,Locarno,5113,TI,16,46.17236,8.91137,it
6517,Arbedo,Arbedo-Castione,5001,TI,100,46.21443,9.04641,it
6518,Gorduno,Bellinzona,5002,TI,100,46.21927,9.02785,it
6523,Preonzo,Bellinzona,5002,TI,100,46.26333,8.99984,it
6524,Moleno,Bellinzona,5002,TI,100,46.26832,8.99084,it
6525,Gnosca,Bellinzona,5002,TI,100,46.23333,9.02146,it
6526,Prosito,Riviera,5287,TI,100,46.28182,8.98093,it
6527,Lodrino,Riviera,5287,TI,100,46.30042,8.98032,it
6528,Camorino,Bellinzona,5002,TI,99,46.16289,9.00425,it
6528,Camorino,Sant'Antonino,5017,TI,0,46.15683,8.99140,it
6532,Castione,Arbedo-Castione,5001,TI,99,46.22633,9.04566,it
6532,Castione,Bellinzona,5002,TI,0,46.23625,9.03704,it
6533,Lumino,Lumino,5010,TI,91,46.23123,9.06596,it
6533,Lumino,San Vittore,3835,GR,8,46.23514,9.07381,it
6534,S. Vittore,San Vittore,3835,GR,100,46.23889,9.10470,it
6535,Roveredo GR,Roveredo (GR),3834,GR,100,46.23534,9.12686,it
6537,Grono,Grono,3832,GR,96,46.24808,9.14821,it
6537,Grono,Castaneda,3805,GR,3,46.25123,9.14485,it
6538,Verdabbio,Grono,3832,GR,100,46.26809,9.15782,it
6540,Castaneda,Castaneda,3805,GR,100,46.25769,9.13994,it
6541,Sta. Maria in Calanca,Santa Maria in Calanca,3810,GR,99,46.26431,9.14235,it
6541,Sta. Maria in Calanca,Castaneda,3805,GR,0,46.26653,9.12310,it
6542,Buseno,Buseno,3804,GR,100,46.26957,9.10418,it
6543,Arvigo,Calanca,3837,GR,100,46.30083,9.11152,it
6544,Braggio,Calanca,3837,GR,100,46.30245,9.12420,it
6545,Selma,Calanca,3837,GR,100,46.31964,9.11665,it
6546,Cauco,Calanca,3837,GR,100,46.33358,9.12166,it
6548,Augio,Rossa,3808,GR,100,46.36529,9.12696,it
6548,Rossa,Rossa,3808,GR,100,46.37701,9.12492,it
6548,Sta. Domenica,Rossa,3808,GR,100,46.35139,9.12198,it
6549,Laura,Roveredo (GR),3834,GR,100,46.21257,9.10216,it
6556,Leggia,Grono,3832,GR,100,46.26197,9.16414,it
6557,Cama,Cama,3831,GR,88,46.27423,9.17126,it
6557,Cama,Grono,3832,GR,11,46.28551,9.17393,it
6558,Lostallo,Lostallo,3821,GR,100,46.31731,9.19937,it
6562,Soazza,Soazza,3823,GR,100,46.36337,9.22091,it
6563,Mesocco,Mesocco,3822,GR,100,46.39879,9.23254,it
6565,S. Bernardino,Mesocco,3822,GR,100,46.45779,9.19510,it
6571,Indemini,Gambarogno,5398,TI,100,46.09502,8.82878,it
6572,Quartino,Gambarogno,5398,TI,98,46.15283,8.89671,it
6572,Quartino,Locarno,5113,TI,1,46.15896,8.90596,it
6573,Magadino,Gambarogno,5398,TI,100,46.14639,8.86095,it
6574,Vira (Gambarogno),Gambarogno,5398,TI,100,46.14069,8.84216,it
6575,S. Nazzaro,Gambarogno,5398,TI,100,46.13384,8.80725,it
6575,Vairano,Gambarogno,5398,TI,100,46.13089,8.80987,it
6576,Gerra (Gambarogno),Gambarogno,5398,TI,100,46.12289,8.78870,it
6577,Ranzo,Gambarogno,5398,TI,100,46.11251,8.77302,it
6578,Caviano,Gambarogno,5398,TI,100,46.10602,8.76454,it
6579,Piazzogna,Gambarogno,5398,TI,100,46.13502,8.82448,it
6582,Pianezzo,Bellinzona,5002,TI,100,46.17127,9.03330,it
6583,S. Antonio (Val Morobbia),Bellinzona,5002,TI,100,46.16993,9.06575,it
6584,Carena,Bellinzona,5002,TI,100,46.16853,9.09028,it
6592,S. Antonino,Sant'Antonino,5017,TI,92,46.15493,8.97883,it
6592,S. Antonino,Bellinzona,5002,TI,7,46.16823,8.96904,it
6592,S. Antonino,Cadenazzo,5003,TI,0,46.15352,8.95953,it
6593,Cadenazzo,Cadenazzo,5003,TI,98,46.15065,8.94917,it
6593,Cadenazzo,Gambarogno,5398,TI,1,46.14519,8.93448,it
6593,Cadenazzo,Sant'Antonino,5017,TI,0,46.15233,8.96190,it
6594,Contone,Gambarogno,5398,TI,95,46.15009,8.92585,it
6594,Contone,Locarno,5113,TI,3,46.16035,8.91304,it
6594,Contone,Cugnasco-Gerra,5138,TI,0,46.16311,8.91403,it
6595,Riazzino,Lavertezzo,5112,TI,79,46.17872,8.88927,it
6595,Riazzino,Locarno,5113,TI,17,46.17138,8.89562,it
6595,Riazzino,Cugnasco-Gerra,5138,TI,2,46.18368,8.88166,it
6596,Gordola,Gordola,5108,TI,95,46.18123,8.86490,it
6596,Gordola,Locarno,5113,TI,4,46.16884,8.87657,it
6597,Agarone,Cugnasco-Gerra,5138,TI,100,46.17915,8.90731,it
6598,Tenero,Tenero-Contra,5131,TI,100,46.17930,8.84971,it
6599,Robasacco,Cadenazzo,5003,TI,100,46.14207,8.94585,it
6600,Solduno,Locarno,5113,TI,100,46.17037,8.77721,it
6600,Locarno,Locarno,5113,TI,99,46.16804,8.79288,it
6600,Muralto,Muralto,5120,TI,98,46.17422,8.80458,it
6600,Muralto,Orselina,5121,TI,1,46.17553,8.79727,it
6600,Locarno,Muralto,5120,TI,0,46.17422,8.79488,it
6605,Locarno,Locarno,5113,TI,93,46.17689,8.78367,it
6605,Locarno,Orselina,5121,TI,6,46.18680,8.79161,it
6612,Ascona,Ascona,5091,TI,98,46.15606,8.77341,it
6612,Ascona,Locarno,5113,TI,1,46.16011,8.78515,it
6613,Porto Ronco,Ronco sopra Ascona,5125,TI,100,46.14131,8.72650,it
6614,Brissago,Brissago,5097,TI,100,46.11824,8.70454,it
6614,Isole di Brissago,Brissago,5097,TI,100,46.13247,8.73572,it
6616,Losone,Losone,5115,TI,100,46.16883,8.76034,it
6618,Arcegno,Losone,5115,TI,98,46.16224,8.74219,it
6618,Arcegno,Ascona,5091,TI,1,46.15470,8.74601,it
6622,Ronco sopra Ascona,Ronco sopra Ascona,5125,TI,99,46.14633,8.72660,it
6622,Ronco sopra Ascona,Ascona,5091,TI,0,46.15114,8.74084,it
6631,Corippo,Verzasca,5399,TI,100,46.23585,8.83804,it
6632,Vogorno,Verzasca,5399,TI,100,46.22271,8.86095,it
6633,Lavertezzo,Verzasca,5399,TI,100,46.26349,8.84458,it
6634,Brione (Verzasca),Verzasca,5399,TI,100,46.29480,8.78929,it
6635,Gerra (Verzasca),Verzasca,5399,TI,100,46.31901,8.80080,it
6636,Frasco,Verzasca,5399,TI,100,46.34003,8.80169,it
6637,Sonogno,Verzasca,5399,TI,100,46.35120,8.78242,it
6644,Orselina,Orselina,5121,TI,99,46.17891,8.79824,it
6644,Orselina,Locarno,5113,TI,0,46.17717,8.78842,it
6645,Brione sopra Minusio,Brione sopra Minusio,5096,TI,79,46.18584,8.81812,it
6645,Brione sopra Minusio,Minusio,5118,TI,20,46.19181,8.80289,it
6646,Contra,Tenero-Contra,5131,TI,95,46.18771,8.84038,it
6646,Contra,Brione sopra Minusio,5096,TI,4,46.18717,8.83597,it
6647,Mergoscia,Mergoscia,5117,TI,100,46.20996,8.84252,it
6648,Minusio,Minusio,5118,TI,100,46.17796,8.81811,it
6652,Tegna,Terre di Pedemonte,5396,TI,91,46.18585,8.74399,it
6652,Tegna,Locarno,5113,TI,8,46.18437,8.75562,it
6653,Verscio,Terre di Pedemonte,5396,TI,100,46.18452,8.73142,it
6654,Cavigliano,Terre di Pedemonte,5396,TI,100,46.18455,8.71967,it
6655,Rasa,Centovalli,5397,TI,100,46.15541,8.65699,it
6655,Verdasio,Centovalli,5397,TI,100,46.17083,8.64160,it
6655,Intragna,Centovalli,5397,TI,99,46.17556,8.68942,it
6655,Intragna,Onsernone,5136,TI,0,46.18761,8.66997,it
6656,Golino,Centovalli,5397,TI,100,46.17851,8.71230,it
6657,Palagnedra,Centovalli,5397,TI,100,46.15363,8.63366,it
6658,Borgnone,Centovalli,5397,TI,100,46.16210,8.61530,it
6659,Camedo,Centovalli,5397,TI,100,46.15534,8.60914,it
6659,Moneto,Centovalli,5397,TI,100,46.14841,8.61661,it
6661,Auressio,Onsernone,5136,TI,100,46.20130,8.68630,it
6661,Berzona,Onsernone,5136,TI,100,46.20346,8.66116,it
6661,Comologno,Onsernone,5136,TI,100,46.20504,8.57589,it
6661,Crana,Onsernone,5136,TI,100,46.20400,8.60893,it
6661,Gresso,Onsernone,5136,TI,100,46.22645,8.61658,it
6661,Loco,Onsernone,5136,TI,100,46.20514,8.67379,it
6661,Mosogno,Onsernone,5136,TI,100,46.19904,8.63903,it
6661,Russo,Onsernone,5136,TI,100,46.20295,8.62121,it
6661,Spruga,Onsernone,5136,TI,100,46.20064,8.56414,it
6661,Vergeletto,Onsernone,5136,TI,100,46.23124,8.58704,it
6670,Avegno,Avegno Gordevio,5324,TI,98,46.20535,8.74711,it
6670,Avegno,Maggia,5317,TI,1,46.21579,8.74214,it
6672,Gordevio,Avegno Gordevio,5324,TI,100,46.22611,8.74560,it
6673,Maggia,Maggia,5317,TI,100,46.24873,8.70927,it
6674,Riveo,Maggia,5317,TI,100,46.29302,8.62604,it
6674,Someo,Maggia,5317,TI,100,46.28999,8.65752,it
6675,Cevio,Cevio,5310,TI,100,46.31322,8.60288,it
6676,Bignasco,Cevio,5310,TI,100,46.33925,8.61133,it
6677,Aurigeno,Maggia,5317,TI,100,46.23172,8.72083,it
6677,Moghegno,Maggia,5317,TI,100,46.24005,8.70338,it
6678,Coglio,Maggia,5317,TI,100,46.26826,8.68960,it
6678,Giumaglio,Maggia,5317,TI,100,46.27670,8.68098,it
6678,Lodano,Maggia,5317,TI,100,46.25802,8.68026,it
6682,Linescio,Linescio,5315,TI,99,46.30941,8.58349,it
6682,Linescio,Cerentino,5309,TI,0,46.30521,8.56489,it
6683,Cerentino,Cerentino,5309,TI,100,46.30681,8.54476,it
6683,Niva (Vallemaggia),Campo (Vallemaggia),5307,TI,100,46.29059,8.53094,it
6684,Campo (Vallemaggia),Campo (Vallemaggia),5307,TI,100,46.28851,8.50476,it
6684,Cimalmotto,Campo (Vallemaggia),5307,TI,100,46.28322,8.48448,it
6685,Bosco/Gurin,Bosco/Gurin,5304,TI,100,46.31733,8.49046,de
6690,Cavergno,Cevio,5310,TI,100,46.35856,8.58365,it
6690,S. Carlo (Val Bavona),Cevio,5310,TI,100,46.41438,8.52336,it
6692,Brontallo,Lavizzara,5323,TI,100,46.35566,8.62797,it
6692,Menzonio,Lavizzara,5323,TI,100,46.36190,8.64197,it
6693,Broglio,Lavizzara,5323,TI,100,46.38024,8.65865,it
6694,Prato-Sornico,Lavizzara,5323,TI,100,46.39413,8.66329,it
6695,Peccia,Lavizzara,5323,TI,100,46.40748,8.64647,it
6695,Piano di Peccia,Lavizzara,5323,TI,100,46.41371,8.61437,it
6696,Fusio,Lavizzara,5323,TI,100,46.43861,8.66168,it
6702,Claro,Bellinzona,5002,TI,100,46.25509,9.02449,it
6703,Osogna,Riviera,5287,TI,100,46.31090,8.98816,it
6705,Cresciano,Riviera,5287,TI,100,46.28528,9.00514,it
6707,Iragna,Riviera,5287,TI,100,46.33028,8.96392,it
6710,Biasca,Biasca,5281,TI,99,46.36084,8.97089,it
6710,Biasca,Serravalle,5050,TI,0,46.37819,8.95346,it
6713,Malvaglia,Serravalle,5050,TI,100,46.41281,8.99397,it
6714,Semione,Serravalle,5050,TI,99,46.40643,8.96845,it
6714,Semione,Faido,5072,TI,0,46.41020,8.92377,it
6715,Dongio,Acquarossa,5048,TI,100,46.43927,8.95397,it
6716,Acquarossa,Acquarossa,5048,TI,100,46.45597,8.93728,it
6716,Leontica,Acquarossa,5048,TI,100,46.45703,8.92149,it
6716,Lottigna,Acquarossa,5048,TI,100,46.46941,8.94310,it
6717,Dangio,Blenio,5049,TI,100,46.49462,8.95326,it
6717,Torre,Blenio,5049,TI,100,46.48827,8.95285,it
6718,Camperio,Blenio,5049,TI,100,46.52414,8.90690,it
6718,Olivone,Blenio,5049,TI,100,46.52888,8.92961,it
6719,Aquila,Blenio,5049,TI,100,46.50469,8.94471,it
6720,Campo (Blenio),Blenio,5049,TI,100,46.55728,8.93055,it
6720,Ghirone,Blenio,5049,TI,100,46.56586,8.94346,it
6721,Ludiano,Serravalle,5050,TI,100,46.42038,8.96765,it
6721,Motto (Blenio),Acquarossa,5048,TI,100,46.43120,8.97040,it
6722,Corzoneso,Acquarossa,5048,TI,100,46.44616,8.93691,it
6723,Castro,Acquarossa,5048,TI,100,46.47098,8.92804,it
6723,Marolta,Acquarossa,5048,TI,100,46.47829,8.92018,it
6723,Prugiasco,Acquarossa,5048,TI,100,46.46605,8.91370,it
6724,Largario,Acquarossa,5048,TI,100,46.49389,8.93967,it
6724,Ponto Valentino,Acquarossa,5048,TI,100,46.48182,8.93231,it
6742,Pollegio,Pollegio,5077,TI,99,46.36451,8.94749,it
6742,Pollegio,Biasca,5281,TI,0,46.35915,8.95827,it
6743,Bodio TI,Giornico,5073,TI,100,46.37898,8.91279,it
6744,Personico,Personico,5076,TI,100,46.36817,8.91798,it
6745,Giornico,Giornico,5073,TI,100,46.40151,8.87456,it
6746,Calonico,Faido,5072,TI,100,46.45150,8.84245,it
6746,Lavorgo,Faido,5072,TI,100,46.44146,8.84055,it
6746,Nivo,Faido,5072,TI,100,46.43607,8.84261,it
6747,Chironico,Faido,5072,TI,100,46.42238,8.83662,it
6748,Anzonico,Faido,5072,TI,100,46.43055,8.86291,it
6749,Cavagnago,Faido,5072,TI,100,46.41395,8.88399,it
6749,Sobrio,Faido,5072,TI,100,46.40061,8.90152,it
6760,Calpiogna,Faido,5072,TI,100,46.48558,8.80544,it
6760,Campello,Faido,5072,TI,100,46.48956,8.81590,it
6760,Carì,Faido,5072,TI,100,46.49395,8.81997,it
6760,Faido,Faido,5072,TI,100,46.47895,8.79873,it
6760,Molare,Faido,5072,TI,100,46.48663,8.82970,it
6760,Rossura,Faido,5072,TI,100,46.47404,8.82881,it
6763,Mairengo,Faido,5072,TI,100,46.48909,8.79006,it
6763,Osco,Faido,5072,TI,100,46.49535,8.77557,it
6764,Chiggiogna,Faido,5072,TI,100,46.46823,8.82064,it
6772,Rodi-Fiesso,Quinto,5079,TI,100,46.49080,8.73759,it
6773,Prato (Leventina),Quinto,5079,TI,100,46.48259,8.75482,it
6774,Dalpe,Dalpe,5071,TI,100,46.47596,8.77589,it
6775,Ambrì,Quinto,5079,TI,100,46.50925,8.69604,it
6776,Piotta,Quinto,5079,TI,100,46.51802,8.67814,it
6777,Quinto,Quinto,5079,TI,100,46.51079,8.71885,it
6780,Airolo,Airolo,5061,TI,100,46.52788,8.61418,it
6781,Bedretto,Bedretto,5063,TI,100,46.50073,8.50814,it
6781,Villa Bedretto,Bedretto,5063,TI,100,46.51080,8.52465,it
6802,Rivera,Monteceneri,5238,TI,100,46.12081,8.92142,it
6803,Camignolo,Monteceneri,5238,TI,100,46.10628,8.93627,it
6804,Bironico,Monteceneri,5238,TI,100,46.11504,8.93470,it
6805,Mezzovico,Mezzovico-Vira,5199,TI,100,46.09152,8.91867,it
6806,Sigirino,Monteceneri,5238,TI,100,46.08091,8.91473,it
6807,Taverne,Torricella-Taverne,5227,TI,98,46.06364,8.92842,it
6807,Taverne,Lamone,5189,TI,1,46.05350,8.92993,it
6807,Taverne,Capriasca,5226,TI,0,46.07277,8.93494,it
6808,Torricella,Torricella-Taverne,5227,TI,100,46.06542,8.92228,it
6809,Medeglia,Monteceneri,5238,TI,99,46.11780,8.96197,it
6809,Medeglia,Comunanza Cadenazzo/Monteceneri,5391,TI,0,46.14810,9.04848,it
6810,Isone,Isone,5009,TI,100,46.12902,8.98626,it
6814,Cadempino,Cadempino,5162,TI,99,46.03459,8.93512,it
6814,Lamone,Lamone,5189,TI,99,46.04373,8.93193,it
6814,Cadempino,Lamone,5189,TI,0,46.03610,8.93018,it
6814,Lamone,Gravesano,5187,TI,0,46.03943,8.92476,it
6814,Lamone,Cadempino,5162,TI,0,46.03714,8.93237,it
6815,Melide,Melide,5198,TI,100,45.95331,8.94528,it
6816,Bissone,Bissone,5154,TI,100,45.95210,8.96645,it
6817,Maroggia,Val Mara,5240,TI,100,45.93468,8.97148,it
6818,Melano,Val Mara,5240,TI,100,45.92261,8.98492,it
6821,Rovio,Val Mara,5240,TI,100,45.93435,8.98616,it
6822,Arogno,Arogno,5144,TI,100,45.95757,8.98630,it
6823,Pugerna,Lugano,5192,TI,72,45.98493,8.98357,it
6823,Pugerna,Arogno,5144,TI,27,45.97819,8.97873,it
6825,Capolago,Mendrisio,5254,TI,99,45.90359,8.97952,it
6825,Capolago,Castel San Pietro,5249,TI,0,45.92808,9.01879,it
6826,Riva San Vitale,Riva San Vitale,5263,TI,100,45.90280,8.97116,it
6827,Brusino Arsizio,Brusino Arsizio,5160,TI,100,45.92257,8.93739,it
6828,Balerna,Balerna,5242,TI,99,45.84690,9.00580,it
6828,Balerna,Novazzano,5260,TI,0,45.84043,9.00270,it
6830,Chiasso,Chiasso,5250,TI,99,45.83510,9.02684,it
6830,Chiasso,Balerna,5242,TI,0,45.83379,9.01522,it
6832,Pedrinate,Chiasso,5250,TI,100,45.82602,9.01308,it
6832,Seseglio,Chiasso,5250,TI,100,45.82720,8.99934,it
6833,Vacallo,Vacallo,5268,TI,100,45.84553,9.03398,it
6834,Morbio Inferiore,Morbio Inferiore,5257,TI,100,45.84969,9.01996,it
6835,Morbio Superiore,Breggia,5269,TI,100,45.86043,9.02350,it
6837,Bruzella,Breggia,5269,TI,100,45.88248,9.03812,it
6837,Caneggio,Breggia,5269,TI,100,45.87204,9.03134,it
6838,Cabbio,Breggia,5269,TI,100,45.89647,9.04641,it
6838,Muggio,Breggia,5269,TI,100,45.90637,9.04049,it
6839,Sagno,Breggia,5269,TI,100,45.85676,9.03895,it
6850,Mendrisio,Mendrisio,5254,TI,98,45.87075,8.98419,it
6850,Mendrisio,Castel San Pietro,5249,TI,1,45.86025,8.98676,it
6852,Genestrerio,Mendrisio,5254,TI,100,45.85389,8.96055,it
6853,Ligornetto,Mendrisio,5254,TI,99,45.86166,8.95241,it
6853,Ligornetto,Stabio,5266,TI,0,45.86343,8.93877,it
6854,S. Pietro,Stabio,5266,TI,100,45.85784,8.93780,it
6855,Stabio,Stabio,5266,TI,99,45.85051,8.93818,it
6855,Stabio,Mendrisio,5254,TI,0,45.84434,8.94494,it
6862,Rancate,Mendrisio,5254,TI,100,45.87103,8.96867,it
6863,Besazio,Mendrisio,5254,TI,100,45.87247,8.95209,it
6864,Arzo,Mendrisio,5254,TI,100,45.87538,8.94060,it
6865,Tremona,Mendrisio,5254,TI,100,45.87990,8.95693,it
6866,Meride,Mendrisio,5254,TI,100,45.89054,8.95270,it
6867,Serpiano,Brusino Arsizio,5160,TI,100,45.91223,8.93001,it
6872,Salorino,Mendrisio,5254,TI,100,45.87574,8.99374,it
6873,Corteglia,Castel San Pietro,5249,TI,100,45.86131,8.99533,it
6874,Castel San Pietro,Castel San Pietro,5249,TI,99,45.86151,9.00708,it
6874,Castel San Pietro,Mendrisio,5254,TI,0,45.86827,8.99106,it
6875,Campora,Castel San Pietro,5249,TI,100,45.87410,9.02384,it
6875,Casima,Castel San Pietro,5249,TI,100,45.89088,9.03712,it
6875,Monte,Castel San Pietro,5249,TI,100,45.88146,9.02681,it
6877,Coldrerio,Coldrerio,5251,TI,99,45.85499,8.98781,it
6877,Coldrerio,Castel San Pietro,5249,TI,0,45.85875,8.98653,it
6883,Novazzano,Novazzano,5260,TI,100,45.84221,8.97944,it
6900,Lugano,Lugano,5192,TI,100,46.00855,8.95234,it
6900,Massagno,Massagno,5196,TI,100,46.01272,8.94426,it
6900,Paradiso,Paradiso,5210,TI,98,45.98943,8.94514,it
6900,Paradiso,Lugano,5192,TI,1,45.98311,8.95617,it
6912,Pazzallo,Lugano,5192,TI,100,45.98353,8.94071,it
6913,Carabbia,Lugano,5192,TI,100,45.97180,8.93700,it
6914,Carona,Lugano,5192,TI,100,45.95742,8.93663,it
6915,Pambio-Noranco,Lugano,5192,TI,100,45.98537,8.93068,it
6916,Grancia,Grancia,5186,TI,99,45.96796,8.92768,it
6916,Grancia,Collina d'Oro,5236,TI,0,45.97458,8.92721,it
6917,Barbengo,Lugano,5192,TI,100,45.96098,8.91667,it
6918,Figino,Lugano,5192,TI,100,45.95429,8.91026,it
6919,Carabietta,Collina d'Oro,5236,TI,100,45.96858,8.89972,it
6921,Vico Morcote,Vico Morcote,5233,TI,100,45.93078,8.92386,it
6922,Morcote,Morcote,5203,TI,100,45.92680,8.91176,it
6924,Sorengo,Sorengo,5225,TI,98,46.00090,8.93623,it
6924,Sorengo,Lugano,5192,TI,1,45.99948,8.94259,it
6925,Gentilino,Collina d'Oro,5236,TI,99,45.99179,8.93110,it
6925,Gentilino,Lugano,5192,TI,0,45.98934,8.93500,it
6926,Montagnola,Collina d'Oro,5236,TI,100,45.98276,8.91701,it
6927,Agra,Collina d'Oro,5236,TI,100,45.97003,8.91396,it
6928,Manno,Manno,5194,TI,100,46.03573,8.91947,it
6929,Gravesano,Gravesano,5187,TI,100,46.04136,8.91943,it
6930,Bedano,Bedano,5148,TI,99,46.05136,8.92022,it
6930,Bedano,Lamone,5189,TI,0,46.05158,8.92751,it
6932,Breganzona,Lugano,5192,TI,100,46.00703,8.92906,it
6933,Muzzano,Muzzano,5205,TI,100,45.99699,8.91843,it
6934,Bioggio,Bioggio,5151,TI,97,46.01448,8.90830,it
6934,Bioggio,Manno,5194,TI,1,46.02242,8.91991,it
6934,Bioggio,Agno,5141,TI,0,46.00520,8.89736,it
6934,Bioggio,Cademario,5161,TI,0,46.01734,8.90364,it
6935,Bosco Luganese,Bioggio,5151,TI,100,46.02562,8.90875,it
6936,Cademario,Cademario,5161,TI,100,46.02093,8.89430,it
6937,Breno,Alto Malcantone,5237,TI,100,46.03282,8.87064,it
6938,Fescoggia,Alto Malcantone,5237,TI,100,46.04047,8.87696,it
6938,Vezio,Alto Malcantone,5237,TI,100,46.04516,8.88289,it
6939,Arosio,Alto Malcantone,5237,TI,100,46.04787,8.90173,it
6939,Mugena,Alto Malcantone,5237,TI,100,46.04815,8.88992,it
6942,Savosa,Savosa,5221,TI,96,46.01874,8.94450,it
6942,Savosa,Porza,5214,TI,3,46.02198,8.94531,it
6943,Vezia,Vezia,5231,TI,99,46.02441,8.93745,it
6943,Vezia,Lugano,5192,TI,0,46.01716,8.93173,it
6944,Cureglia,Cureglia,5180,TI,98,46.03674,8.94486,it
6944,Cureglia,Lamone,5189,TI,0,46.04148,8.93882,it
6944,Cureglia,Comano,5176,TI,0,46.03722,8.94882,it
6945,Origlio,Origlio,5208,TI,99,46.05224,8.94679,it
6945,Origlio,Ponte Capriasca,5212,TI,0,46.05622,8.95249,it
6946,Ponte Capriasca,Ponte Capriasca,5212,TI,100,46.06074,8.94788,it
6947,Vaglio,Capriasca,5226,TI,100,46.06085,8.95689,it
6948,Porza,Porza,5214,TI,99,46.02757,8.95421,it
6948,Porza,Savosa,5221,TI,0,46.02356,8.94986,it
6949,Comano,Comano,5176,TI,100,46.03630,8.95527,it
6950,Tesserete,Capriasca,5226,TI,100,46.06939,8.96833,it
6951,Bogno,Lugano,5192,TI,100,46.09042,9.06281,it
6951,Colla,Lugano,5192,TI,100,46.09316,9.05453,it
6951,Cozzo,Lugano,5192,TI,100,46.09688,9.06240,it
6951,Insone,Lugano,5192,TI,100,46.08646,9.02989,it
6951,Scareglia,Lugano,5192,TI,100,46.09033,9.03617,it
6951,Signôra,Lugano,5192,TI,100,46.09268,9.04683,it
6952,Canobbio,Canobbio,5167,TI,100,46.03489,8.96630,it
6953,Lugaggia,Capriasca,5226,TI,100,46.05909,8.97204,it
6954,Bigorio,Capriasca,5226,TI,100,46.07247,8.95640,it
6954,Sala Capriasca,Capriasca,5226,TI,100,46.06657,8.95563,it
6955,Cagiallo,Capriasca,5226,TI,100,46.06667,8.97316,it
6955,Oggio,Capriasca,5226,TI,100,46.07208,8.98703,it
6956,Lopagno,Capriasca,5226,TI,100,46.06907,8.97783,it
6957,Roveredo TI,Capriasca,5226,TI,100,46.07352,8.98310,it
6958,Bidogno,Capriasca,5226,TI,100,46.07940,8.99938,it
6958,Corticiasca,Capriasca,5226,TI,99,46.08732,9.01634,it
6958,Corticiasca,Lugano,5192,TI,0,46.09260,9.02612,it
6959,Certara,Lugano,5192,TI,100,46.08435,9.05971,it
6959,Cimadera,Lugano,5192,TI,100,46.07854,9.04648,it
6959,Curtina,Lugano,5192,TI,100,46.08161,9.02377,it
6959,Maglio di Colla,Lugano,5192,TI,100,46.08674,9.04266,it
6959,Piandera Paese,Lugano,5192,TI,100,46.08266,9.03973,it
6960,Odogno,Capriasca,5226,TI,100,46.08888,8.97033,it
6962,Viganello,Lugano,5192,TI,100,46.01290,8.97027,it
6963,Cureggia,Lugano,5192,TI,100,46.02086,8.98350,it
6963,Pregassona,Lugano,5192,TI,100,46.02238,8.97256,it
6964,Davesco-Soragno,Lugano,5192,TI,100,46.03526,8.98028,it
6965,Cadro,Lugano,5192,TI,100,46.04567,8.98623,it
6966,Villa Luganese,Lugano,5192,TI,100,46.05317,8.99395,it
6967,Dino,Lugano,5192,TI,100,46.05293,8.98295,it
6968,Sonvico,Lugano,5192,TI,100,46.06038,8.99490,it
6974,Aldesago,Lugano,5192,TI,100,46.00842,8.97880,it
6976,Castagnola,Lugano,5192,TI,100,46.00176,8.97951,it
6977,Ruvigliana,Lugano,5192,TI,100,46.00487,8.97747,it
6978,Gandria,Lugano,5192,TI,100,46.00583,9.00319,it
6979,Brè sopra Lugano,Lugano,5192,TI,100,46.01172,8.99717,it
6980,Castelrotto,Tresa,5239,TI,99,45.99466,8.83820,it
6980,Castelrotto,Lema,5395,TI,0,46.00186,8.84501,it
6981,Banco,Lema,5395,TI,100,46.01006,8.84422,it
6981,Bedigliora,Lema,5395,TI,100,46.00273,8.84162,it
6981,Beride di Bedigliora,Lema,5395,TI,100,46.00219,8.83357,it
6981,Bombinasco,Lema,5395,TI,100,46.01387,8.83374,it
6982,Agno,Agno,5141,TI,99,46.00055,8.90024,it
6982,Agno,Muzzano,5205,TI,0,45.99917,8.90916,it
6982,Agno,Bioggio,5151,TI,0,46.00477,8.91010,it
6983,Magliaso,Magliaso,5193,TI,96,45.98158,8.88998,it
6983,Magliaso,Neggio,5206,TI,3,45.98437,8.87736,it
6984,Pura,Pura,5216,TI,100,45.98356,8.87051,it
6986,Curio,Lema,5395,TI,100,46.00253,8.86154,it
6986,Miglieglia,Lema,5395,TI,100,46.02493,8.85757,it
6986,Novaggio,Lema,5395,TI,100,46.00999,8.85550,it
6987,Caslano,Caslano,5171,TI,100,45.97328,8.87878,it
6988,Ponte Tresa,Tresa,5239,TI,100,45.96979,8.85880,it
6989,Purasca,Tresa,5239,TI,100,45.97888,8.84953,it
6990,Cassina d'Agno,Agno,5141,TI,100,45.99219,8.89214,it
6991,Neggio,Neggio,5206,TI,100,45.98763,8.88009,it
6992,Cimo,Bioggio,5151,TI,99,46.00420,8.89219,it
6992,Vernate,Vernate,5230,TI,99,45.99389,8.88639,it
6992,Cimo,Agno,5141,TI,0,46.00309,8.89545,it
6992,Vernate,Agno,5141,TI,0,45.99411,8.88872,it
6993,Iseo,Bioggio,5151,TI,100,46.00468,8.88146,it
6994,Aranno,Aranno,5143,TI,100,46.01701,8.87103,it
6995,Madonna del Piano,Tresa,5239,TI,100,45.98809,8.83512,it
6997,Sessa,Tresa,5239,TI,100,46.00059,8.81803,it
6998,Monteggio,Tresa,5239,TI,100,45.99391,8.80847,it
6999,Astano,Lema,5395,TI,100,46.01240,8.81557,it
7000,Chur,Chur,3901,GR,99,46.85655,9.52932,de
7000,Chur,Churwalden,3911,GR,0,46.83263,9.54852,de
7012,Felsberg,Felsberg,3731,GR,100,46.84574,9.47542,de
7013,Domat/Ems,Domat/Ems,3722,GR,100,46.83287,9.45079,multiple
7014,Trin,Trin,3734,GR,100,46.82860,9.35941,rm
7015,Tamins,Tamins,3733,GR,96,46.82954,9.40773,de
7015,Tamins,Trin,3734,GR,3,46.82938,9.38254,de
7016,Trin Mulin,Trin,3734,GR,100,46.83265,9.33924,rm
7017,Flims Dorf,Flims,3732,GR,100,46.83715,9.28596,rm
7018,Flims Waldhaus,Flims,3732,GR,100,46.82965,9.28859,rm
7019,Fidaz,Flims,3732,GR,100,46.84025,9.30773,rm
7023,Haldenstein,Chur,3901,GR,100,46.87827,9.52657,de
7026,Maladers,Chur,3901,GR,100,46.83820,9.56293,de
7027,Calfreisen,Arosa,3921,GR,100,46.84245,9.59519,de
7027,Castiel,Arosa,3921,GR,100,46.84049,9.60486,de
7027,Lüen,Arosa,3921,GR,100,46.83461,9.61413,de
7028,Pagig,Arosa,3921,GR,100,46.83894,9.63958,de
7028,St. Peter,Arosa,3921,GR,100,46.83727,9.65117,de
7029,Peist,Arosa,3921,GR,100,46.83393,9.67623,de
7031,Laax GR,Laax,3575,GR,100,46.80889,9.26491,rm
7032,Laax GR 2,Laax,3575,GR,93,46.82417,9.25860,rm
7032,Laax GR 2,Falera,3572,GR,6,46.83342,9.21323,rm
7050,Arosa,Arosa,3921,GR,100,46.78050,9.67699,de
7056,Molinis,Arosa,3921,GR,100,46.82636,9.65355,de
7057,Langwies,Arosa,3921,GR,100,46.82398,9.72415,de
7058,Litzirüti,Arosa,3921,GR,100,46.79893,9.70209,de
7062,Passugg,Churwalden,3911,GR,100,46.82591,9.55089,de
7063,Praden,Chur,3901,GR,100,46.82448,9.58149,de
7064,Tschiertschen,Chur,3901,GR,100,46.81538,9.60515,de
7074,Malix,Churwalden,3911,GR,99,46.81721,9.52582,de
7074,Malix,Chur,3901,GR,0,46.83314,9.52423,de
7075,Churwalden,Churwalden,3911,GR,100,46.78194,9.54260,de
7076,Parpan,Churwalden,3911,GR,99,46.76458,9.56326,de
7076,Parpan,Vaz/Obervaz,3506,GR,0,46.76161,9.55441,de
7077,Valbella,Vaz/Obervaz,3506,GR,100,46.74974,9.55058,rm
7078,Lenzerheide/Lai,Vaz/Obervaz,3506,GR,100,46.72619,9.55468,multiple
7082,Vaz/Obervaz,Vaz/Obervaz,3506,GR,100,46.69660,9.53131,multiple
7083,Lantsch/Lenz,Lantsch/Lenz,3513,GR,100,46.68555,9.56309,multiple
7084,Brienz/Brinzauls GR,Albula/Alvra,3542,GR,100,46.66965,9.59000,multiple
7104,Versam,Safiental,3672,GR,100,46.78810,9.33367,de
7106,Tenna,Safiental,3672,GR,100,46.74791,9.33837,de
7107,Safien Platz,Safiental,3672,GR,100,46.69534,9.31487,de
7109,Thalkirch,Safiental,3672,GR,100,46.65498,9.28356,de
7110,Peiden,Lumnezia,3618,GR,100,46.72000,9.19618,rm
7111,Pitasch,Ilanz/Glion,3619,GR,100,46.73056,9.22098,rm
7112,Duvin,Ilanz/Glion,3619,GR,100,46.71504,9.21377,rm
7113,Camuns,Lumnezia,3618,GR,100,46.70314,9.19712,rm
7114,Uors (Lumnezia),Lumnezia,3618,GR,100,46.70119,9.18387,rm
7115,Surcasti,Lumnezia,3618,GR,100,46.69691,9.17708,rm
7116,St. Martin (Lugnez),Vals,3603,GR,100,46.66342,9.19193,de
7116,Tersnaus,Lumnezia,3618,GR,100,46.69195,9.18464,rm
7122,Valendas,Safiental,3672,GR,99,46.78452,9.28631,de
7122,Valendas,Ilanz/Glion,3619,GR,0,46.78000,9.26047,de
7126,Castrisch,Ilanz/Glion,3619,GR,100,46.77561,9.23147,rm
7127,Sevgein,Ilanz/Glion,3619,GR,100,46.76371,9.22055,rm
7128,Riein,Ilanz/Glion,3619,GR,100,46.74799,9.23635,rm
7130,Ilanz,Ilanz/Glion,3619,GR,100,46.77336,9.20279,rm
7130,Schnaus,Ilanz/Glion,3619,GR,100,46.77684,9.17890,rm
7132,Vals,Vals,3603,GR,100,46.61461,9.17684,de
7134,Obersaxen,Obersaxen Mundaun,3988,GR,98,46.74992,9.10678,de
7134,Obersaxen,Breil/Brigels,3981,GR,1,46.74568,9.03726,de
7137,Flond,Obersaxen Mundaun,3988,GR,100,46.76760,9.16452,rm
7138,Surcuolm,Obersaxen Mundaun,3988,GR,100,46.75901,9.14239,rm
7141,Luven,Ilanz/Glion,3619,GR,100,46.75835,9.19658,rm
7142,Cumbel,Lumnezia,3618,GR,99,46.72541,9.19052,rm
7142,Cumbel,Ilanz/Glion,3619,GR,0,46.74613,9.21149,rm
7143,Morissen,Lumnezia,3618,GR,100,46.72889,9.18045,rm
7144,Vella,Lumnezia,3618,GR,100,46.71818,9.17184,rm
7145,Degen,Lumnezia,3618,GR,100,46.70769,9.16863,rm
7146,Vattiz,Lumnezia,3618,GR,100,46.70819,9.15703,rm
7147,Vignogn,Lumnezia,3618,GR,100,46.69954,9.15558,rm
7148,Lumbrein,Lumnezia,3618,GR,100,46.68275,9.13595,rm
7149,Vrin,Lumnezia,3618,GR,100,46.65305,9.09562,rm
7151,Schluein,Schluein,3582,GR,100,46.78738,9.22812,rm
7152,Sagogn,Sagogn,3581,GR,100,46.79186,9.25618,rm
7153,Falera,Falera,3572,GR,100,46.80189,9.23054,rm
7154,Ruschein,Ilanz/Glion,3619,GR,100,46.78547,9.19092,rm
7155,Ladir,Ilanz/Glion,3619,GR,100,46.79090,9.20155,rm
7156,Pigniu,Ilanz/Glion,3619,GR,100,46.81018,9.11626,rm
7156,Rueun,Ilanz/Glion,3619,GR,100,46.77960,9.14800,rm
7157,Siat,Ilanz/Glion,3619,GR,100,46.79119,9.16072,rm
7158,Waltensburg/Vuorz,Breil/Brigels,3981,GR,100,46.77715,9.10858,multiple
7159,Andiast,Breil/Brigels,3981,GR,100,46.78683,9.11211,rm
7162,Tavanasa,Breil/Brigels,3981,GR,100,46.75589,9.06640,rm
7163,Danis,Breil/Brigels,3981,GR,100,46.75511,9.05469,rm
7164,Dardin,Breil/Brigels,3981,GR,100,46.75701,9.04197,rm
7165,Breil/Brigels,Breil/Brigels,3981,GR,100,46.77031,9.06175,multiple
7166,Trun,Trun,3987,GR,100,46.74270,8.98609,rm
7167,Zignau,Trun,3987,GR,100,46.74024,9.00553,rm
7168,Schlans,Trun,3987,GR,100,46.75411,9.01455,rm
7172,Rabius,Sumvitg,3985,GR,96,46.73469,8.95881,rm
7172,Rabius,Trun,3987,GR,3,46.73998,8.96299,rm
7173,Surrein,Sumvitg,3985,GR,100,46.71294,8.94780,rm
7174,S. Benedetg,Sumvitg,3985,GR,100,46.73489,8.93942,rm
7175,Sumvitg,Sumvitg,3985,GR,100,46.72923,8.93505,rm
7176,Cumpadials,Sumvitg,3985,GR,100,46.71995,8.92037,rm
7180,Disentis/Mustér,Disentis/Mustér,3982,GR,98,46.70421,8.85241,multiple
7180,Disentis/Mustér,Sumvitg,3985,GR,1,46.71760,8.90086,multiple
7182,Cavardiras,Disentis/Mustér,3982,GR,100,46.70737,8.88492,rm
7183,Mumpé Medel,Disentis/Mustér,3982,GR,100,46.68578,8.84169,rm
7184,Curaglia,Medel (Lucmagn),3983,GR,100,46.67349,8.85839,rm
7185,Platta,Medel (Lucmagn),3983,GR,100,46.64479,8.84708,rm
7186,Segnas,Disentis/Mustér,3982,GR,100,46.69241,8.82891,rm
7187,Camischolas,Tujetsch,3986,GR,100,46.68000,8.76414,rm
7188,Sedrun,Tujetsch,3986,GR,100,46.67995,8.77779,rm
7189,Rueras,Tujetsch,3986,GR,100,46.67178,8.74147,rm
7202,Says,Trimmis,3945,GR,100,46.90449,9.58038,de
7203,Trimmis,Trimmis,3945,GR,100,46.90056,9.56177,de
7204,Untervaz,Untervaz,3946,GR,99,46.92775,9.53752,de
7204,Untervaz,Landquart,3955,GR,0,46.94816,9.54079,de
7205,Zizers,Zizers,3947,GR,100,46.93533,9.56564,de
7206,Igis,Landquart,3955,GR,100,46.94653,9.57361,de
7208,Malans GR,Malans,3954,GR,100,46.98152,9.57391,de
7212,Seewis Dorf,Seewis im Prättigau,3972,GR,100,46.99211,9.63145,de
7212,Seewis-Pardisla,Seewis im Prättigau,3972,GR,100,46.97887,9.63554,de
7212,Seewis-Schmitten,Seewis im Prättigau,3972,GR,100,46.98086,9.64265,de
7213,Valzeina,Grüsch,3961,GR,86,46.94477,9.60806,de
7213,Valzeina,Trimmis,3945,GR,13,46.91664,9.62436,de
7214,Grüsch,Grüsch,3961,GR,100,46.97526,9.64500,de
7215,Fanas,Grüsch,3961,GR,99,46.98705,9.66677,de
7215,Fanas,Seewis im Prättigau,3972,GR,0,47.01513,9.65711,de
7220,Schiers,Schiers,3962,GR,100,46.97208,9.68849,de
7222,Lunden,Schiers,3962,GR,59,46.95060,9.71133,de
7222,Lunden,Luzein,3891,GR,40,46.94558,9.71499,de
7223,Buchen im Prättigau,Luzein,3891,GR,100,46.94067,9.71860,de
7224,Putz,Luzein,3891,GR,100,46.92635,9.74310,de
7226,Fajauna,Schiers,3962,GR,100,46.96913,9.69941,de
7226,Stels,Schiers,3962,GR,81,46.96637,9.73017,de
7226,Stels,Luzein,3891,GR,18,46.95970,9.74362,de
7228,Pusserein,Schiers,3962,GR,100,46.98450,9.71040,de
7228,Schuders,Schiers,3962,GR,100,46.99392,9.73912,de
7231,Pragg-Jenaz,Jenaz,3863,GR,100,46.93848,9.70469,de
7232,Furna,Furna,3862,GR,97,46.93606,9.67049,de
7232,Furna,Jenaz,3863,GR,2,46.94455,9.68531,de
7233,Jenaz,Jenaz,3863,GR,100,46.92819,9.71546,de
7235,Fideris,Fideris,3861,GR,100,46.91228,9.74206,de
7240,Küblis,Küblis,3882,GR,89,46.91583,9.77976,de
7240,Küblis,Luzein,3891,GR,10,46.91398,9.76712,de
7241,Conters im Prättigau,Conters im Prättigau,3881,GR,100,46.90228,9.79650,de
7242,Luzein,Luzein,3891,GR,100,46.92062,9.76367,de
7243,Pany,Luzein,3891,GR,100,46.93129,9.76384,de
7244,Gadenstätt,Luzein,3891,GR,100,46.94311,9.79360,de
7245,Ascharina,Luzein,3891,GR,100,46.95777,9.80911,de
7246,St. Antönien,Luzein,3891,GR,100,46.97329,9.82858,de
7247,Saas im Prättigau,Klosters,3871,GR,100,46.91144,9.81241,de
7249,Serneus,Klosters,3871,GR,100,46.89158,9.84017,de
7250,Klosters,Klosters,3871,GR,100,46.86823,9.88972,de
7252,Klosters Dorf,Klosters,3871,GR,100,46.88500,9.87199,de
7260,Davos Dorf,Davos,3851,GR,99,46.80568,9.84656,de
7260,Davos Dorf,Arosa,3921,GR,0,46.83450,9.79505,de
7265,Davos Wolfgang,Davos,3851,GR,97,46.83523,9.86040,de
7265,Davos Wolfgang,Klosters,3871,GR,2,46.85194,9.87526,de
7270,Davos Platz,Davos,3851,GR,100,46.79364,9.82228,de
7272,Davos Clavadel,Davos,3851,GR,100,46.75762,9.82939,de
7276,Davos Frauenkirch,Davos,3851,GR,100,46.76455,9.79211,de
7277,Davos Glaris,Davos,3851,GR,100,46.74478,9.78238,de
7278,Davos Monstein,Davos,3851,GR,100,46.71196,9.77327,de
7302,Landquart,Landquart,3955,GR,86,46.96251,9.56353,de
7302,Landquart,Zizers,3947,GR,10,46.96266,9.55377,de
7302,Landquart,Maienfeld,3953,GR,3,46.97033,9.55368,de
7303,Mastrils,Landquart,3955,GR,100,46.96660,9.54369,de
7304,Maienfeld,Maienfeld,3953,GR,99,47.00738,9.53337,de
7304,Maienfeld,Fläsch,3951,GR,0,47.04177,9.57647,de
7306,Fläsch,Fläsch,3951,GR,100,47.02669,9.51323,de
7307,Jenins,Jenins,3952,GR,100,47.00054,9.55757,de
7310,Bad Ragaz,Bad Ragaz,3291,SG,100,47.00706,9.50133,de
7312,Pfäfers,Pfäfers,3294,SG,100,46.99004,9.50104,de
7313,St. Margrethenberg,Pfäfers,3294,SG,98,46.97835,9.50964,de
7313,St. Margrethenberg,Landquart,3955,GR,1,46.96022,9.52123,de
7314,Vadura,Pfäfers,3294,SG,100,46.95715,9.48623,de
7315,Vättis,Pfäfers,3294,SG,80,46.91131,9.44007,de
7315,Vättis,Tamins,3733,GR,19,46.87288,9.41135,de
7317,Vasön,Pfäfers,3294,SG,100,46.95347,9.47487,de
7317,Valens,Pfäfers,3294,SG,87,46.97138,9.47853,de
7317,Valens,Bad Ragaz,3291,SG,12,46.99529,9.48231,de
7320,Sargans,Sargans,3296,SG,99,47.04922,9.43987,de
7320,Sargans,Wartau,3276,SG,0,47.06776,9.47158,de
7323,Wangs,Vilters-Wangs,3297,SG,100,47.02971,9.43165,de
7324,Vilters,Vilters-Wangs,3297,SG,100,47.02630,9.45183,de
7325,Schwendi im Weisstannental,Mels,3293,SG,100,47.01049,9.36390,de
7326,Weisstannen,Mels,3293,SG,100,46.98951,9.33482,de
7402,Bonaduz,Bonaduz,3721,GR,94,46.81136,9.39755,de
7402,Bonaduz,Safiental,3672,GR,5,46.77532,9.35933,de
7403,Rhäzüns,Rhäzüns,3723,GR,100,46.79861,9.39692,rm
7404,Feldis/Veulden,Domleschg,3673,GR,100,46.79497,9.43278,multiple
7405,Rothenbrunnen,Rothenbrunnen,3637,GR,95,46.76819,9.42685,rm
7405,Rothenbrunnen,Cazis,3661,GR,4,46.76583,9.41862,rm
7407,Trans,Domleschg,3673,GR,100,46.76194,9.46610,rm
7408,Cazis,Cazis,3661,GR,100,46.72665,9.42881,rm
7411,Sils im Domleschg,Sils im Domleschg,3640,GR,100,46.70326,9.45467,de
7412,Scharans,Scharans,3638,GR,100,46.71711,9.45883,rm
7413,Fürstenaubruck,Fürstenau,3633,GR,100,46.71370,9.45069,rm
7414,Fürstenau,Fürstenau,3633,GR,100,46.72078,9.44865,rm
7415,Pratval,Domleschg,3673,GR,100,46.73202,9.44602,rm
7415,Rodels,Domleschg,3673,GR,92,46.73655,9.44378,rm
7415,Rodels,Cazis,3661,GR,7,46.73458,9.43332,rm
7416,Almens,Domleschg,3673,GR,100,46.73709,9.45613,rm
7417,Paspels,Domleschg,3673,GR,100,46.74859,9.44418,rm
7418,Tumegl/Tomils,Domleschg,3673,GR,100,46.76208,9.44264,multiple
7419,Scheid,Domleschg,3673,GR,100,46.78157,9.45044,rm
7421,Summaprada,Cazis,3661,GR,86,46.71363,9.43199,de
7421,Summaprada,Masein,3663,GR,13,46.71027,9.42959,de
7422,Tartar,Cazis,3661,GR,100,46.71862,9.41949,rm
7423,Portein,Cazis,3661,GR,100,46.71277,9.38979,rm
7423,Sarn,Cazis,3661,GR,100,46.72056,9.40381,rm
7424,Dalin,Cazis,3661,GR,100,46.73503,9.40416,rm
7424,Präz,Cazis,3661,GR,100,46.74125,9.40412,rm
7425,Masein,Masein,3663,GR,100,46.70103,9.42878,de
7426,Flerden,Flerden,3662,GR,100,46.70209,9.40655,rm
7427,Urmein,Urmein,3670,GR,100,46.69688,9.39138,de
7428,Tschappina,Tschappina,3669,GR,100,46.68910,9.37635,de
7430,Rongellen,Rongellen,3711,GR,100,46.67535,9.44611,rm
7430,Thusis,Thusis,3668,GR,100,46.69730,9.43810,de
7431,Mutten,Thusis,3668,GR,100,46.67832,9.49976,de
7431,Obermutten,Thusis,3668,GR,100,46.67329,9.48714,de
7432,Zillis,Zillis-Reischen,3712,GR,100,46.63761,9.44782,rm
7433,Donat,Muntogna da Schons,3715,GR,100,46.62968,9.42797,rm
7433,Lohn GR,Muntogna da Schons,3715,GR,100,46.65196,9.42579,rm
7433,Mathon,Muntogna da Schons,3715,GR,100,46.63822,9.41087,rm
7433,Wergenstein,Muntogna da Schons,3715,GR,100,46.62561,9.39771,rm
7434,Sufers,Sufers,3695,GR,100,46.57198,9.36700,de
7435,Splügen,Rheinwald,3714,GR,100,46.55245,9.32252,de
7436,Medels im Rheinwald,Rheinwald,3714,GR,100,46.54822,9.29436,de
7437,Nufenen,Rheinwald,3714,GR,100,46.54121,9.24428,de
7438,Hinterrhein,Rheinwald,3714,GR,100,46.53196,9.19698,de
7440,Andeer,Andeer,3701,GR,100,46.60133,9.42523,rm
7442,Clugin,Andeer,3701,GR,100,46.61581,9.42397,rm
7443,Pignia,Andeer,3701,GR,100,46.61286,9.43848,rm
7444,Ausserferrera,Ferrera,3713,GR,100,46.55872,9.44372,rm
7445,Innerferrera,Ferrera,3713,GR,100,46.52002,9.44666,rm
7447,Avers,Avers,3681,GR,98,46.46539,9.51742,de
7447,Avers,Bregaglia,3792,GR,1,46.40613,9.50268,de
7448,Juf,Avers,3681,GR,100,46.44540,9.57961,de
7450,Tiefencastel,Albula/Alvra,3542,GR,95,46.66216,9.57523,rm
7450,Tiefencastel,Vaz/Obervaz,3506,GR,4,46.68195,9.51468,rm
7451,Alvaschein,Albula/Alvra,3542,GR,100,46.67534,9.55069,rm
7452,Cunter,Surses,3543,GR,100,46.60769,9.59218,rm
7453,Tinizong,Surses,3543,GR,100,46.58276,9.62505,rm
7454,Rona,Surses,3543,GR,100,46.56032,9.62519,rm
7455,Mulegns,Surses,3543,GR,100,46.52323,9.61433,rm
7456,Marmorera,Surses,3543,GR,100,46.50323,9.66971,rm
7456,Sur,Surses,3543,GR,100,46.52417,9.63749,rm
7457,Bivio,Surses,3543,GR,100,46.46757,9.65110,rm
7458,Mon,Albula/Alvra,3542,GR,100,46.65094,9.56147,rm
7459,Stierva,Albula/Alvra,3542,GR,100,46.66304,9.53923,rm
7460,Savognin,Surses,3543,GR,100,46.59746,9.59903,rm
7462,Salouf,Surses,3543,GR,100,46.62642,9.57389,rm
7463,Riom,Surses,3543,GR,100,46.60907,9.58184,rm
7464,Parsonz,Surses,3543,GR,100,46.59975,9.57147,rm
7472,Surava,Albula/Alvra,3542,GR,100,46.66591,9.61646,rm
7473,Alvaneu Bad,Albula/Alvra,3542,GR,100,46.66966,9.64880,rm
7477,Filisur,Bergün Filisur,3544,GR,100,46.67196,9.68636,rm
7482,Bergün/Bravuogn,Bergün Filisur,3544,GR,100,46.62867,9.75126,multiple
7482,Preda,Bergün Filisur,3544,GR,100,46.59009,9.77087,rm
7482,Stugl/Stuls,Bergün Filisur,3544,GR,100,46.65271,9.73154,multiple
7484,Latsch,Bergün Filisur,3544,GR,100,46.63460,9.75129,rm
7492,Alvaneu Dorf,Albula/Alvra,3542,GR,100,46.67905,9.64590,rm
7493,Schmitten (Albula),Schmitten (GR),3514,GR,100,46.68710,9.67327,de
7494,Davos Wiesen,Davos,3851,GR,94,46.70453,9.71311,de
7494,Davos Wiesen,Bergün Filisur,3544,GR,5,46.69537,9.72700,de
7500,St. Moritz,St. Moritz,3787,GR,99,46.48553,9.83353,rm
7500,St. Moritz,Celerina/Schlarigna,3782,GR,0,46.49403,9.86690,rm
7502,Bever,Bever,3781,GR,100,46.55230,9.88857,rm
7503,Samedan,Samedan,3786,GR,100,46.53428,9.87149,rm
7504,Pontresina,Pontresina,3784,GR,96,46.49370,9.90115,rm
7504,Pontresina,Samedan,3786,GR,2,46.43459,9.86738,rm
7504,Pontresina,Celerina/Schlarigna,3782,GR,0,46.49255,9.89519,rm
7505,Celerina/Schlarigna,Celerina/Schlarigna,3782,GR,100,46.51232,9.85789,multiple
7512,Champfèr,Silvaplana,3790,GR,50,46.47705,9.81068,rm
7512,Champfèr,St. Moritz,3787,GR,49,46.47927,9.81354,rm
7513,Silvaplana,Silvaplana,3790,GR,100,46.45985,9.79511,rm
7513,Silvaplana-Surlej,Silvaplana,3790,GR,99,46.45817,9.81115,rm
7513,Silvaplana-Surlej,Samedan,3786,GR,0,46.41797,9.82147,rm
7514,Fex,Sils im Engadin/Segl,3789,GR,100,46.41433,9.76474,rm
7514,Sils/Segl Maria,Sils im Engadin/Segl,3789,GR,100,46.43181,9.76512,multiple
7515,Sils/Segl Baselgia,Sils im Engadin/Segl,3789,GR,100,46.43279,9.75714,multiple
7516,Maloja,Bregaglia,3792,GR,100,46.40385,9.69852,it
7517,Plaun da Lej,Sils im Engadin/Segl,3789,GR,100,46.42297,9.71758,rm
7522,La Punt Chamues-ch,La Punt Chamues-ch,3785,GR,100,46.57632,9.92854,rm
7523,Madulain,Madulain,3783,GR,100,46.58776,9.93954,rm
7524,Zuoz,Zuoz,3791,GR,100,46.60136,9.95836,rm
7525,S-chanf,S-chanf,3788,GR,100,46.61289,9.98609,rm
7526,Chapella,S-chanf,3788,GR,100,46.63482,10.00442,rm
7526,Cinuos-chel,S-chanf,3788,GR,100,46.64118,10.02324,rm
7527,Brail,Zernez,3746,GR,100,46.65493,10.03289,rm
7530,Zernez,Zernez,3746,GR,100,46.69947,10.09338,rm
7532,Tschierv,Val Müstair,3847,GR,100,46.62758,10.33645,rm
7533,Fuldera,Val Müstair,3847,GR,100,46.60970,10.36962,rm
7534,Lü,Val Müstair,3847,GR,100,46.61964,10.37421,rm
7535,Valchava,Val Müstair,3847,GR,100,46.60107,10.40575,rm
7536,Sta. Maria Val Müstair,Val Müstair,3847,GR,100,46.60293,10.42402,rm
7537,Müstair,Val Müstair,3847,GR,100,46.62564,10.44698,rm
7542,Susch,Zernez,3746,GR,100,46.75034,10.07859,rm
7543,Lavin,Zernez,3746,GR,100,46.76743,10.11077,rm
7545,Guarda,Scuol,3762,GR,100,46.77549,10.15325,rm
7546,Ardez,Scuol,3762,GR,100,46.77592,10.19956,rm
7550,Scuol,Scuol,3762,GR,100,46.79743,10.29959,rm
7551,Ftan,Scuol,3762,GR,100,46.79397,10.24840,rm
7552,Vulpera,Scuol,3762,GR,100,46.78719,10.28743,rm
7553,Tarasp,Scuol,3762,GR,100,46.77854,10.26108,rm
7554,Sent,Scuol,3762,GR,100,46.81729,10.33906,rm
7556,Ramosch,Valsot,3764,GR,100,46.83452,10.38180,rm
7557,Vnà,Valsot,3764,GR,94,46.84337,10.36312,rm
7557,Vnà,Scuol,3762,GR,5,46.87105,10.33022,rm
7558,Strada,Valsot,3764,GR,100,46.86408,10.43492,rm
7559,Tschlin,Valsot,3764,GR,100,46.87024,10.42509,rm
7560,Martina,Valsot,3764,GR,100,46.88828,10.46141,rm
7562,Samnaun-Compatsch,Samnaun,3752,GR,100,46.95999,10.39936,de
7563,Samnaun Dorf,Samnaun,3752,GR,100,46.94884,10.36546,de
7602,Casaccia,Bregaglia,3792,GR,100,46.38814,9.66495,it
7603,Vicosoprano,Bregaglia,3792,GR,100,46.35319,9.62395,it
7604,Borgonovo,Bregaglia,3792,GR,100,46.34764,9.60397,it
7605,Stampa,Bregaglia,3792,GR,100,46.34417,9.58338,it
7606,Bondo,Bregaglia,3792,GR,100,46.33313,9.55257,de
7606,Promontogno,Bregaglia,3792,GR,100,46.33781,9.55614,it
7608,Castasegna,Bregaglia,3792,GR,100,46.33442,9.51692,it
7610,Soglio,Bregaglia,3792,GR,100,46.34215,9.53934,it
7710,Alp Grüm,Poschiavo,3561,GR,100,46.37389,10.03324,it
7710,Ospizio Bernina,Poschiavo,3561,GR,100,46.40953,10.04349,it
7741,S. Carlo (Poschiavo),Poschiavo,3561,GR,100,46.34536,10.06427,it
7742,La Rösa,Poschiavo,3561,GR,100,46.40185,10.06599,it
7742,Poschiavo,Poschiavo,3561,GR,100,46.32530,10.05736,it
7742,Sfazù,Poschiavo,3561,GR,100,46.39110,10.09986,it
7743,Brusio,Brusio,3551,GR,100,46.26173,10.12273,it
7743,Miralago,Poschiavo,3561,GR,63,46.27320,10.10052,it
7743,Miralago,Brusio,3551,GR,36,46.27304,10.10158,it
7744,Campocologno,Brusio,3551,GR,100,46.23291,10.14211,it
7745,Li Curt,Poschiavo,3561,GR,100,46.31078,10.06357,it
7746,Le Prese,Poschiavo,3561,GR,100,46.29587,10.07917,it
7747,Viano,Brusio,3551,GR,100,46.25284,10.14428,it
7748,Campascio,Brusio,3551,GR,100,46.24436,10.12849,it
8001,Zürich,Zürich,261,ZH,100,47.37231,8.54245,de
8002,Zürich,Zürich,261,ZH,100,47.36095,8.52987,de
8003,Zürich,Zürich,261,ZH,100,47.37196,8.51710,de
8004,Zürich,Zürich,261,ZH,100,47.37724,8.52329,de
8005,Zürich,Zürich,261,ZH,100,47.38584,8.52575,de
8006,Zürich,Zürich,261,ZH,100,47.38659,8.54529,de
8008,Zürich,Zürich,261,ZH,100,47.35660,8.55910,de
8032,Zürich,Zürich,261,ZH,100,47.36699,8.56234,de
8037,Zürich,Zürich,261,ZH,100,47.39424,8.52669,de
8038,Zürich,Zürich,261,ZH,100,47.34083,8.53026,de
8041,Zürich,Zürich,261,ZH,99,47.33222,8.51578,de
8041,Zürich,Adliswil,131,ZH,0,47.32254,8.51335,de
8044,Gockhausen,Dübendorf,191,ZH,100,47.38260,8.59756,de
8044,Zürich,Zürich,261,ZH,100,47.38000,8.56041,de
8045,Zürich,Zürich,261,ZH,100,47.35816,8.51269,de
8046,Zürich,Zürich,261,ZH,100,47.41727,8.51428,de
8047,Zürich,Zürich,261,ZH,100,47.37453,8.49008,de
8048,Zürich,Zürich,261,ZH,100,47.38715,8.48386,de
8049,Zürich,Zürich,261,ZH,100,47.40321,8.49639,de
8050,Zürich,Zürich,261,ZH,100,47.41043,8.55298,de
8051,Zürich,Zürich,261,ZH,99,47.40395,8.57984,de
8051,Zürich,Dübendorf,191,ZH,0,47.39351,8.58902,de
8052,Zürich,Zürich,261,ZH,99,47.42357,8.54508,de
8052,Zürich,Rümlang,97,ZH,0,47.43286,8.54383,de
8052,Zürich,Opfikon,66,ZH,0,47.41744,8.56202,de
8053,Zürich,Zürich,261,ZH,100,47.35865,8.59033,de
8055,Zürich,Zürich,261,ZH,100,47.36666,8.50618,de
8057,Zürich,Zürich,261,ZH,100,47.39970,8.54167,de
8064,Zürich,Zürich,261,ZH,100,47.39733,8.48849,de
8102,Oberengstringen,Oberengstringen,245,ZH,100,47.40920,8.46293,de
8103,Unterengstringen,Unterengstringen,249,ZH,100,47.41323,8.44954,de
8104,Weiningen ZH,Weiningen (ZH),251,ZH,100,47.41948,8.43594,de
8105,Regensdorf,Regensdorf,96,ZH,100,47.43245,8.46737,de
8105,Watt,Regensdorf,96,ZH,100,47.44516,8.47822,de
8106,Adlikon b. Regensdorf,Regensdorf,96,ZH,100,47.45131,8.46539,de
8107,Buchs ZH,Buchs (ZH),83,ZH,99,47.45710,8.43766,de
8107,Buchs ZH,Otelfingen,94,ZH,0,47.45526,8.41116,de
8108,Dällikon,Dällikon,84,ZH,100,47.43908,8.44059,de
8109,Kloster Fahr,Würenlos,4048,AG,100,47.40797,8.43868,de
8112,Otelfingen,Otelfingen,94,ZH,100,47.46045,8.38938,de
8113,Boppelsen,Boppelsen,82,ZH,100,47.47061,8.40302,de
8114,Dänikon ZH,Dänikon,85,ZH,100,47.44553,8.40785,de
8115,Hüttikon,Hüttikon,87,ZH,100,47.44488,8.38652,de
8117,Fällanden,Fällanden,193,ZH,100,47.37202,8.63912,de
8118,Pfaffhausen,Fällanden,193,ZH,100,47.36533,8.62418,de
8121,Benglen,Fällanden,193,ZH,100,47.35977,8.63518,de
8122,Binz,Maur,195,ZH,100,47.35754,8.62606,de
8123,Ebmatingen,Maur,195,ZH,100,47.35090,8.64037,de
8124,Maur,Maur,195,ZH,100,47.33942,8.66961,de
8125,Zollikerberg,Zollikon,161,ZH,99,47.34575,8.60035,de
8125,Zollikerberg,Zürich,261,ZH,0,47.35092,8.60216,de
8126,Zumikon,Zumikon,160,ZH,100,47.33160,8.62212,de
8127,Forch,Maur,195,ZH,69,47.32753,8.65519,de
8127,Forch,Küsnacht (ZH),154,ZH,29,47.32178,8.64066,de
8127,Forch,Egg,192,ZH,1,47.30530,8.66132,de
8132,Egg b. Zürich,Egg,192,ZH,100,47.29830,8.69024,de
8132,Hinteregg,Egg,192,ZH,96,47.30769,8.68259,de
8132,Hinteregg,Maur,195,ZH,3,47.31720,8.68374,de
8133,Esslingen,Egg,192,ZH,100,47.28843,8.71102,de
8134,Adliswil,Adliswil,131,ZH,99,47.31293,8.52566,de
8134,Adliswil,Zürich,261,ZH,0,47.32714,8.52915,de
8134,Adliswil,Stallikon,13,ZH,0,47.31204,8.50575,de
8135,Langnau am Albis,Langnau am Albis,136,ZH,100,47.28609,8.53611,de
8135,Sihlbrugg Station,Horgen,295,ZH,100,47.23970,8.57712,de
8135,Sihlwald,Horgen,295,ZH,100,47.26851,8.55684,de
8136,Gattikon,Thalwil,141,ZH,100,47.28432,8.54876,de
8142,Uitikon Waldegg,Uitikon,248,ZH,98,47.36781,8.45875,de
8142,Uitikon Waldegg,Zürich,261,ZH,1,47.36577,8.46867,de
8142,Uitikon Waldegg,Birmensdorf (ZH),242,ZH,0,47.35588,8.46634,de
8143,Stallikon,Stallikon,13,ZH,100,47.33384,8.48737,de
8143,Uetliberg,Stallikon,13,ZH,50,47.35001,8.48968,de
8143,Uetliberg,Zürich,261,ZH,42,47.34965,8.49203,de
8143,Uetliberg,Uitikon,248,ZH,7,47.35348,8.48667,de
8152,Glattpark (Opfikon),Opfikon,66,ZH,100,47.42171,8.56197,de
8152,Opfikon,Opfikon,66,ZH,100,47.42804,8.57749,de
8152,Glattbrugg,Opfikon,66,ZH,95,47.43192,8.56426,de
8152,Glattbrugg,Rümlang,97,ZH,4,47.43279,8.55446,de
8152,Glattbrugg,Zürich,261,ZH,0,47.42991,8.55529,de
8153,Rümlang,Rümlang,97,ZH,100,47.44988,8.52969,de
8154,Oberglatt ZH,Oberglatt,92,ZH,100,47.47593,8.51730,de
8155,Nassenwil,Niederhasli,90,ZH,100,47.46538,8.47006,de
8155,Niederhasli,Niederhasli,90,ZH,99,47.48065,8.48916,de
8155,Niederhasli,Niederglatt,89,ZH,0,47.49177,8.47984,de
8155,Niederhasli,Steinmaur,101,ZH,0,47.49092,8.47494,de
8156,Oberhasli,Niederhasli,90,ZH,100,47.46776,8.50099,de
8157,Dielsdorf,Dielsdorf,86,ZH,100,47.47995,8.45348,de
8158,Regensberg,Regensberg,95,ZH,97,47.48228,8.43780,de
8158,Regensberg,Boppelsen,82,ZH,2,47.48164,8.40100,de
8162,Sünikon,Steinmaur,101,ZH,100,47.49025,8.43663,de
8162,Steinmaur,Steinmaur,101,ZH,99,47.49585,8.45148,de
8162,Steinmaur,Neerach,88,ZH,0,47.51083,8.45691,de
8164,Bachs,Bachs,81,ZH,99,47.52528,8.43724,de
8164,Bachs,Neerach,88,ZH,0,47.51386,8.46052,de
8165,Oberweningen,Oberweningen,93,ZH,100,47.50184,8.40614,de
8165,Schleinikon,Schleinikon,98,ZH,100,47.49877,8.39455,de
8165,Schöfflisdorf,Schöfflisdorf,99,ZH,100,47.50078,8.41650,de
8166,Niederweningen,Niederweningen,91,ZH,100,47.50663,8.37555,de
8172,Niederglatt ZH,Niederglatt,89,ZH,100,47.49272,8.49975,de
8173,Neerach,Neerach,88,ZH,100,47.50991,8.47196,de
8174,Stadel b. Niederglatt,Stadel,100,ZH,98,47.52908,8.46483,de
8174,Stadel b. Niederglatt,Neerach,88,ZH,1,47.51993,8.47119,de
8175,Windlach,Stadel,100,ZH,100,47.54213,8.46976,de
8180,Bülach,Bülach,53,ZH,99,47.52002,8.54065,de
8180,Bülach,Winkel,72,ZH,0,47.50698,8.56641,de
8180,Bülach,Bachenbülach,51,ZH,0,47.50991,8.56505,de
8181,Höri,Höri,60,ZH,100,47.50680,8.50582,de
8182,Hochfelden,Hochfelden,59,ZH,100,47.52229,8.51563,de
8184,Bachenbülach,Bachenbülach,51,ZH,100,47.50448,8.54772,de
8185,Winkel,Winkel,72,ZH,100,47.48838,8.55718,de
8187,Weiach,Weiach,102,ZH,100,47.55675,8.43647,de
8192,Zweidlen,Glattfelden,58,ZH,100,47.57030,8.47213,de
8192,Glattfelden,Glattfelden,58,ZH,99,47.55839,8.50252,de
8192,Glattfelden,Bülach,53,ZH,0,47.54880,8.52436,de
8192,Glattfelden,Hochfelden,59,ZH,0,47.53950,8.49825,de
8193,Eglisau,Eglisau,55,ZH,99,47.57556,8.52279,de
8193,Eglisau,Glattfelden,58,ZH,0,47.57808,8.49521,de
8194,Hüntwangen,Hüntwangen,61,ZH,100,47.59576,8.49268,de
8195,Wasterkingen,Wasterkingen,70,ZH,100,47.59029,8.47104,de
8196,Wil ZH,Wil (ZH),71,ZH,99,47.60511,8.50588,de
8196,Wil ZH,Wasterkingen,70,ZH,0,47.61040,8.47808,de
8197,Rafz,Rafz,67,ZH,99,47.61261,8.53935,de
8197,Rafz,Eglisau,55,ZH,0,47.59201,8.54186,de
8197,Rafz,Wil (ZH),71,ZH,0,47.59232,8.53484,de
8200,Schaffhausen,Schaffhausen,2939,SH,99,47.70355,8.63455,de
8200,Schaffhausen,Neuhausen am Rheinfall,2937,SH,0,47.69109,8.62312,de
8200,Schaffhausen,Büttenhardt,2914,SH,0,47.74705,8.63121,de
8203,Schaffhausen,Schaffhausen,2939,SH,100,47.69680,8.65553,de
8207,Schaffhausen,Schaffhausen,2939,SH,100,47.72257,8.65988,de
8208,Schaffhausen,Schaffhausen,2939,SH,100,47.71236,8.63623,de
8212,Nohl,Laufen-Uhwiesen,34,ZH,100,47.66992,8.60733,de
8212,Neuhausen am Rheinfall,Neuhausen am Rheinfall,2937,SH,99,47.68372,8.61520,de
8212,Neuhausen am Rheinfall,Schaffhausen,2939,SH,0,47.69550,8.62044,de
8213,Neunkirch,Neunkirch,2904,SH,100,47.68841,8.49880,de
8214,Gächlingen,Gächlingen,2901,SH,100,47.70397,8.49924,de
8215,Hallau,Hallau,2971,SH,100,47.69669,8.45810,de
8216,Oberhallau,Oberhallau,2972,SH,100,47.70642,8.47708,de
8217,Wilchingen,Wilchingen,2974,SH,98,47.67013,8.46655,de
8217,Wilchingen,Trasadingen,2973,SH,0,47.65812,8.44702,de
8217,Wilchingen,Neunkirch,2904,SH,0,47.68246,8.46561,de
8218,Osterfingen,Wilchingen,2974,SH,100,47.66244,8.48749,de
8219,Trasadingen,Trasadingen,2973,SH,100,47.66752,8.43066,de
8222,Beringen,Beringen,2932,SH,99,47.69797,8.57955,de
8222,Beringen,Schaffhausen,2939,SH,0,47.69438,8.60518,de
8223,Guntmadingen,Beringen,2932,SH,96,47.68545,8.55787,de
8223,Guntmadingen,Neunkirch,2904,SH,2,47.68730,8.53921,de
8223,Guntmadingen,Löhningen,2903,SH,1,47.69179,8.55661,de
8224,Löhningen,Löhningen,2903,SH,98,47.70193,8.55193,de
8224,Löhningen,Neunkirch,2904,SH,1,47.69891,8.52577,de
8225,Siblingen,Siblingen,2953,SH,97,47.71513,8.52161,de
8225,Siblingen,Gächlingen,2901,SH,2,47.72681,8.49578,de
8226,Schleitheim,Schleitheim,2952,SH,98,47.74914,8.48409,de
8226,Schleitheim,Beggingen,2951,SH,0,47.76337,8.51030,de
8226,Schleitheim,Gächlingen,2901,SH,0,47.73922,8.50953,de
8228,Beggingen,Beggingen,2951,SH,100,47.76614,8.53550,de
8231,Hemmental,Schaffhausen,2939,SH,100,47.73362,8.58408,de
8232,Merishausen,Merishausen,2936,SH,100,47.75949,8.60901,de
8233,Bargen SH,Bargen (SH),2931,SH,100,47.79225,8.60862,de
8234,Stetten SH,Stetten (SH),2919,SH,100,47.73864,8.66124,de
8235,Lohn SH,Lohn (SH),2917,SH,100,47.75546,8.67090,de
8236,Büttenhardt,Büttenhardt,2914,SH,100,47.75603,8.65281,de
8236,Opfertshofen SH,Thayngen,2920,SH,100,47.77635,8.66068,de
8239,Dörflingen,Dörflingen,2915,SH,100,47.70753,8.72168,de
8240,Thayngen,Thayngen,2920,SH,100,47.74894,8.70775,de
8241,Barzheim,Thayngen,2920,SH,100,47.76017,8.72093,de
8242,Bibern SH,Thayngen,2920,SH,100,47.77300,8.67807,de
8242,Hofen SH,Thayngen,2920,SH,100,47.78272,8.67634,de
8243,Altdorf SH,Thayngen,2920,SH,100,47.78470,8.65866,de
8245,Feuerthalen,Feuerthalen,27,ZH,100,47.69043,8.64473,de
8246,Langwiesen,Feuerthalen,27,ZH,100,47.68456,8.66055,de
8247,Flurlingen,Flurlingen,29,ZH,100,47.68487,8.62926,de
8248,Uhwiesen,Laufen-Uhwiesen,34,ZH,100,47.67122,8.63475,de
8252,Schlatt TG,Schlatt (TG),4546,TG,99,47.66262,8.69987,de
8252,Schlatt TG,Diessenhofen,4545,TG,0,47.67701,8.70780,de
8253,Diessenhofen,Diessenhofen,4545,TG,100,47.68714,8.75099,de
8253,Willisdorf,Diessenhofen,4545,TG,100,47.68114,8.73624,de
8254,Basadingen,Basadingen-Schlattingen,4536,TG,100,47.66899,8.74712,de
8255,Schlattingen,Basadingen-Schlattingen,4536,TG,100,47.66528,8.77033,de
8259,Etzwilen,Wagenhausen,4871,TG,100,47.65980,8.81817,de
8259,Kaltenbach,Wagenhausen,4871,TG,100,47.65131,8.84022,de
8259,Rheinklingen,Wagenhausen,4871,TG,100,47.67316,8.80938,de
8259,Wagenhausen,Wagenhausen,4871,TG,100,47.65970,8.84698,de
8260,Stein am Rhein,Stein am Rhein,2964,SH,100,47.65992,8.85786,de
8261,Hemishofen,Hemishofen,2962,SH,100,47.67696,8.83175,de
8262,Ramsen,Ramsen,2963,SH,100,47.70721,8.81356,de
8263,Buch SH,Buch (SH),2961,SH,100,47.71744,8.78346,de
8264,Eschenz,Eschenz,4806,TG,97,47.64816,8.87189,de
8264,Eschenz,Mammern,4826,TG,2,47.63357,8.90138,de
8265,Mammern,Mammern,4826,TG,100,47.64404,8.91501,de
8266,Steckborn,Steckborn,4864,TG,100,47.66317,8.98201,de
8267,Berlingen,Berlingen,4801,TG,100,47.67278,9.02357,de
8268,Mannenbach-Salenstein,Salenstein,4851,TG,100,47.67289,9.05129,de
8268,Salenstein,Salenstein,4851,TG,100,47.66964,9.05812,de
8269,Fruthwilen,Salenstein,4851,TG,100,47.66170,9.06737,de
8272,Ermatingen,Ermatingen,4646,TG,100,47.66954,9.08208,de
8273,Triboltingen,Ermatingen,4646,TG,100,47.66101,9.10822,de
8274,Gottlieben,Gottlieben,4651,TG,100,47.66411,9.13348,de
8274,Tägerwilen,Tägerwilen,4696,TG,100,47.65459,9.13298,de
8280,Kreuzlingen,Kreuzlingen,4671,TG,98,47.64490,9.17375,de
8280,Kreuzlingen,Tägerwilen,4696,TG,1,47.65415,9.15917,de
8280,Kreuzlingen,Bottighofen,4643,TG,0,47.63995,9.20447,de
8302,Kloten,Kloten,62,ZH,100,47.45398,8.58401,de
8303,Bassersdorf,Bassersdorf,52,ZH,100,47.44301,8.62955,de
8304,Wallisellen,Wallisellen,69,ZH,100,47.41634,8.59477,de
8305,Dietlikon,Dietlikon,54,ZH,100,47.42230,8.61653,de
8306,Brüttisellen,Wangen-Brüttisellen,200,ZH,100,47.42333,8.63112,de
8307,Ottikon b. Kemptthal,Illnau-Effretikon,296,ZH,100,47.43537,8.71816,de
8307,Effretikon,Illnau-Effretikon,296,ZH,99,47.42727,8.68970,de
8307,Effretikon,Volketswil,199,ZH,0,47.41224,8.68258,de
8308,Illnau,Illnau-Effretikon,296,ZH,98,47.40886,8.72194,de
8308,Agasul,Illnau-Effretikon,296,ZH,91,47.42508,8.74234,de
8308,Agasul,Weisslingen,180,ZH,8,47.42707,8.74657,de
8308,Illnau,Fehraltorf,172,ZH,1,47.40485,8.74685,de
8309,Nürensdorf,Nürensdorf,64,ZH,99,47.45478,8.64332,de
8309,Nürensdorf,Kloten,62,ZH,0,47.46336,8.62691,de
8310,Grafstal,Lindau,176,ZH,100,47.44373,8.69951,de
8310,Kemptthal,Lindau,176,ZH,80,47.44945,8.70370,de
8310,Kemptthal,Winterthur,230,ZH,19,47.46168,8.71215,de
8311,Brütten,Brütten,213,ZH,100,47.47278,8.67650,de
8312,Winterberg ZH,Lindau,176,ZH,100,47.45487,8.69477,de
8314,Kyburg,Illnau-Effretikon,296,ZH,100,47.45398,8.74289,de
8315,Lindau,Lindau,176,ZH,100,47.44251,8.67379,de
8317,Tagelswangen,Lindau,176,ZH,100,47.43053,8.67224,de
8320,Fehraltorf,Fehraltorf,172,ZH,100,47.38844,8.75396,de
8322,Gündisau,Russikon,178,ZH,100,47.39882,8.80798,de
8322,Madetswil,Russikon,178,ZH,99,47.41215,8.79188,de
8322,Madetswil,Wildberg,182,ZH,0,47.41840,8.80473,de
8330,Pfäffikon ZH,Pfäffikon,177,ZH,100,47.36817,8.78590,de
8331,Auslikon,Pfäffikon,177,ZH,100,47.34459,8.80823,de
8332,Rumlikon,Russikon,178,ZH,100,47.40843,8.76102,de
8332,Russikon,Russikon,178,ZH,100,47.39498,8.77511,de
8335,Hittnau,Hittnau,173,ZH,100,47.36620,8.82572,de
8340,Hinwil,Hinwil,117,ZH,99,47.29965,8.84572,de
8340,Hinwil,Dürnten,113,ZH,0,47.28413,8.85109,de
8340,Hinwil,Bäretswil,111,ZH,0,47.32318,8.85150,de
8340,Hinwil,Fischenthal,114,ZH,0,47.31464,8.89129,de
8342,Wernetshausen,Hinwil,117,ZH,100,47.29715,8.86649,de
8344,Bäretswil,Bäretswil,111,ZH,100,47.33675,8.85769,de
8345,Adetswil,Bäretswil,111,ZH,98,47.33911,8.84150,de
8345,Adetswil,Wetzikon (ZH),121,ZH,1,47.33494,8.83021,de
8352,Elsau,Elsau,219,ZH,100,47.50143,8.80123,de
8352,Ricketwil (Winterthur),Winterthur,230,ZH,100,47.48657,8.80026,de
8353,Elgg,Elgg,294,ZH,100,47.49437,8.86674,de
8354,Dickbuch,Elgg,294,ZH,100,47.49632,8.83076,de
8354,Hofstetten ZH,Elgg,294,ZH,97,47.47076,8.85786,de
8354,Hofstetten ZH,Schlatt (ZH),226,ZH,2,47.47230,8.84133,de
8355,Aadorf,Aadorf,4551,TG,96,47.49108,8.90319,de
8355,Aadorf,Elgg,294,ZH,3,47.49338,8.89207,de
8356,Ettenhausen TG,Aadorf,4551,TG,100,47.47988,8.89892,de
8357,Guntershausen b. Aadorf,Aadorf,4551,TG,100,47.47533,8.91846,de
8360,Wallenwil,Eschlikon,4724,TG,100,47.45756,8.95584,de
8360,Eschlikon TG,Eschlikon,4724,TG,92,47.46447,8.96765,de
8360,Eschlikon TG,Münchwilen (TG),4746,TG,7,47.47296,8.96874,de
8362,Balterswil,Bichelsee-Balterswil,4721,TG,100,47.45464,8.93620,de
8363,Bichelsee,Bichelsee-Balterswil,4721,TG,95,47.44939,8.92231,de
8363,Bichelsee,Turbenthal,228,ZH,4,47.43447,8.91590,de
8370,Sirnach,Sirnach,4761,TG,99,47.46346,8.99456,de
8370,Sirnach,Eschlikon,4724,TG,0,47.46021,8.98368,de
8371,Busswil TG,Sirnach,4761,TG,100,47.45258,9.01432,de
8372,Wiezikon b. Sirnach,Sirnach,4761,TG,74,47.45025,8.98508,de
8372,Wiezikon b. Sirnach,Fischingen,4726,TG,25,47.44361,8.97996,de
8374,Dussnang,Fischingen,4726,TG,100,47.43064,8.95739,de
8374,Oberwangen TG,Fischingen,4726,TG,100,47.43014,8.97308,de
8376,Au TG,Fischingen,4726,TG,93,47.39562,8.94883,de
8376,Fischingen,Fischingen,4726,TG,90,47.41517,8.96862,de
8376,Fischingen,Kirchberg (SG),3392,SG,9,47.40885,8.98390,de
8376,Au TG,Mosnang,3394,SG,6,47.38361,8.95775,de
8400,Winterthur,Winterthur,230,ZH,100,47.50075,8.72600,de
8404,Reutlingen (Winterthur),Winterthur,230,ZH,100,47.52781,8.75105,de
8404,Stadel (Winterthur),Winterthur,230,ZH,100,47.53497,8.76253,de
8404,Winterthur,Winterthur,230,ZH,100,47.50913,8.75647,de
8405,Winterthur,Winterthur,230,ZH,99,47.48236,8.76772,de
8405,Winterthur,Schlatt (ZH),226,ZH,0,47.47263,8.79979,de
8406,Winterthur,Winterthur,230,ZH,100,47.48846,8.70529,de
8408,Winterthur,Winterthur,230,ZH,100,47.50888,8.69254,de
8409,Winterthur,Winterthur,230,ZH,100,47.50554,8.77514,de
8412,Aesch (Neftenbach),Neftenbach,223,ZH,100,47.54151,8.67910,de
8412,Hünikon (Neftenbach),Neftenbach,223,ZH,100,47.55213,8.66807,de
8412,Riet (Neftenbach),Neftenbach,223,ZH,100,47.53671,8.68770,de
8413,Neftenbach,Neftenbach,223,ZH,100,47.52569,8.66601,de
8414,Buch am Irchel,Buch am Irchel,24,ZH,100,47.55134,8.62071,de
8415,Berg am Irchel,Berg am Irchel,23,ZH,100,47.56958,8.59586,de
8415,Gräslikon,Berg am Irchel,23,ZH,100,47.55712,8.60596,de
8416,Flaach,Flaach,28,ZH,100,47.57575,8.60682,de
8418,Schlatt ZH,Schlatt (ZH),226,ZH,100,47.47386,8.82131,de
8421,Dättlikon,Dättlikon,215,ZH,100,47.52535,8.62268,de
8422,Pfungen,Pfungen,224,ZH,100,47.51495,8.64296,de
8424,Embrach,Embrach,56,ZH,100,47.50693,8.59460,de
8425,Oberembrach,Oberembrach,65,ZH,100,47.48932,8.62351,de
8426,Lufingen,Lufingen,63,ZH,100,47.48495,8.59299,de
8427,Freienstein,Freienstein-Teufen,57,ZH,100,47.53225,8.58505,de
8427,Rorbas,Rorbas,68,ZH,100,47.53152,8.57530,de
8428,Teufen ZH,Freienstein-Teufen,57,ZH,98,47.54985,8.56775,de
8428,Teufen ZH,Rorbas,68,ZH,1,47.54361,8.57131,de
8442,Hettlingen,Hettlingen,221,ZH,100,47.54681,8.70786,de
8444,Henggart,Henggart,31,ZH,100,47.56375,8.68238,de
8447,Dachsen,Dachsen,25,ZH,97,47.66569,8.61715,de
8447,Dachsen,Laufen-Uhwiesen,34,ZH,2,47.67596,8.61473,de
8450,Andelfingen,Andelfingen,291,ZH,100,47.59320,8.67731,de
8451,Kleinandelfingen,Kleinandelfingen,33,ZH,100,47.59975,8.68519,de
8452,Adlikon b. Andelfingen,Andelfingen,291,ZH,100,47.57686,8.70498,de
8453,Alten,Kleinandelfingen,33,ZH,100,47.59907,8.64613,de
8454,Buchberg,Buchberg,2933,SH,100,47.57312,8.56054,de
8455,Rüdlingen,Rüdlingen,2938,SH,99,47.58041,8.56878,de
8455,Rüdlingen,Buchberg,2933,SH,0,47.59192,8.55302,de
8457,Humlikon,Andelfingen,291,ZH,100,47.57649,8.66965,de
8458,Dorf,Dorf,26,ZH,100,47.57196,8.64714,de
8459,Volken,Volken,43,ZH,100,47.57482,8.62551,de
8460,Marthalen,Marthalen,35,ZH,100,47.62790,8.65106,de
8461,Oerlingen,Kleinandelfingen,33,ZH,100,47.62460,8.67559,de
8462,Rheinau,Rheinau,38,ZH,100,47.64077,8.60265,de
8463,Benken ZH,Benken (ZH),22,ZH,100,47.65362,8.65421,de
8464,Ellikon am Rhein,Marthalen,35,ZH,96,47.60492,8.59808,de
8464,Ellikon am Rhein,Rheinau,38,ZH,3,47.60398,8.60796,de
8465,Rudolfingen,Trüllikon,40,ZH,100,47.64017,8.67394,de
8465,Wildensbuch,Trüllikon,40,ZH,100,47.65216,8.67638,de
8466,Trüllikon,Trüllikon,40,ZH,99,47.63797,8.69108,de
8466,Trüllikon,Ossingen,37,ZH,0,47.62407,8.69125,de
8467,Truttikon,Truttikon,41,ZH,100,47.62954,8.72709,de
8468,Guntalingen,Stammheim,292,ZH,100,47.63379,8.76858,de
8468,Waltalingen,Stammheim,292,ZH,100,47.62167,8.77760,de
8471,Berg (Dägerlen),Dägerlen,214,ZH,100,47.56371,8.73281,de
8471,Bänk (Dägerlen),Dägerlen,214,ZH,100,47.54814,8.73872,de
8471,Dägerlen,Dägerlen,214,ZH,100,47.56079,8.72201,de
8471,Oberwil (Dägerlen),Dägerlen,214,ZH,100,47.57314,8.71648,de
8471,Rutschwil (Dägerlen),Dägerlen,214,ZH,100,47.55687,8.73091,de
8472,Oberohringen,Seuzach,227,ZH,100,47.52721,8.71316,de
8472,Seuzach,Seuzach,227,ZH,100,47.53521,8.73399,de
8472,Unterohringen,Seuzach,227,ZH,100,47.53451,8.71368,de
8474,Dinhard,Dinhard,216,ZH,100,47.55911,8.76517,de
8475,Ossingen,Ossingen,37,ZH,100,47.61211,8.72601,de
8476,Unterstammheim,Stammheim,292,ZH,99,47.63857,8.78996,de
8476,Unterstammheim,Basadingen-Schlattingen,4536,TG,0,47.64975,8.77613,de
8477,Oberstammheim,Stammheim,292,ZH,100,47.63272,8.79848,de
8478,Thalheim an der Thur,Thalheim an der Thur,39,ZH,100,47.58147,8.74663,de
8479,Altikon,Altikon,211,ZH,100,47.57329,8.78231,de
8482,Sennhof (Winterthur),Winterthur,230,ZH,90,47.46825,8.75842,de
8482,Sennhof (Winterthur),Illnau-Effretikon,296,ZH,9,47.46685,8.75574,de
8483,Kollbrunn,Zell (ZH),231,ZH,90,47.45819,8.77869,de
8483,Kollbrunn,Illnau-Effretikon,296,ZH,9,47.44753,8.76597,de
8484,Neschwil,Weisslingen,180,ZH,100,47.42948,8.78857,de
8484,Theilingen,Weisslingen,180,ZH,100,47.42118,8.76773,de
8484,Weisslingen,Weisslingen,180,ZH,100,47.43099,8.76724,de
8486,Rikon im Tösstal,Zell (ZH),231,ZH,97,47.44607,8.79714,de
8486,Rikon im Tösstal,Weisslingen,180,ZH,2,47.44780,8.78606,de
8487,Rämismühle,Zell (ZH),231,ZH,100,47.44082,8.81894,de
8487,Zell ZH,Zell (ZH),231,ZH,100,47.44546,8.82112,de
8488,Turbenthal,Turbenthal,228,ZH,99,47.43857,8.84869,de
8488,Turbenthal,Wildberg,182,ZH,0,47.43951,8.83224,de
8489,Ehrikon,Wildberg,182,ZH,100,47.41882,8.80952,de
8489,Schalchen,Wildberg,182,ZH,100,47.40694,8.82669,de
8489,Wildberg,Wildberg,182,ZH,100,47.42625,8.81749,de
8492,Wila,Wila,181,ZH,88,47.41812,8.84658,de
8492,Wila,Turbenthal,228,ZH,11,47.41153,8.87059,de
8493,Saland,Bauma,297,ZH,95,47.38755,8.85723,de
8493,Saland,Wila,181,ZH,4,47.39861,8.85547,de
8494,Bauma,Bauma,297,ZH,99,47.36831,8.87903,de
8494,Bauma,Fischenthal,114,ZH,0,47.35994,8.92110,de
8495,Schmidrüti,Turbenthal,228,ZH,75,47.41422,8.90366,de
8495,Schmidrüti,Fischingen,4726,TG,24,47.42542,8.91843,de
8496,Steg im Tösstal,Fischenthal,114,ZH,99,47.35107,8.93769,de
8496,Steg im Tösstal,Mosnang,3394,SG,0,47.35463,8.96140,de
8497,Fischenthal,Fischenthal,114,ZH,99,47.33323,8.92321,de
8497,Fischenthal,Wald (ZH),120,ZH,0,47.31438,8.93230,de
8498,Gibswil,Fischenthal,114,ZH,62,47.31340,8.91328,de
8498,Gibswil,Bäretswil,111,ZH,32,47.32739,8.90187,de
8498,Gibswil,Hinwil,117,ZH,5,47.31052,8.89706,de
8499,Sternenberg,Bauma,297,ZH,93,47.38884,8.91151,de
8499,Sternenberg,Fischingen,4726,TG,6,47.40052,8.91756,de
8500,Gerlikon,Frauenfeld,4566,TG,99,47.53848,8.87772,de
8500,Frauenfeld,Frauenfeld,4566,TG,91,47.55590,8.89842,de
8500,Frauenfeld,Gachnang,4571,TG,7,47.55358,8.86250,de
8500,Frauenfeld,Matzingen,4591,TG,0,47.54472,8.93555,de
8500,Frauenfeld,Thundorf,4611,TG,0,47.55898,8.94606,de
8500,Frauenfeld,Felben-Wellhausen,4561,TG,0,47.56564,8.94323,de
8500,Gerlikon,Hagenbuch,220,ZH,0,47.52712,8.87496,de
8505,Dettighofen,Pfyn,4841,TG,100,47.61703,8.95130,de
8505,Pfyn,Pfyn,4841,TG,100,47.59645,8.95535,de
8506,Lanzenneunforn,Herdern,4811,TG,100,47.62381,8.93681,de
8507,Hörhausen,Homburg,4816,TG,98,47.63610,8.96926,de
8507,Hörhausen,Mammern,4826,TG,1,47.64155,8.93160,de
8508,Homburg,Homburg,4816,TG,97,47.62893,8.99709,de
8508,Homburg,Pfyn,4841,TG,2,47.61250,8.96128,de
8512,Lustdorf,Thundorf,4611,TG,100,47.55138,8.98810,de
8512,Thundorf,Thundorf,4611,TG,100,47.54745,8.96286,de
8512,Wetzikon TG,Thundorf,4611,TG,100,47.53793,9.00057,de
8514,Amlikon-Bissegg,Amlikon-Bissegg,4881,TG,92,47.56320,9.04506,de
8514,Amlikon-Bissegg,Affeltrangen,4711,TG,7,47.54551,9.03303,de
8522,Aawangen,Aadorf,4551,TG,100,47.51293,8.90014,de
8522,Häuslenen,Aadorf,4551,TG,100,47.52703,8.90278,de
8523,Hagenbuch ZH,Hagenbuch,220,ZH,97,47.51853,8.88326,de
8523,Hagenbuch ZH,Elgg,294,ZH,2,47.50171,8.89296,de
8524,Buch b. Frauenfeld,Uesslingen-Buch,4616,TG,100,47.59720,8.84056,de
8524,Uesslingen,Uesslingen-Buch,4616,TG,100,47.58231,8.82961,de
8525,Niederneunforn,Neunforn,4601,TG,100,47.59554,8.78304,de
8525,Wilen b. Neunforn,Neunforn,4601,TG,56,47.60147,8.79708,de
8525,Wilen b. Neunforn,Stammheim,292,ZH,43,47.60315,8.79785,de
8526,Oberneunforn,Neunforn,4601,TG,100,47.60642,8.76783,de
8532,Warth,Warth-Weiningen,4621,TG,100,47.58408,8.87591,de
8532,Weiningen TG,Warth-Weiningen,4621,TG,98,47.58830,8.88702,de
8532,Weiningen TG,Herdern,4811,TG,1,47.59746,8.90170,de
8535,Herdern,Herdern,4811,TG,96,47.60639,8.90966,de
8535,Herdern,Hüttwilen,4821,TG,3,47.62446,8.90968,de
8536,Hüttwilen,Hüttwilen,4821,TG,98,47.60912,8.87118,de
8536,Hüttwilen,Herdern,4811,TG,1,47.60361,8.89054,de
8536,Hüttwilen,Warth-Weiningen,4621,TG,0,47.59766,8.87549,de
8537,Nussbaumen TG,Hüttwilen,4821,TG,100,47.62558,8.82915,de
8537,Uerschhausen,Hüttwilen,4821,TG,100,47.60842,8.81709,de
8542,Wiesendangen,Wiesendangen,298,ZH,99,47.52348,8.78746,de
8542,Wiesendangen,Winterthur,230,ZH,0,47.53228,8.78087,de
8543,Bertschikon,Wiesendangen,298,ZH,100,47.52600,8.83148,de
8543,Gundetswil,Wiesendangen,298,ZH,100,47.53997,8.82282,de
8543,Kefikon ZH,Wiesendangen,298,ZH,100,47.54791,8.83100,de
8544,Attikon,Wiesendangen,298,ZH,100,47.53627,8.79703,de
8545,Rickenbach ZH,Rickenbach (ZH),225,ZH,100,47.55196,8.79613,de
8545,Rickenbach Sulz,Rickenbach (ZH),225,ZH,99,47.53978,8.78855,de
8545,Rickenbach Sulz,Winterthur,230,ZH,0,47.53419,8.78141,de
8546,Islikon,Gachnang,4571,TG,100,47.54531,8.84360,de
8546,Kefikon TG,Gachnang,4571,TG,100,47.54927,8.83366,de
8546,Menzengrüt,Wiesendangen,298,ZH,100,47.54927,8.82147,de
8547,Gachnang,Gachnang,4571,TG,100,47.54003,8.85170,de
8548,Ellikon an der Thur,Ellikon an der Thur,218,ZH,100,47.56293,8.82588,de
8552,Felben-Wellhausen,Felben-Wellhausen,4561,TG,100,47.57666,8.94335,de
8553,Eschikofen,Hüttlingen,4590,TG,100,47.58055,9.00580,de
8553,Harenwilen,Hüttlingen,4590,TG,100,47.57072,9.00100,de
8553,Hüttlingen,Hüttlingen,4590,TG,100,47.57810,8.97948,de
8553,Mettendorf TG,Hüttlingen,4590,TG,100,47.57771,8.97007,de
8554,Müllheim-Wigoltingen,Wigoltingen,4951,TG,100,47.58939,9.01378,de
8554,Bonau,Wigoltingen,4951,TG,96,47.58403,9.03620,de
8554,Bonau,Amlikon-Bissegg,4881,TG,3,47.57888,9.02429,de
8555,Müllheim Dorf,Müllheim,4831,TG,100,47.60235,9.00213,de
8556,Engwang,Wigoltingen,4951,TG,100,47.60055,9.05276,de
8556,Illhart,Wigoltingen,4951,TG,100,47.61914,9.03937,de
8556,Lamperswil TG,Wigoltingen,4951,TG,100,47.61206,9.03843,de
8556,Wigoltingen,Wigoltingen,4951,TG,100,47.59835,9.03208,de
8558,Raperswilen,Raperswilen,4846,TG,97,47.63644,9.04769,de
8558,Raperswilen,Wäldi,4701,TG,2,47.63100,9.05935,de
8560,Märstetten,Märstetten,4941,TG,96,47.58991,9.06683,de
8560,Märstetten,Wigoltingen,4951,TG,3,47.60279,9.07447,de
8561,Ottoberg,Märstetten,4941,TG,100,47.58639,9.08499,de
8564,Gunterswilen,Wäldi,4701,TG,100,47.63564,9.07723,de
8564,Hattenhausen,Wäldi,4701,TG,100,47.62408,9.06682,de
8564,Hefenhausen,Wäldi,4701,TG,100,47.61692,9.06517,de
8564,Lipperswil,Wäldi,4701,TG,100,47.61567,9.05642,de
8564,Sonterswil,Wäldi,4701,TG,100,47.62138,9.07868,de
8564,Wagerswil,Wigoltingen,4951,TG,100,47.60801,9.06442,de
8564,Wäldi,Wäldi,4701,TG,100,47.63369,9.09376,de
8564,Engwilen,Wäldi,4701,TG,89,47.61757,9.09482,de
8564,Engwilen,Wigoltingen,4951,TG,10,47.60939,9.08694,de
8565,Hugelshofen,Kemmental,4666,TG,100,47.59879,9.11636,de
8566,Dotnacht,Kemmental,4666,TG,100,47.59665,9.14354,de
8566,Ellighausen,Kemmental,4666,TG,100,47.61346,9.13638,de
8566,Lippoldswilen,Kemmental,4666,TG,100,47.61124,9.11276,de
8566,Neuwilen,Kemmental,4666,TG,100,47.62101,9.13471,de
8570,Weinfelden,Weinfelden,4946,TG,99,47.56638,9.11022,de
8570,Weinfelden,Berg (TG),4891,TG,0,47.56883,9.14014,de
8572,Andhausen,Berg (TG),4891,TG,100,47.57855,9.17789,de
8572,Berg TG,Berg (TG),4891,TG,100,47.57890,9.16855,de
8572,Graltshausen,Berg (TG),4891,TG,100,47.59682,9.18141,de
8572,Guntershausen b. Berg,Berg (TG),4891,TG,100,47.57313,9.18810,de
8573,Alterswilen,Kemmental,4666,TG,100,47.61013,9.15490,de
8573,Altishausen,Kemmental,4666,TG,100,47.60092,9.17104,de
8573,Siegershausen,Kemmental,4666,TG,100,47.61089,9.16826,de
8574,Dettighofen (Lengwil),Lengwil,4683,TG,100,47.62046,9.20167,de
8574,Illighausen,Lengwil,4683,TG,100,47.60401,9.20740,de
8574,Lengwil,Lengwil,4683,TG,100,47.62454,9.19371,de
8574,Oberhofen TG,Lengwil,4683,TG,100,47.61786,9.19394,de
8575,Istighofen,Bürglen (TG),4911,TG,100,47.53978,9.14712,de
8575,Bürglen TG,Bürglen (TG),4911,TG,96,47.55089,9.15315,de
8575,Bürglen TG,Bussnang,4921,TG,3,47.53588,9.13482,de
8575,Bürglen TG,Weinfelden,4946,TG,0,47.56117,9.13636,de
8576,Mauren TG,Berg (TG),4891,TG,100,47.56622,9.15587,de
8577,Schönholzerswilen,Schönholzerswilen,4756,TG,100,47.51577,9.13991,de
8580,Biessenhofen,Amriswil,4461,TG,100,47.54600,9.25994,de
8580,Hefenhofen,Hefenhofen,4416,TG,100,47.55889,9.31368,de
8580,Sommeri,Sommeri,4446,TG,100,47.56942,9.28635,de
8580,Amriswil,Amriswil,4461,TG,99,47.54698,9.29739,de
8580,Hagenwil b. Amriswil,Amriswil,4461,TG,93,47.52888,9.30790,de
8580,Hagenwil b. Amriswil,Muolen,3202,SG,6,47.52828,9.31491,de
8580,Amriswil,Salmsach,4441,TG,0,47.54336,9.32685,de
8581,Schocherswil,Amriswil,4461,TG,100,47.53758,9.26792,de
8582,Dozwil,Dozwil,4406,TG,100,47.57628,9.31946,de
8583,Donzhausen,Sulgen,4506,TG,100,47.55412,9.19654,de
8583,Götighofen,Sulgen,4506,TG,100,47.53558,9.21589,de
8583,Sulgen,Sulgen,4506,TG,100,47.53978,9.18665,de
8584,Leimbach TG,Bürglen (TG),4911,TG,100,47.56091,9.18746,de
8584,Opfershofen TG,Bürglen (TG),4911,TG,80,47.56248,9.17475,de
8584,Opfershofen TG,Berg (TG),4891,TG,19,47.56803,9.17169,de
8585,Birwinken,Birwinken,4901,TG,100,47.58235,9.19861,de
8585,Happerswil,Birwinken,4901,TG,100,47.57776,9.22366,de
8585,Herrenhof,Langrickenbach,4681,TG,100,47.59745,9.24451,de
8585,Klarsreuti,Birwinken,4901,TG,100,47.58671,9.21282,de
8585,Langrickenbach,Langrickenbach,4681,TG,100,47.58580,9.24645,de
8585,Mattwil,Birwinken,4901,TG,100,47.57799,9.20686,de
8585,Schönenbaumgarten,Langrickenbach,4681,TG,100,47.61379,9.23069,de
8585,Zuben,Langrickenbach,4681,TG,100,47.60731,9.23691,de
8586,Andwil TG,Birwinken,4901,TG,100,47.56544,9.21540,de
8586,Buch b. Kümmertshausen,Birwinken,4901,TG,100,47.57062,9.23566,de
8586,Buchackern,Erlen,4476,TG,100,47.53875,9.23198,de
8586,Engishofen,Erlen,4476,TG,100,47.55743,9.25070,de
8586,Ennetaach,Erlen,4476,TG,100,47.54958,9.21720,de
8586,Erlen,Erlen,4476,TG,100,47.55016,9.22818,de
8586,Riedt b. Erlen,Erlen,4476,TG,100,47.54457,9.21549,de
8586,Kümmertshausen,Erlen,4476,TG,94,47.56609,9.24239,de
8586,Kümmertshausen,Langrickenbach,4681,TG,5,47.57197,9.25643,de
8587,Oberaach,Amriswil,4461,TG,100,47.55739,9.26821,de
8588,Zihlschlacht,Zihlschlacht-Sitterdorf,4511,TG,100,47.52123,9.25733,de
8589,Sitterdorf,Zihlschlacht-Sitterdorf,4511,TG,99,47.50482,9.24730,de
8589,Sitterdorf,Bischofszell,4471,TG,0,47.49917,9.24031,de
8590,Romanshorn,Romanshorn,4436,TG,99,47.56560,9.36945,de
8590,Romanshorn,Uttwil,4451,TG,0,47.57656,9.35484,de
8592,Uttwil,Uttwil,4451,TG,100,47.58315,9.34276,de
8593,Kesswil,Kesswil,4426,TG,100,47.59332,9.31995,de
8594,Güttingen,Güttingen,4656,TG,100,47.60533,9.28961,de
8595,Altnau,Altnau,4641,TG,100,47.61265,9.26067,de
8596,Münsterlingen,Münsterlingen,4691,TG,100,47.63138,9.23388,de
8596,Scherzingen,Münsterlingen,4691,TG,100,47.63071,9.22551,de
8597,Landschlacht,Münsterlingen,4691,TG,100,47.62714,9.24689,de
8598,Bottighofen,Bottighofen,4643,TG,99,47.63687,9.20848,de
8598,Bottighofen,Kreuzlingen,4671,TG,0,47.63561,9.20241,de
8599,Salmsach,Salmsach,4441,TG,100,47.55352,9.36920,de
8600,Dübendorf,Dübendorf,191,ZH,99,47.39719,8.62064,de
8600,Dübendorf,Schwerzenbach,197,ZH,0,47.39123,8.65001,de
8600,Dübendorf,Dietlikon,54,ZH,0,47.40801,8.62549,de
8602,Wangen b. Dübendorf,Wangen-Brüttisellen,200,ZH,100,47.41069,8.64557,de
8603,Schwerzenbach,Schwerzenbach,197,ZH,99,47.38219,8.65588,de
8603,Schwerzenbach,Dübendorf,191,ZH,0,47.38603,8.64676,de
8604,Volketswil,Volketswil,199,ZH,100,47.39022,8.68026,de
8605,Gutenswil,Volketswil,199,ZH,99,47.38513,8.71744,de
8605,Gutenswil,Uster,198,ZH,0,47.37699,8.71500,de
8606,Greifensee,Greifensee,194,ZH,100,47.36742,8.68063,de
8606,Nänikon,Uster,198,ZH,100,47.36989,8.69103,de
8607,Aathal-Seegräben,Seegräben,119,ZH,94,47.33586,8.76582,de
8607,Aathal-Seegräben,Mönchaltorf,196,ZH,5,47.32976,8.75945,de
8608,Bubikon,Bubikon,112,ZH,99,47.26891,8.81751,de
8608,Bubikon,Dürnten,113,ZH,0,47.26760,8.83014,de
8610,Uster,Uster,198,ZH,100,47.34858,8.71813,de
8614,Bertschikon (Gossau ZH),Gossau (ZH),115,ZH,100,47.32156,8.75803,de
8614,Sulzbach,Uster,198,ZH,100,47.32834,8.74538,de
8615,Freudwil,Uster,198,ZH,100,47.37520,8.73326,de
8615,Wermatswil,Uster,198,ZH,100,47.36306,8.74247,de
8616,Riedikon,Uster,198,ZH,100,47.33190,8.71285,de
8617,Mönchaltorf,Mönchaltorf,196,ZH,99,47.30982,8.72105,de
8617,Mönchaltorf,Gossau (ZH),115,ZH,0,47.30960,8.73557,de
8617,Mönchaltorf,Uster,198,ZH,0,47.32701,8.73500,de
8618,Oetwil am See,Oetwil am See,157,ZH,99,47.27209,8.72257,de
8618,Oetwil am See,Männedorf,155,ZH,0,47.26573,8.71240,de
8620,Wetzikon ZH,Wetzikon (ZH),121,ZH,100,47.32467,8.79318,de
8623,Wetzikon ZH,Wetzikon (ZH),121,ZH,99,47.33237,8.81494,de
8623,Wetzikon ZH,Pfäffikon,177,ZH,0,47.33823,8.81554,de
8624,Grüt (Gossau ZH),Gossau (ZH),115,ZH,100,47.31049,8.78355,de
8625,Gossau ZH,Gossau (ZH),115,ZH,100,47.30531,8.76035,de
8626,Ottikon (Gossau ZH),Gossau (ZH),115,ZH,100,47.29286,8.78628,de
8627,Grüningen,Grüningen,116,ZH,99,47.28085,8.76265,de
8627,Grüningen,Gossau (ZH),115,ZH,0,47.28840,8.73727,de
8627,Grüningen,Hombrechtikon,153,ZH,0,47.26606,8.77804,de
8630,Rüti ZH,Rüti (ZH),118,ZH,99,47.25649,8.85485,de
8630,Rüti ZH,Rapperswil-Jona,3340,SG,0,47.24990,8.85100,de
8630,Rüti ZH,Dürnten,113,ZH,0,47.26373,8.85396,de
8632,Tann,Dürnten,113,ZH,100,47.26699,8.84981,de
8633,Wolfhausen,Bubikon,112,ZH,99,47.25688,8.79861,de
8633,Wolfhausen,Rapperswil-Jona,3340,SG,0,47.24914,8.81862,de
8634,Hombrechtikon,Hombrechtikon,153,ZH,99,47.25120,8.77078,de
8634,Hombrechtikon,Stäfa,158,ZH,0,47.24244,8.75452,de
8635,Dürnten,Dürnten,113,ZH,100,47.27780,8.85507,de
8636,Wald ZH,Wald (ZH),120,ZH,97,47.27841,8.91407,de
8636,Wald ZH,Eschenbach (SG),3342,SG,2,47.28727,8.94492,de
8636,Wald ZH,Rüti (ZH),118,ZH,0,47.26839,8.90470,de
8636,Wald ZH,Dürnten,113,ZH,0,47.27094,8.89085,de
8637,Laupen ZH,Wald (ZH),120,ZH,99,47.26527,8.92974,de
8637,Laupen ZH,Eschenbach (SG),3342,SG,0,47.26192,8.93873,de
8638,Goldingen,Eschenbach (SG),3342,SG,100,47.27036,8.96715,de
8640,Hurden,Freienbach,1322,SZ,100,47.21328,8.79743,de
8640,Rapperswil SG,Rapperswil-Jona,3340,SG,100,47.22820,8.82335,de
8645,Jona,Rapperswil-Jona,3340,SG,100,47.23370,8.83289,de
8646,Wagen,Rapperswil-Jona,3340,SG,100,47.23377,8.88367,de
8700,Küsnacht ZH,Küsnacht (ZH),154,ZH,100,47.32000,8.58824,de
8702,Zollikon,Zollikon,161,ZH,100,47.34084,8.57505,de
8703,Erlenbach ZH,Erlenbach (ZH),151,ZH,99,47.30318,8.59879,de
8703,Erlenbach ZH,Herrliberg,152,ZH,0,47.29374,8.60406,de
8704,Herrliberg,Herrliberg,152,ZH,100,47.28956,8.61465,de
8706,Meilen,Meilen,156,ZH,100,47.27253,8.64449,de
8707,Uetikon am See,Uetikon am See,159,ZH,100,47.26688,8.68123,de
8708,Männedorf,Männedorf,155,ZH,100,47.25623,8.69627,de
8712,Stäfa,Stäfa,158,ZH,100,47.24259,8.72685,de
8713,Uerikon,Stäfa,158,ZH,100,47.23742,8.75520,de
8714,Feldbach,Hombrechtikon,153,ZH,97,47.24242,8.78912,de
8714,Feldbach,Rapperswil-Jona,3340,SG,2,47.24660,8.80425,de
8715,Bollingen,Rapperswil-Jona,3340,SG,100,47.22048,8.89109,de
8716,Schmerikon,Schmerikon,3338,SG,99,47.22678,8.94605,de
8716,Schmerikon,Uznach,3339,SG,0,47.22861,8.96104,de
8717,Benken SG,Benken (SG),3312,SG,99,47.19504,9.00615,de
8717,Benken SG,Kaltbrunn,3313,SG,0,47.20644,9.00691,de
8718,Schänis,Schänis,3315,SG,100,47.15951,9.04866,de
8722,Kaltbrunn,Kaltbrunn,3313,SG,99,47.21369,9.02642,de
8722,Kaltbrunn,Schänis,3315,SG,0,47.20225,9.05227,de
8723,Maseltrangen,Schänis,3315,SG,100,47.19251,9.05631,de
8723,Rufi,Schänis,3315,SG,100,47.18233,9.05344,de
8725,Ernetschwil,Gommiswald,3341,SG,99,47.23793,9.00038,de
8725,Gebertingen,Gommiswald,3341,SG,98,47.25369,9.00610,de
8725,Gebertingen,Eschenbach (SG),3342,SG,1,47.25038,8.99635,de
8725,Ernetschwil,Uznach,3339,SG,0,47.23406,8.98871,de
8726,Ricken SG,Gommiswald,3341,SG,60,47.25991,9.03647,de
8726,Ricken SG,Wattwil,3379,SG,39,47.26837,9.05446,de
8727,Walde SG,Eschenbach (SG),3342,SG,100,47.27072,9.01635,de
8730,Uznach,Uznach,3339,SG,98,47.22587,8.98393,de
8730,Uznach,Tuggen,1347,SZ,0,47.21581,8.96960,de
8730,Uznach,Gommiswald,3341,SG,0,47.22996,9.00525,de
8730,Uznach,Schmerikon,3338,SG,0,47.23330,8.95615,de
8732,Neuhaus SG,Eschenbach (SG),3342,SG,100,47.24406,8.94332,de
8733,Eschenbach SG,Eschenbach (SG),3342,SG,100,47.24165,8.92123,de
8734,Ermenswil,Eschenbach (SG),3342,SG,92,47.24586,8.88545,de
8734,Ermenswil,Rapperswil-Jona,3340,SG,7,47.24010,8.88267,de
8735,Rüeterswil,Eschenbach (SG),3342,SG,100,47.26318,8.98553,de
8735,St. Gallenkappel,Eschenbach (SG),3342,SG,100,47.24599,8.96698,de
8737,Gommiswald,Gommiswald,3341,SG,100,47.23292,9.02289,de
8738,Uetliburg SG,Gommiswald,3341,SG,100,47.23713,9.03312,de
8739,Rieden SG,Gommiswald,3341,SG,100,47.22294,9.05094,de
8750,Riedern,Glarus,1632,GL,100,47.04936,9.05084,de
8750,Glarus,Glarus,1632,GL,99,47.04186,9.06483,de
8750,Klöntal,Glarus,1632,GL,98,47.02066,8.94046,de
8750,Klöntal,Muotathal,1367,SZ,1,47.01859,8.89644,de
8750,Glarus,Glarus Süd,1631,GL,0,47.02835,9.07595,de
8751,Urnerboden,Spiringen,1218,UR,100,46.89235,8.90837,de
8752,Näfels,Glarus Nord,1630,GL,100,47.09833,9.05904,de
8753,Mollis,Glarus Nord,1630,GL,100,47.09298,9.07533,de
8754,Netstal,Glarus,1632,GL,99,47.06165,9.05553,de
8754,Netstal,Glarus Nord,1630,GL,0,47.07001,9.06652,de
8755,Ennenda,Glarus,1632,GL,99,47.03586,9.07823,de
8755,Ennenda,Glarus Süd,1631,GL,0,47.02939,9.07668,de
8756,Mitlödi,Glarus Süd,1631,GL,100,47.01127,9.07958,de
8757,Filzbach,Glarus Nord,1630,GL,100,47.12024,9.12920,de
8758,Obstalden,Glarus Nord,1630,GL,100,47.11459,9.15485,de
8762,Schwanden GL,Glarus Süd,1631,GL,100,46.99442,9.07147,de
8762,Schwändi b. Schwanden,Glarus Süd,1631,GL,100,47.00674,9.06712,de
8762,Sool,Glarus Süd,1631,GL,100,46.99979,9.08691,de
8765,Engi,Glarus Süd,1631,GL,100,46.98315,9.15268,de
8766,Matt,Glarus Süd,1631,GL,100,46.96086,9.17582,de
8767,Elm,Glarus Süd,1631,GL,100,46.91902,9.16375,de
8772,Nidfurn,Glarus Süd,1631,GL,100,46.98640,9.05505,de
8773,Haslen GL,Glarus Süd,1631,GL,100,46.98047,9.05881,de
8774,Leuggelbach,Glarus Süd,1631,GL,100,46.97674,9.04494,de
8775,Hätzingen,Glarus Süd,1631,GL,100,46.96110,9.03701,de
8775,Luchsingen,Glarus Süd,1631,GL,100,46.96716,9.03504,de
8777,Betschwanden,Glarus Süd,1631,GL,100,46.94602,9.02651,de
8777,Diesbach GL,Glarus Süd,1631,GL,100,46.95149,9.03144,de
8782,Rüti GL,Glarus Süd,1631,GL,100,46.93555,9.01468,de
8783,Linthal,Glarus Süd,1631,GL,100,46.91414,8.99499,de
8784,Braunwald,Glarus Süd,1631,GL,100,46.94269,8.99758,de
8800,Thalwil,Thalwil,141,ZH,100,47.29323,8.56195,de
8802,Kilchberg ZH,Kilchberg (ZH),135,ZH,100,47.32377,8.54394,de
8803,Rüschlikon,Rüschlikon,139,ZH,99,47.30696,8.55267,de
8803,Rüschlikon,Kilchberg (ZH),135,ZH,0,47.31539,8.55427,de
8804,Au ZH,Wädenswil,293,ZH,100,47.24291,8.64703,de
8805,Richterswil,Richterswil,138,ZH,100,47.20745,8.69859,de
8806,Bäch SZ,Freienbach,1322,SZ,68,47.20450,8.73480,de
8806,Bäch SZ,Wollerau,1323,SZ,31,47.20011,8.72001,de
8807,Freienbach,Freienbach,1322,SZ,100,47.20472,8.75583,de
8808,Pfäffikon SZ,Freienbach,1322,SZ,100,47.19953,8.77686,de
8810,Horgen,Horgen,295,ZH,100,47.25513,8.60078,de
8815,Horgenberg,Horgen,295,ZH,100,47.24729,8.58575,de
8816,Hirzel,Horgen,295,ZH,100,47.21603,8.60768,de
8820,Wädenswil,Wädenswil,293,ZH,100,47.22615,8.66823,de
8824,Schönenberg ZH,Wädenswil,293,ZH,100,47.19506,8.64467,de
8825,Hütten,Wädenswil,293,ZH,100,47.17624,8.66415,de
8832,Wilen b. Wollerau,Freienbach,1322,SZ,100,47.19724,8.73428,de
8832,Wollerau,Wollerau,1323,SZ,99,47.19537,8.71320,de
8832,Wollerau,Feusisberg,1321,SZ,0,47.18598,8.71445,de
8832,Wollerau,Freienbach,1322,SZ,0,47.19610,8.75186,de
8833,Samstagern,Richterswil,138,ZH,99,47.19392,8.68043,de
8833,Samstagern,Wollerau,1323,SZ,0,47.19547,8.69460,de
8834,Schindellegi,Feusisberg,1321,SZ,96,47.17805,8.71358,de
8834,Schindellegi,Wollerau,1323,SZ,3,47.17661,8.69186,de
8835,Feusisberg,Feusisberg,1321,SZ,100,47.18566,8.74717,de
8836,Bennau,Einsiedeln,1301,SZ,90,47.14857,8.72605,de
8836,Bennau,Oberägeri,1706,ZG,5,47.14890,8.69100,de
8836,Bennau,Feusisberg,1321,SZ,4,47.15555,8.72194,de
8840,Einsiedeln,Einsiedeln,1301,SZ,100,47.13029,8.74630,de
8840,Trachslau,Einsiedeln,1301,SZ,100,47.10299,8.72680,de
8841,Gross,Einsiedeln,1301,SZ,100,47.11489,8.77298,de
8842,Unteriberg,Unteriberg,1375,SZ,92,47.05865,8.80343,de
8842,Unteriberg,Oberiberg,1368,SZ,6,47.01463,8.82406,de
8842,Unteriberg,Schwyz,1372,SZ,0,47.00000,8.77611,de
8843,Oberiberg,Oberiberg,1368,SZ,94,47.03976,8.77876,de
8843,Oberiberg,Schwyz,1372,SZ,5,47.01293,8.73349,de
8844,Euthal,Einsiedeln,1301,SZ,99,47.09581,8.81467,de
8844,Euthal,Unteriberg,1375,SZ,0,47.07083,8.85298,de
8845,Studen SZ,Unteriberg,1375,SZ,100,47.06953,8.84270,de
8846,Willerzell,Einsiedeln,1301,SZ,99,47.13086,8.79728,de
8846,Willerzell,Altendorf,1341,SZ,0,47.14970,8.82672,de
8847,Egg SZ,Einsiedeln,1301,SZ,99,47.15961,8.77818,de
8847,Egg SZ,Feusisberg,1321,SZ,0,47.17231,8.75569,de
8849,Alpthal,Alpthal,1361,SZ,100,47.05580,8.70919,de
8852,Altendorf,Altendorf,1341,SZ,100,47.18903,8.82584,de
8853,Lachen SZ,Lachen,1344,SZ,98,47.19175,8.85540,de
8853,Lachen SZ,Wangen (SZ),1349,SZ,0,47.20235,8.86244,de
8853,Lachen SZ,Galgenen,1342,SZ,0,47.18538,8.86211,de
8854,Galgenen,Galgenen,1342,SZ,100,47.17730,8.87341,de
8854,Siebnen,Schübelbach,1346,SZ,51,47.17410,8.90380,de
8854,Siebnen,Galgenen,1342,SZ,25,47.17419,8.89246,de
8854,Siebnen,Wangen (SZ),1349,SZ,23,47.18012,8.89693,de
8855,Wangen SZ,Wangen (SZ),1349,SZ,93,47.19290,8.89174,de
8855,Wangen SZ,Tuggen,1347,SZ,5,47.19263,8.91280,de
8855,Wangen SZ,Schübelbach,1346,SZ,0,47.18383,8.91009,de
8856,Tuggen,Tuggen,1347,SZ,100,47.20181,8.94183,de
8857,Vorderthal,Vorderthal,1348,SZ,100,47.12556,8.89843,de
8858,Innerthal,Innerthal,1343,SZ,100,47.05507,8.92069,de
8862,Schübelbach,Schübelbach,1346,SZ,100,47.17392,8.92938,de
8863,Buttikon SZ,Schübelbach,1346,SZ,99,47.17422,8.95106,de
8863,Buttikon SZ,Benken (SG),3312,SG,0,47.17980,8.96238,de
8864,Reichenburg,Reichenburg,1345,SZ,100,47.16920,8.97954,de
8865,Bilten,Glarus Nord,1630,GL,100,47.15045,9.02304,de
8866,Ziegelbrücke,Glarus Nord,1630,GL,69,47.13372,9.06000,de
8866,Ziegelbrücke,Schänis,3315,SG,30,47.13658,9.06170,de
8867,Niederurnen,Glarus Nord,1630,GL,100,47.12590,9.05374,de
8868,Oberurnen,Glarus Nord,1630,GL,100,47.11497,9.05967,de
8872,Weesen,Weesen,3316,SG,67,47.13554,9.09761,de
8872,Weesen,Amden,3311,SG,21,47.14162,9.10872,de
8872,Weesen,Glarus Nord,1630,GL,11,47.12879,9.09116,de
8873,Amden,Amden,3311,SG,100,47.14940,9.15273,de
8874,Mühlehorn,Glarus Nord,1630,GL,100,47.11397,9.17642,de
8877,Murg,Quarten,3295,SG,100,47.11085,9.21325,de
8878,Quinten,Quarten,3295,SG,97,47.13023,9.21684,de
8878,Quinten,Walenstadt,3298,SG,2,47.13051,9.25211,de
8880,Walenstadt,Walenstadt,3298,SG,100,47.12378,9.31524,de
8881,Tscherlach,Walenstadt,3298,SG,100,47.11869,9.33564,de
8881,Walenstadtberg,Walenstadt,3298,SG,100,47.13754,9.28521,de
8882,Unterterzen,Quarten,3295,SG,100,47.11240,9.25011,de
8883,Quarten,Quarten,3295,SG,100,47.10666,9.23917,de
8884,Oberterzen,Quarten,3295,SG,100,47.10017,9.25908,de
8885,Mols,Quarten,3295,SG,100,47.11178,9.28070,de
8886,Mädris-Vermol,Mels,3293,SG,100,47.04648,9.37997,de
8887,Mels,Mels,3293,SG,100,47.04570,9.42065,de
8888,Heiligkreuz (Mels),Mels,3293,SG,99,47.05841,9.41402,de
8888,Heiligkreuz (Mels),Sargans,3296,SG,0,47.05602,9.42063,de
8888,Heiligkreuz (Mels),Flums,3292,SG,0,47.07309,9.39151,de
8889,Plons,Mels,3293,SG,100,47.05850,9.39500,de
8890,Flums,Flums,3292,SG,99,47.09278,9.34308,de
8890,Flums,Walenstadt,3298,SG,0,47.10029,9.34739,de
8892,Berschis,Walenstadt,3298,SG,99,47.10678,9.34541,de
8892,Berschis,Flums,3292,SG,0,47.09960,9.35837,de
8893,Flums Hochwiese,Flums,3292,SG,99,47.08483,9.36946,de
8893,Flums Hochwiese,Walenstadt,3298,SG,0,47.08797,9.37592,de
8894,Flumserberg Saxli,Flums,3292,SG,100,47.07331,9.35199,de
8895,Flumserberg Portels,Flums,3292,SG,100,47.07941,9.33434,de
8896,Flumserberg Bergheim,Flums,3292,SG,95,47.09390,9.31356,de
8896,Flumserberg Bergheim,Quarten,3295,SG,4,47.09972,9.28781,de
8896,Flumserberg Bergheim,Walenstadt,3298,SG,0,47.10439,9.30668,de
8897,Flumserberg Tannenheim,Flums,3292,SG,100,47.08682,9.30324,de
8898,Flumserberg Tannenbodenalp,Quarten,3295,SG,90,47.09364,9.28186,de
8898,Flumserberg Tannenbodenalp,Flums,3292,SG,9,47.06488,9.25469,de
8902,Urdorf,Urdorf,250,ZH,98,47.38653,8.42536,de
8902,Urdorf,Schlieren,247,ZH,1,47.39051,8.43473,de
8903,Birmensdorf ZH,Birmensdorf (ZH),242,ZH,100,47.35532,8.44306,de
8904,Aesch ZH,Aesch (ZH),241,ZH,100,47.33676,8.44028,de
8905,Arni AG,Arni (AG),4061,AG,100,47.31768,8.42192,de
8905,Islisberg,Islisberg,4084,AG,100,47.32295,8.43933,de
8906,Bonstetten,Bonstetten,3,ZH,100,47.31978,8.47045,de
8907,Wettswil,Wettswil am Albis,14,ZH,100,47.33530,8.47554,de
8908,Hedingen,Hedingen,5,ZH,100,47.29792,8.44842,de
8909,Zwillikon,Affoltern am Albis,2,ZH,100,47.28835,8.43472,de
8910,Affoltern am Albis,Affoltern am Albis,2,ZH,99,47.27831,8.45278,de
8910,Affoltern am Albis,Obfelden,10,ZH,0,47.27133,8.43854,de
8911,Rifferswil,Rifferswil,12,ZH,100,47.24416,8.49561,de
8912,Obfelden,Obfelden,10,ZH,100,47.26404,8.42306,de
8913,Ottenbach,Ottenbach,11,ZH,100,47.28059,8.40614,de
8914,Aeugst am Albis,Aeugst am Albis,1,ZH,100,47.26849,8.48553,de
8914,Aeugstertal,Aeugst am Albis,1,ZH,100,47.28316,8.48734,de
8915,Hausen am Albis,Hausen am Albis,4,ZH,100,47.24548,8.53242,de
8916,Jonen,Jonen,4071,AG,100,47.29742,8.39379,de
8917,Oberlunkhofen,Oberlunkhofen,4073,AG,100,47.31197,8.39258,de
8918,Unterlunkhofen,Unterlunkhofen,4079,AG,100,47.32209,8.38124,de
8919,Rottenschwil,Rottenschwil,4238,AG,100,47.31448,8.36328,de
8925,Ebertswil,Hausen am Albis,4,ZH,100,47.22662,8.55042,de
8926,Hauptikon,Kappel am Albis,6,ZH,100,47.23051,8.49556,de
8926,Kappel am Albis,Kappel am Albis,6,ZH,100,47.22804,8.52902,de
8926,Uerzlikon,Kappel am Albis,6,ZH,100,47.22178,8.49800,de
8932,Mettmenstetten,Mettmenstetten,9,ZH,100,47.24591,8.46427,de
8933,Maschwanden,Maschwanden,8,ZH,100,47.23451,8.42673,de
8934,Knonau,Knonau,7,ZH,100,47.22315,8.46183,de
8942,Oberrieden,Oberrieden,137,ZH,100,47.27577,8.57661,de
8951,Fahrweid,Weiningen (ZH),251,ZH,49,47.40910,8.41470,de
8951,Fahrweid,Geroldswil,244,ZH,36,47.41286,8.41437,de
8951,Fahrweid,Unterengstringen,249,ZH,14,47.40448,8.41470,de
8952,Schlieren,Schlieren,247,ZH,99,47.39801,8.44592,de
8952,Schlieren,Zürich,261,ZH,0,47.40125,8.46740,de
8953,Dietikon,Dietikon,243,ZH,99,47.40201,8.39926,de
8953,Dietikon,Spreitenbach,4040,AG,0,47.40492,8.38195,de
8954,Geroldswil,Geroldswil,244,ZH,100,47.42313,8.41049,de
8955,Oetwil an der Limmat,Oetwil an der Limmat,246,ZH,100,47.42853,8.39657,de
8956,Killwangen,Killwangen,4030,AG,100,47.43163,8.34988,de
8957,Spreitenbach,Spreitenbach,4040,AG,100,47.41949,8.36689,de
8962,Bergdietikon,Bergdietikon,4023,AG,100,47.39285,8.38455,de
8964,Rudolfstetten,Rudolfstetten-Friedlisberg,4075,AG,99,47.36822,8.37872,de
8964,Rudolfstetten,Berikon,4062,AG,0,47.35925,8.38753,de
8965,Berikon,Berikon,4062,AG,100,47.35420,8.37035,de
8966,Oberwil-Lieli,Oberwil-Lieli,4074,AG,100,47.33884,8.39339,de
8967,Widen,Widen,4081,AG,99,47.36722,8.35918,de
8967,Widen,Bergdietikon,4023,AG,0,47.38509,8.36498,de
8967,Widen,Bellikon,4022,AG,0,47.37665,8.35464,de
9000,St. Gallen,St. Gallen,3203,SG,100,47.42345,9.37280,de
9008,St. Gallen,St. Gallen,3203,SG,91,47.43855,9.38950,de
9008,St. Gallen,Wittenbach,3204,SG,8,47.44501,9.39381,de
9010,St. Gallen,St. Gallen,3203,SG,100,47.43911,9.37739,de
9011,St. Gallen,St. Gallen,3203,SG,100,47.41686,9.39222,de
9012,St. Gallen,St. Gallen,3203,SG,96,47.40940,9.36352,de
9012,St. Gallen,Teufen (AR),3024,AR,3,47.40631,9.36949,de
9014,St. Gallen,St. Gallen,3203,SG,99,47.40659,9.33402,de
9014,St. Gallen,Stein (AR),3005,AR,0,47.40067,9.32680,de
9015,St. Gallen,St. Gallen,3203,SG,95,47.40467,9.30651,de
9015,St. Gallen,Gossau (SG),3443,SG,4,47.40615,9.28872,de
9016,St. Gallen,St. Gallen,3203,SG,100,47.43966,9.40997,de
9030,St. Josefen,Gaiserwald,3442,SG,100,47.42486,9.33559,de
9030,Abtwil SG,Gaiserwald,3442,SG,99,47.42427,9.32096,de
9030,Abtwil SG,St. Gallen,3203,SG,0,47.41912,9.32764,de
9030,Abtwil SG,Gossau (SG),3443,SG,0,47.42732,9.29588,de
9032,Engelburg,Gaiserwald,3442,SG,98,47.44127,9.34644,de
9032,Engelburg,Waldkirch,3444,SG,1,47.45369,9.32496,de
9033,Untereggen,Untereggen,3219,SG,100,47.45233,9.44857,de
9034,Eggersriet,Eggersriet,3212,SG,99,47.44203,9.46925,de
9034,Eggersriet,Rehetobel,3034,AR,0,47.43623,9.46646,de
9035,Grub AR,Grub (AR),3031,AR,99,47.44519,9.50795,de
9035,Grub AR,Eggersriet,3212,SG,0,47.44395,9.49834,de
9036,Grub SG,Eggersriet,3212,SG,98,47.45357,9.51241,de
9036,Grub SG,Heiden,3032,AR,1,47.45616,9.52857,de
9037,Speicherschwendi,Speicher,3023,AR,92,47.42584,9.43903,de
9037,Speicherschwendi,St. Gallen,3203,SG,5,47.42470,9.43172,de
9037,Speicherschwendi,Eggersriet,3212,SG,0,47.43209,9.45169,de
9037,Speicherschwendi,Rehetobel,3034,AR,0,47.43084,9.45282,de
9038,Rehetobel,Rehetobel,3034,AR,94,47.42667,9.48185,de
9038,Rehetobel,Grub (AR),3031,AR,4,47.43170,9.51330,de
9038,Rehetobel,Heiden,3032,AR,0,47.43040,9.51755,de
9042,Speicher,Speicher,3023,AR,97,47.41225,9.44329,de
9042,Speicher,St. Gallen,3203,SG,2,47.41872,9.42748,de
9042,Speicher,Teufen (AR),3024,AR,0,47.39528,9.43472,de
9043,Trogen,Trogen,3025,AR,98,47.40491,9.46544,de
9043,Trogen,Bühler,3021,AR,0,47.39022,9.44903,de
9043,Trogen,Wald (AR),3036,AR,0,47.40637,9.49645,de
9043,Trogen,Gais,3022,AR,0,47.38884,9.46605,de
9044,Wald AR,Wald (AR),3036,AR,100,47.41523,9.49560,de
9050,Appenzell Eggerstanden,Schwende-Rüte,3112,AI,100,47.33297,9.46605,de
9050,Appenzell Enggenhütten,Schlatt-Haslen,3104,AI,100,47.35144,9.36084,de
9050,Appenzell Steinegg,Schwende-Rüte,3112,AI,100,47.32183,9.43576,de
9050,Appenzell Schlatt,Schlatt-Haslen,3104,AI,99,47.35468,9.39730,de
9050,Appenzell Meistersrüte,Appenzell,3101,AI,95,47.34748,9.42903,de
9050,Appenzell,Appenzell,3101,AI,58,47.33129,9.40576,de
9050,Appenzell,Schwende-Rüte,3112,AI,38,47.32738,9.41886,de
9050,Appenzell Meistersrüte,Schwende-Rüte,3112,AI,4,47.34217,9.45422,de
9050,Appenzell,Gonten,3102,AI,2,47.34098,9.38949,de
9050,Appenzell,Schlatt-Haslen,3104,AI,0,47.34720,9.39037,de
9050,Appenzell Schlatt,Appenzell,3101,AI,0,47.35500,9.41717,de
9052,Niederteufen,Teufen (AR),3024,AR,99,47.39213,9.36610,de
9052,Niederteufen,Schlatt-Haslen,3104,AI,0,47.38645,9.36221,de
9053,Teufen AR,Teufen (AR),3024,AR,98,47.39044,9.39076,de
9053,Teufen AR,Schlatt-Haslen,3104,AI,1,47.37706,9.39373,de
9054,Haslen AI,Schlatt-Haslen,3104,AI,100,47.36770,9.37331,de
9055,Bühler,Bühler,3021,AR,86,47.37472,9.42038,de
9055,Bühler,Schlatt-Haslen,3104,AI,6,47.37149,9.40025,de
9055,Bühler,Gais,3022,AR,6,47.37584,9.43923,de
9055,Bühler,Teufen (AR),3024,AR,0,47.37874,9.40163,de
9056,Gais,Gais,3022,AR,98,47.36274,9.45633,de
9056,Gais,Schlatt-Haslen,3104,AI,1,47.36538,9.43099,de
9056,Gais,Appenzell,3101,AI,0,47.35049,9.45522,de
9057,Schwende,Schwende-Rüte,3112,AI,100,47.29885,9.43465,de
9057,Wasserauen,Schwende-Rüte,3112,AI,100,47.26853,9.40304,de
9057,Weissbad,Schwende-Rüte,3112,AI,100,47.30214,9.42662,de
9058,Brülisau,Schwende-Rüte,3112,AI,99,47.29968,9.46156,de
9058,Brülisau,Altstätten,3251,SG,0,47.28377,9.48564,de
9062,Lustmühle,Teufen (AR),3024,AR,100,47.39835,9.35706,de
9063,Stein AR,Stein (AR),3005,AR,99,47.37396,9.34290,de
9063,Stein AR,Hundwil,3002,AR,0,47.35684,9.34473,de
9064,Hundwil,Hundwil,3002,AR,100,47.35789,9.31850,de
9100,Herisau,Herisau,3001,AR,99,47.38564,9.27951,de
9100,Herisau,Waldstatt,3007,AR,0,47.36038,9.26630,de
9100,Herisau,Gossau (SG),3443,SG,0,47.39998,9.29083,de
9100,Herisau,Schwellbrunn,3004,AR,0,47.36699,9.24468,de
9103,Schwellbrunn,Schwellbrunn,3004,AR,98,47.35084,9.24312,de
9103,Schwellbrunn,Urnäsch,3006,AR,0,47.33935,9.27379,de
9103,Schwellbrunn,Neckertal,3396,SG,0,47.34669,9.19681,de
9103,Schwellbrunn,Waldstatt,3007,AR,0,47.35428,9.26711,de
9104,Waldstatt,Waldstatt,3007,AR,99,47.35706,9.28447,de
9104,Waldstatt,Urnäsch,3006,AR,0,47.34126,9.27682,de
9105,Schönengrund,Neckertal,3396,SG,51,47.32925,9.22079,de
9105,Schönengrund,Schönengrund,3003,AR,43,47.32510,9.22749,de
9105,Schönengrund,Schwellbrunn,3004,AR,4,47.33345,9.23581,de
9107,Urnäsch,Urnäsch,3006,AR,84,47.31183,9.27607,de
9107,Urnäsch,Hundwil,3002,AR,13,47.32188,9.30599,de
9107,Urnäsch,Nesslau,3360,SG,0,47.25384,9.30388,de
9107,Urnäsch,Neckertal,3396,SG,0,47.29304,9.21851,de
9107,Urnäsch,Schwende-Rüte,3112,AI,0,47.28035,9.32912,de
9107,Urnäsch,Schönengrund,3003,AR,0,47.32692,9.25122,de
9107,Urnäsch,Wildhaus-Alt St. Johann,3359,SG,0,47.24867,9.32868,de
9108,Gontenbad,Gonten,3102,AI,100,47.33192,9.37079,de
9108,Jakobsbad,Gonten,3102,AI,100,47.31580,9.32843,de
9108,Gonten,Gonten,3102,AI,96,47.32772,9.34538,de
9108,Gonten,Schwende-Rüte,3112,AI,2,47.29934,9.35579,de
9108,Gonten,Hundwil,3002,AR,0,47.33120,9.32879,de
9108,Gonten,Schlatt-Haslen,3104,AI,0,47.34500,9.34682,de
9112,Schachen b. Herisau,Herisau,3001,AR,100,47.38198,9.24117,de
9113,Degersheim,Degersheim,3401,SG,93,47.37444,9.19897,de
9113,Degersheim,Neckertal,3396,SG,4,47.37137,9.17826,de
9113,Degersheim,Schwellbrunn,3004,AR,1,47.35976,9.19848,de
9113,Degersheim,Flawil,3402,SG,0,47.38575,9.21917,de
9114,Hoffeld,Neckertal,3396,SG,100,47.35885,9.17192,de
9115,Dicken,Neckertal,3396,SG,100,47.33750,9.19223,de
9116,Wolfertswil,Degersheim,3401,SG,93,47.39467,9.18070,de
9116,Wolfertswil,Neckertal,3396,SG,6,47.38372,9.16354,de
9122,Ebersol,Neckertal,3396,SG,100,47.34719,9.14941,de
9122,Mogelsberg,Neckertal,3396,SG,100,47.36119,9.13610,de
9123,Nassen,Neckertal,3396,SG,94,47.37642,9.14181,de
9123,Nassen,Lütisburg,3393,SG,5,47.39153,9.14793,de
9125,Brunnadern,Neckertal,3396,SG,100,47.33056,9.13702,de
9126,Necker,Neckertal,3396,SG,100,47.34754,9.12941,de
9127,St. Peterzell,Neckertal,3396,SG,100,47.32030,9.17666,de
9200,Gossau SG,Gossau (SG),3443,SG,98,47.41488,9.25343,de
9200,Gossau SG,Niederbüren,3422,SG,0,47.44339,9.23446,de
9200,Gossau SG,Flawil,3402,SG,0,47.41184,9.21380,de
9200,Gossau SG,Herisau,3001,AR,0,47.39648,9.23246,de
9203,Niederwil SG,Oberbüren,3424,SG,98,47.43702,9.19855,de
9203,Niederwil SG,Niederbüren,3422,SG,1,47.44658,9.21435,de
9204,Andwil SG,Andwil (SG),3441,SG,85,47.43911,9.27288,de
9204,Andwil SG,Gossau (SG),3443,SG,13,47.42803,9.26937,de
9204,Andwil SG,Waldkirch,3444,SG,1,47.45113,9.27229,de
9205,Waldkirch,Waldkirch,3444,SG,100,47.46731,9.28598,de
9212,Arnegg,Gossau (SG),3443,SG,94,47.44163,9.25563,de
9212,Arnegg,Andwil (SG),3441,SG,5,47.44609,9.26286,de
9213,Hauptwil,Hauptwil-Gottshaus,4486,TG,95,47.48054,9.25163,de
9213,Hauptwil,Waldkirch,3444,SG,4,47.47534,9.24127,de
9214,Kradolf,Kradolf-Schönenberg,4501,TG,98,47.52629,9.19992,de
9214,Kradolf,Sulgen,4506,TG,1,47.52968,9.20458,de
9215,Buhwil,Kradolf-Schönenberg,4501,TG,100,47.52670,9.16309,de
9215,Schönenberg an der Thur,Kradolf-Schönenberg,4501,TG,100,47.52119,9.19841,de
9216,Hohentannen,Hohentannen,4495,TG,100,47.50863,9.22419,de
9216,Heldswil,Hohentannen,4495,TG,97,47.52793,9.22442,de
9216,Heldswil,Erlen,4476,TG,2,47.53414,9.22977,de
9217,Neukirch an der Thur,Kradolf-Schönenberg,4501,TG,100,47.51087,9.17418,de
9220,Bischofszell,Bischofszell,4471,TG,87,47.49422,9.24127,de
9220,Bischofszell,Zihlschlacht-Sitterdorf,4511,TG,5,47.50368,9.28824,de
9220,Bischofszell,Hauptwil-Gottshaus,4486,TG,4,47.50069,9.26545,de
9220,Bischofszell,Muolen,3202,SG,2,47.50769,9.28066,de
9223,Halden,Bischofszell,4471,TG,100,47.50399,9.20820,de
9223,Schweizersholz,Bischofszell,4471,TG,92,47.50142,9.19327,de
9223,Schweizersholz,Niederhelfenschwil,3423,SG,7,47.49493,9.17954,de
9225,St. Pelagiberg,Hauptwil-Gottshaus,4486,TG,100,47.48770,9.30211,de
9225,Wilen (Gottshaus),Hauptwil-Gottshaus,4486,TG,100,47.49217,9.28236,de
9230,Flawil,Flawil,3402,SG,97,47.41368,9.18415,de
9230,Flawil,Oberuzwil,3407,SG,1,47.41660,9.16316,de
9230,Flawil,Degersheim,3401,SG,0,47.40577,9.15365,de
9230,Flawil,Oberbüren,3424,SG,0,47.41359,9.20554,de
9231,Egg (Flawil),Flawil,3402,SG,100,47.39175,9.22349,de
9240,Uzwil,Uzwil,3408,SG,100,47.43687,9.13341,de
9240,Niederglatt SG,Oberuzwil,3407,SG,96,47.42927,9.15909,de
9240,Niederglatt SG,Oberbüren,3424,SG,3,47.43171,9.17713,de
9242,Oberuzwil,Oberuzwil,3407,SG,99,47.42951,9.12512,de
9242,Oberuzwil,Uzwil,3408,SG,0,47.43011,9.13921,de
9242,Oberuzwil,Jonschwil,3405,SG,0,47.43431,9.10362,de
9243,Jonschwil,Jonschwil,3405,SG,99,47.42352,9.08760,de
9243,Jonschwil,Lütisburg,3393,SG,0,47.41301,9.08411,de
9244,Niederuzwil,Uzwil,3408,SG,98,47.44580,9.14107,de
9244,Niederuzwil,Oberuzwil,3407,SG,1,47.43687,9.14930,de
9245,Oberbüren,Oberbüren,3424,SG,99,47.45129,9.16134,de
9245,Sonnental,Oberbüren,3424,SG,99,47.45923,9.13707,de
9245,Oberbüren,Niederhelfenschwil,3423,SG,0,47.45992,9.15175,de
9245,Sonnental,Niederhelfenschwil,3423,SG,0,47.46266,9.12464,de
9246,Niederbüren,Niederbüren,3422,SG,98,47.46377,9.20747,de
9246,Niederbüren,Waldkirch,3444,SG,1,47.47439,9.23903,de
9247,Henau,Uzwil,3408,SG,100,47.45380,9.11555,de
9248,Bichwil,Oberuzwil,3407,SG,100,47.42038,9.13535,de
9249,Algetshausen,Uzwil,3408,SG,100,47.44691,9.10795,de
9249,Niederstetten,Uzwil,3408,SG,100,47.45127,9.08384,de
9249,Oberstetten,Uzwil,3408,SG,100,47.44853,9.08982,de
9300,Wittenbach,Wittenbach,3204,SG,99,47.46065,9.38672,de
9300,Wittenbach,St. Gallen,3203,SG,0,47.45136,9.39828,de
9300,Wittenbach,Berg (SG),3211,SG,0,47.47537,9.39051,de
9300,Wittenbach,Waldkirch,3444,SG,0,47.45501,9.35749,de
9300,Wittenbach,Gaiserwald,3442,SG,0,47.45121,9.36202,de
9304,Bernhardzell,Waldkirch,3444,SG,100,47.46892,9.34041,de
9305,Berg SG,Berg (SG),3211,SG,99,47.48685,9.40807,de
9305,Berg SG,Steinach,3217,SG,0,47.49245,9.42002,de
9306,Freidorf TG,Roggwil (TG),4431,TG,92,47.48598,9.39456,de
9306,Freidorf TG,Berg (SG),3211,SG,7,47.48295,9.38231,de
9308,Lömmenschwil,Häggenschwil,3201,SG,89,47.49706,9.35082,de
9308,Lömmenschwil,Wittenbach,3204,SG,5,47.49215,9.36086,de
9308,Lömmenschwil,Muolen,3202,SG,4,47.50601,9.33012,de
9308,Lömmenschwil,Roggwil (TG),4431,TG,0,47.48893,9.37061,de
9312,Häggenschwil,Häggenschwil,3201,SG,100,47.49345,9.34263,de
9313,Muolen,Muolen,3202,SG,96,47.51886,9.32621,de
9313,Muolen,Zihlschlacht-Sitterdorf,4511,TG,3,47.51076,9.30663,de
9314,Steinebrunn,Egnach,4411,TG,100,47.53366,9.34625,de
9315,Winden,Egnach,4411,TG,99,47.51003,9.36550,de
9315,Neukirch (Egnach),Egnach,4411,TG,96,47.52866,9.37168,de
9315,Neukirch (Egnach),Roggwil (TG),4431,TG,3,47.52503,9.38923,de
9315,Winden,Häggenschwil,3201,SG,0,47.50879,9.35776,de
9320,Arbon,Arbon,4401,TG,100,47.51346,9.42509,de
9320,Stachen,Arbon,4401,TG,97,47.50791,9.41000,de
9320,Frasnacht,Arbon,4401,TG,87,47.52672,9.40577,de
9320,Frasnacht,Roggwil (TG),4431,TG,12,47.52065,9.40549,de
9320,Stachen,Roggwil (TG),4431,TG,2,47.51362,9.40728,de
9322,Egnach,Egnach,4411,TG,99,47.54408,9.38021,de
9322,Egnach,Salmsach,4441,TG,0,47.54472,9.33348,de
9323,Steinach,Steinach,3217,SG,100,47.50047,9.43795,de
9325,Roggwil TG,Roggwil (TG),4431,TG,100,47.50318,9.39887,de
9326,Horn,Horn,4421,TG,99,47.49328,9.46100,de
9326,Horn,Tübach,3218,SG,0,47.49145,9.45224,de
9327,Tübach,Tübach,3218,SG,99,47.48515,9.45228,de
9327,Tübach,Mörschwil,3214,SG,0,47.48380,9.44327,de
9400,Rorschach,Rorschach,3215,SG,99,47.47574,9.49272,de
9400,Rorschach,Goldach,3213,SG,0,47.47437,9.48309,de
9402,Mörschwil,Mörschwil,3214,SG,100,47.46675,9.42408,de
9403,Goldach,Goldach,3213,SG,100,47.47616,9.47012,de
9404,Rorschacherberg,Rorschacherberg,3216,SG,98,47.47110,9.50454,de
9404,Rorschacherberg,Untereggen,3219,SG,0,47.45673,9.47853,de
9404,Rorschacherberg,Thal,3237,SG,0,47.47280,9.53181,de
9405,Wienacht-Tobel,Lutzenberg,3033,AR,96,47.46553,9.53632,de
9405,Wienacht-Tobel,Rorschacherberg,3216,SG,2,47.46555,9.53012,de
9405,Wienacht-Tobel,Eggersriet,3212,SG,0,47.46419,9.52821,de
9410,Heiden,Heiden,3032,AR,98,47.44261,9.53264,de
9410,Heiden,Wolfhalden,3038,AR,1,47.43877,9.55270,de
9411,Schachen b. Reute,Reute (AR),3035,AR,100,47.42507,9.56012,de
9411,Reute AR,Reute (AR),3035,AR,97,47.41285,9.57420,de
9411,Reute AR,Berneck,3233,SG,2,47.42035,9.59446,de
9413,Oberegg,Oberegg,3111,AI,99,47.42195,9.55238,de
9413,Oberegg,Heiden,3032,AR,0,47.43177,9.54456,de
9422,Staad SG,Thal,3237,SG,98,47.47920,9.54109,de
9422,Staad SG,Rorschacherberg,3216,SG,1,47.47974,9.52927,de
9423,Altenrhein,Thal,3237,SG,100,47.49070,9.55516,de
9424,Rheineck,Rheineck,3235,SG,93,47.46721,9.58492,de
9424,Rheineck,St. Margrethen,3236,SG,6,47.46130,9.59621,de
9425,Thal,Thal,3237,SG,97,47.46853,9.56754,de
9425,Thal,Wolfhalden,3038,AR,1,47.46320,9.56093,de
9425,Thal,Rheineck,3235,SG,0,47.46764,9.57586,de
9426,Lutzenberg,Lutzenberg,3033,AR,99,47.46049,9.57564,de
9426,Lutzenberg,Rheineck,3235,SG,0,47.46274,9.57716,de
9427,Wolfhalden,Wolfhalden,3038,AR,98,47.45317,9.55689,de
9427,Wolfhalden,Heiden,3032,AR,0,47.46179,9.54657,de
9427,Wolfhalden,Walzenhausen,3037,AR,0,47.44002,9.56604,de
9427,Wolfhalden,Oberegg,3111,AI,0,47.43813,9.56649,de
9427,Wolfhalden,Lutzenberg,3033,AR,0,47.45625,9.56352,de
9428,Walzenhausen,Walzenhausen,3037,AR,99,47.44607,9.60407,de
9428,Walzenhausen,St. Margrethen,3236,SG,0,47.44244,9.63139,de
9428,Walzenhausen,Oberegg,3111,AI,0,47.43390,9.58372,de
9428,Walzenhausen,Wolfhalden,3038,AR,0,47.44460,9.57280,de
9430,St. Margrethen SG,St. Margrethen,3236,SG,100,47.45106,9.63601,de
9434,Au SG,Au (SG),3231,SG,99,47.43231,9.63476,de
9434,Au SG,Berneck,3233,SG,0,47.43320,9.62822,de
9435,Heerbrugg,Au (SG),3231,SG,66,47.41411,9.62879,de
9435,Heerbrugg,Balgach,3232,SG,20,47.40826,9.61737,de
9435,Heerbrugg,Berneck,3233,SG,7,47.41575,9.62456,de
9435,Heerbrugg,Widnau,3238,SG,5,47.40542,9.62478,de
9436,Balgach,Balgach,3232,SG,95,47.40504,9.60606,de
9436,Balgach,Oberriet (SG),3254,SG,2,47.37708,9.62112,de
9436,Balgach,Diepoldsau,3234,SG,2,47.38274,9.62412,de
9437,Marbach SG,Marbach (SG),3253,SG,99,47.39233,9.56828,de
9437,Marbach SG,Rebstein,3255,SG,0,47.39905,9.57017,de
9437,Marbach SG,Reute (AR),3035,AR,0,47.39688,9.55701,de
9442,Berneck,Berneck,3233,SG,98,47.42542,9.61428,de
9442,Büriswilen,Oberegg,3111,AI,97,47.43411,9.60587,de
9442,Büriswilen,Berneck,3233,SG,2,47.43468,9.61444,de
9442,Berneck,Oberegg,3111,AI,1,47.41463,9.60023,de
9443,Widnau,Widnau,3238,SG,95,47.40490,9.63847,de
9443,Widnau,Diepoldsau,3234,SG,4,47.39665,9.63248,de
9444,Diepoldsau,Diepoldsau,3234,SG,100,47.38545,9.65686,de
9445,Rebstein,Rebstein,3255,SG,99,47.39888,9.58497,de
9445,Rebstein,Balgach,3232,SG,0,47.40747,9.58788,de
9450,Altstätten SG,Altstätten,3251,SG,99,47.37722,9.54463,de
9450,Lüchingen,Altstätten,3251,SG,93,47.38688,9.55377,de
9450,Lüchingen,Oberegg,3111,AI,6,47.39567,9.55096,de
9450,Altstätten SG,Gais,3022,AR,0,47.38821,9.50318,de
9451,Kriessern,Oberriet (SG),3254,SG,100,47.36497,9.60946,de
9452,Hinterforst,Altstätten,3251,SG,55,47.36223,9.53094,de
9452,Hinterforst,Eichberg,3252,SG,44,47.35707,9.52871,de
9453,Eichberg,Eichberg,3252,SG,98,47.34287,9.52551,de
9453,Eichberg,Altstätten,3251,SG,1,47.34598,9.54020,de
9462,Montlingen,Oberriet (SG),3254,SG,100,47.33414,9.58565,de
9463,Oberriet SG,Oberriet (SG),3254,SG,95,47.32044,9.56301,de
9463,Oberriet SG,Altstätten,3251,SG,4,47.33349,9.53647,de
9463,Oberriet SG,Rüthi (SG),3256,SG,0,47.30550,9.54626,de
9464,Lienz,Altstätten,3251,SG,99,47.27796,9.51669,de
9464,Rüthi (Rheintal),Rüthi (SG),3256,SG,96,47.29095,9.53809,de
9464,Rüthi (Rheintal),Altstätten,3251,SG,3,47.28919,9.52095,de
9464,Lienz,Rüthi (SG),3256,SG,0,47.28667,9.52221,de
9465,Salez,Sennwald,3274,SG,100,47.23715,9.49938,de
9466,Sennwald,Sennwald,3274,SG,100,47.26063,9.50096,de
9467,Frümsen,Sennwald,3274,SG,99,47.24394,9.47110,de
9467,Frümsen,Schwende-Rüte,3112,AI,0,47.26078,9.45302,de
9468,Sax,Sennwald,3274,SG,100,47.22999,9.45430,de
9469,Haag (Rheintal),Sennwald,3274,SG,95,47.21233,9.49171,de
9469,Haag (Rheintal),Buchs (SG),3271,SG,4,47.19780,9.48229,de
9469,Haag (Rheintal),Grabs,3273,SG,0,47.19557,9.47604,de
9470,Werdenberg,Grabs,3273,SG,100,47.17103,9.46143,de
9470,Buchs SG,Buchs (SG),3271,SG,98,47.16145,9.47603,de
9470,Buchs SG,Sevelen,3275,SG,1,47.14628,9.44579,de
9470,Buchs SG,Grabs,3273,SG,0,47.17548,9.46660,de
9472,Grabs,Grabs,3273,SG,100,47.18070,9.44580,de
9472,Grabserberg,Grabs,3273,SG,100,47.17952,9.40899,de
9473,Gams,Gams,3272,SG,99,47.20557,9.44102,de
9473,Gams,Sennwald,3274,SG,0,47.21953,9.47194,de
9475,Sevelen,Sevelen,3275,SG,100,47.12347,9.48657,de
9476,Fontnas,Wartau,3276,SG,100,47.09028,9.48928,de
9476,Weite,Wartau,3276,SG,99,47.09195,9.49613,de
9476,Weite,Sevelen,3275,SG,0,47.10994,9.49230,de
9477,Trübbach,Wartau,3276,SG,100,47.07343,9.47998,de
9478,Azmoos,Wartau,3276,SG,100,47.07981,9.47478,de
9479,Gretschins,Wartau,3276,SG,100,47.09704,9.48552,de
9479,Malans SG,Wartau,3276,SG,100,47.09148,9.47723,de
9479,Oberschan,Wartau,3276,SG,100,47.09880,9.47413,de
9500,Wil SG,Wil (SG),3427,SG,98,47.46596,9.04813,de
9500,Wil SG,Kirchberg (SG),3392,SG,0,47.44098,9.05376,de
9500,Wil SG,Zuzwil (SG),3426,SG,0,47.46736,9.07280,de
9500,Wil SG,Münchwilen (TG),4746,TG,0,47.46703,9.02783,de
9502,Braunau,Braunau,4723,TG,100,47.50311,9.07021,de
9503,Lanterswil,Bussnang,4921,TG,100,47.52062,9.09664,de
9503,Stehrenberg,Bussnang,4921,TG,100,47.52269,9.08969,de
9504,Friltschen,Bussnang,4921,TG,100,47.53761,9.08520,de
9506,Lommis,Lommis,4741,TG,100,47.51666,8.99447,de
9507,Stettfurt,Stettfurt,4606,TG,100,47.52540,8.95411,de
9508,Weingarten-Kalthäusern,Lommis,4741,TG,100,47.52472,8.98313,de
9512,Rossrüti,Wil (SG),3427,SG,100,47.47688,9.06254,de
9514,Wuppenau,Wuppenau,4791,TG,99,47.49620,9.10497,de
9514,Wuppenau,Wil (SG),3427,SG,0,47.48416,9.08826,de
9515,Hosenruck,Wuppenau,4791,TG,98,47.49133,9.12760,de
9515,Hosenruck,Zuzwil (SG),3426,SG,1,47.48001,9.11569,de
9517,Mettlen,Bussnang,4921,TG,100,47.53188,9.12343,de
9523,Züberwangen,Zuzwil (SG),3426,SG,100,47.46568,9.09160,de
9524,Zuzwil SG,Zuzwil (SG),3426,SG,97,47.47513,9.11018,de
9524,Zuzwil SG,Wil (SG),3427,SG,1,47.48052,9.09538,de
9524,Zuzwil SG,Niederhelfenschwil,3423,SG,0,47.46541,9.12245,de
9525,Lenggenwil,Niederhelfenschwil,3423,SG,100,47.47520,9.14803,de
9526,Zuckenriet,Niederhelfenschwil,3423,SG,100,47.48504,9.16130,de
9527,Niederhelfenschwil,Niederhelfenschwil,3423,SG,100,47.47634,9.18629,de
9532,Rickenbach b. Wil,Rickenbach (TG),4751,TG,97,47.44858,9.04943,de
9532,Rickenbach b. Wil,Kirchberg (SG),3392,SG,2,47.44380,9.05240,de
9532,Rickenbach b. Wil,Jonschwil,3405,SG,0,47.43493,9.06389,de
9533,Dietschwil,Kirchberg (SG),3392,SG,100,47.42213,9.01632,de
9533,Kirchberg SG,Kirchberg (SG),3392,SG,100,47.41252,9.04024,de
9534,Gähwil,Kirchberg (SG),3392,SG,100,47.39546,9.00260,de
9535,Wilen b. Wil,Wilen (TG),4786,TG,99,47.45152,9.03462,de
9535,Wilen b. Wil,Rickenbach (TG),4751,TG,0,47.44812,9.03801,de
9536,Schwarzenbach SG,Jonschwil,3405,SG,98,47.44112,9.07502,de
9536,Schwarzenbach SG,Wil (SG),3427,SG,1,47.44700,9.06268,de
9536,Schwarzenbach SG,Rickenbach (TG),4751,TG,0,47.44547,9.06030,de
9536,Schwarzenbach SG,Uzwil,3408,SG,0,47.44714,9.07177,de
9542,Münchwilen TG,Münchwilen (TG),4746,TG,100,47.47824,8.99471,de
9543,St. Margarethen TG,Münchwilen (TG),4746,TG,96,47.48748,9.00231,de
9543,St. Margarethen TG,Wil (SG),3427,SG,3,47.48324,9.00743,de
9545,Wängi,Wängi,4781,TG,100,47.49954,8.95754,de
9546,Tuttwil,Wängi,4781,TG,100,47.48168,8.94528,de
9547,Wittenwil,Aadorf,4551,TG,100,47.50269,8.92212,de
9548,Matzingen,Matzingen,4591,TG,95,47.52042,8.93096,de
9548,Matzingen,Frauenfeld,4566,TG,3,47.53495,8.91601,de
9548,Matzingen,Stettfurt,4606,TG,0,47.53785,8.94373,de
9552,Bronschhofen,Wil (SG),3427,SG,100,47.47826,9.03351,de
9553,Bettwiesen,Bettwiesen,4716,TG,100,47.49697,9.02416,de
9554,Tägerschen,Tobel-Tägerschen,4776,TG,100,47.50799,9.02899,de
9555,Tobel,Tobel-Tägerschen,4776,TG,93,47.51544,9.03292,de
9555,Tobel,Affeltrangen,4711,TG,6,47.51851,9.02176,de
9556,Affeltrangen,Affeltrangen,4711,TG,100,47.52673,9.03201,de
9556,Zezikon,Affeltrangen,4711,TG,100,47.53571,9.02001,de
9562,Buch b. Märwil,Affeltrangen,4711,TG,100,47.53760,9.05570,de
9562,Märwil,Affeltrangen,4711,TG,99,47.53255,9.07294,de
9562,Märwil,Bussnang,4921,TG,0,47.54663,9.07504,de
9565,Bussnang,Bussnang,4921,TG,100,47.55786,9.08074,de
9565,Oberbussnang,Bussnang,4921,TG,100,47.54856,9.08755,de
9565,Oppikon,Bussnang,4921,TG,100,47.54974,9.05718,de
9565,Rothenhausen,Bussnang,4921,TG,100,47.54944,9.10295,de
9565,Schmidshof,Bussnang,4921,TG,100,47.54569,9.05454,de
9573,Littenheid,Sirnach,4761,TG,100,47.44094,9.00899,de
9601,Lütisburg Station,Bütschwil-Ganterschwil,3395,SG,55,47.37935,9.06676,de
9601,Lütisburg Station,Lütisburg,3393,SG,39,47.38848,9.07078,de
9601,Lütisburg Station,Mosnang,3394,SG,4,47.38642,9.05937,de
9601,Lütisburg Station,Kirchberg (SG),3392,SG,0,47.38982,9.06003,de
9602,Müselbach,Kirchberg (SG),3392,SG,100,47.39003,9.04226,de
9602,Bazenheid,Kirchberg (SG),3392,SG,98,47.41193,9.06535,de
9602,Bazenheid,Lütisburg,3393,SG,1,47.40995,9.07876,de
9604,Lütisburg,Lütisburg,3393,SG,100,47.39712,9.08923,de
9604,Unterrindal,Lütisburg,3393,SG,100,47.40843,9.09025,de
9604,Oberrindal,Oberuzwil,3407,SG,38,47.40521,9.13348,de
9604,Oberrindal,Jonschwil,3405,SG,31,47.40856,9.11780,de
9604,Oberrindal,Lütisburg,3393,SG,30,47.40473,9.12078,de
9606,Bütschwil,Bütschwil-Ganterschwil,3395,SG,100,47.35960,9.07210,de
9607,Mosnang,Mosnang,3394,SG,100,47.36214,9.04524,de
9608,Ganterschwil,Bütschwil-Ganterschwil,3395,SG,98,47.37916,9.09156,de
9608,Ganterschwil,Lütisburg,3393,SG,1,47.38030,9.11823,de
9612,Dreien,Mosnang,3394,SG,100,47.36280,9.01148,de
9613,Mühlrüti,Mosnang,3394,SG,97,47.36961,8.98738,de
9613,Mühlrüti,Kirchberg (SG),3392,SG,2,47.37799,8.98400,de
9614,Libingen,Mosnang,3394,SG,88,47.32839,9.02161,de
9614,Libingen,Bütschwil-Ganterschwil,3395,SG,11,47.34313,9.05136,de
9615,Dietfurt,Bütschwil-Ganterschwil,3395,SG,92,47.34244,9.07784,de
9615,Dietfurt,Mosnang,3394,SG,5,47.33420,9.04686,de
9615,Dietfurt,Wattwil,3379,SG,2,47.33436,9.05161,de
9620,Lichtensteig,Lichtensteig,3374,SG,63,47.32677,9.08721,de
9620,Lichtensteig,Wattwil,3379,SG,31,47.31814,9.08245,de
9620,Lichtensteig,Neckertal,3396,SG,4,47.32615,9.11502,de
9620,Lichtensteig,Bütschwil-Ganterschwil,3395,SG,0,47.33513,9.08041,de
9621,Oberhelfenschwil,Neckertal,3396,SG,99,47.35424,9.10862,de
9621,Oberhelfenschwil,Bütschwil-Ganterschwil,3395,SG,0,47.33709,9.09263,de
9622,Krinau,Wattwil,3379,SG,100,47.31795,9.05338,de
9630,Wattwil,Wattwil,3379,SG,97,47.29930,9.08922,de
9630,Wattwil,Neckertal,3396,SG,1,47.30522,9.14910,de
9630,Wattwil,Mosnang,3394,SG,0,47.29866,9.01434,de
9631,Ulisbach,Wattwil,3379,SG,100,47.28545,9.10510,de
9633,Bächli (Hemberg),Neckertal,3396,SG,100,47.30494,9.20017,de
9633,Hemberg,Neckertal,3396,SG,91,47.29781,9.17387,de
9633,Hemberg,Wattwil,3379,SG,4,47.29293,9.14204,de
9633,Hemberg,Nesslau,3360,SG,2,47.27302,9.21044,de
9633,Hemberg,Ebnat-Kappel,3352,SG,2,47.27687,9.16437,de
9642,Ebnat-Kappel,Ebnat-Kappel,3352,SG,99,47.26172,9.12760,de
9642,Ebnat-Kappel,Wattwil,3379,SG,0,47.26249,9.09188,de
9643,Krummenau,Nesslau,3360,SG,97,47.24847,9.17195,de
9643,Krummenau,Ebnat-Kappel,3352,SG,2,47.24187,9.15403,de
9650,Nesslau,Nesslau,3360,SG,100,47.22280,9.19568,de
9651,Ennetbühl,Nesslau,3360,SG,100,47.24465,9.22221,de
9652,Neu St. Johann,Nesslau,3360,SG,100,47.23310,9.19325,de
9655,Stein SG,Nesslau,3360,SG,100,47.20024,9.22596,de
9656,Alt St. Johann,Wildhaus-Alt St. Johann,3359,SG,100,47.19028,9.27323,de
9657,Unterwasser,Wildhaus-Alt St. Johann,3359,SG,100,47.19896,9.31069,de
9658,Wildhaus,Wildhaus-Alt St. Johann,3359,SG,99,47.20179,9.34402,de
9658,Wildhaus,Grabs,3273,SG,0,47.17310,9.33893,de
9658,Wildhaus,Gams,3272,SG,0,47.20121,9.39182,de
